"../../../Engine/Content/EditorResources/S_Actor.ubulk" 0
"../../../Engine/Content/EditorResources/S_Actor.uasset" 1
"../../../Engine/Content/EditorResources/S_Actor.uexp" 2
"../../../Engine/Content/EditorResources/S_BoxReflectionCapture.uasset" 3
"../../../Engine/Content/EditorResources/S_BoxReflectionCapture.uexp" 4
"../../../Engine/Content/EngineResources/DefaultTexture.ubulk" 5
"../../../Engine/Content/EngineResources/DefaultTexture.uasset" 6
"../../../Engine/Content/EngineResources/DefaultTexture.uexp" 7
"../../../Engine/Content/EngineResources/DefaultTextureCube.uasset" 8
"../../../Engine/Content/EngineResources/DefaultTextureCube.uexp" 9
"../../../Engine/Content/EngineResources/DefaultVolumeTexture2D.uasset" 10
"../../../Engine/Content/EngineResources/DefaultVolumeTexture2D.uexp" 11
"../../../Engine/Content/EngineResources/DefaultVolumeTexture.uasset" 12
"../../../Engine/Content/EngineResources/DefaultVolumeTexture.uexp" 13
"../../../Engine/Content/EditorResources/S_Trigger.ubulk" 14
"../../../Engine/Content/EditorResources/S_Trigger.uasset" 15
"../../../Engine/Content/EditorResources/S_Trigger.uexp" 16
"../../../Engine/Content/EditorResources/S_TriggerBox.uasset" 17
"../../../Engine/Content/EditorResources/S_TriggerBox.uexp" 18
"../../../Engine/Content/EditorResources/S_TriggerCapsule.uasset" 19
"../../../Engine/Content/EditorResources/S_TriggerCapsule.uexp" 20
"../../../Engine/Content/EditorResources/S_TriggerSphere.uasset" 21
"../../../Engine/Content/EditorResources/S_TriggerSphere.uexp" 22
"../../../Engine/Content/EngineMeshes/Sphere.ubulk" 23
"../../../Engine/Content/EngineMeshes/Sphere.uasset" 24
"../../../Engine/Content/EngineMeshes/Sphere.uexp" 25
"../../../Engine/Content/EngineResources/GradientTexture0.uasset" 26
"../../../Engine/Content/EngineResources/GradientTexture0.uexp" 27
"../../../Engine/Content/EngineResources/Black.uasset" 28
"../../../Engine/Content/EngineResources/Black.uexp" 29
"../../../Engine/Content/VREditor/LaserPointer/VR_LaserPower_01.ubulk" 30
"../../../Engine/Content/VREditor/LaserPointer/VR_LaserPower_01.uasset" 31
"../../../Engine/Content/VREditor/LaserPointer/VR_LaserPower_01.uexp" 32
"../../../Engine/Content/VREditor/TransformGizmo/TransformGizmoMaterial.uasset" 33
"../../../Engine/Content/VREditor/TransformGizmo/TransformGizmoMaterial.uexp" 34
"../../../Engine/Content/VREditor/TransformGizmo/TranslucentTransformGizmoMaterial.uasset" 35
"../../../Engine/Content/VREditor/TransformGizmo/TranslucentTransformGizmoMaterial.uexp" 36
"../../../Engine/Content/VREditor/TransformGizmo/BoundingBoxCorner.ubulk" 37
"../../../Engine/Content/VREditor/TransformGizmo/BoundingBoxCorner.uasset" 38
"../../../Engine/Content/VREditor/TransformGizmo/BoundingBoxCorner.uexp" 39
"../../../Engine/Content/VREditor/TransformGizmo/BoundingBoxEdge.ubulk" 40
"../../../Engine/Content/VREditor/TransformGizmo/BoundingBoxEdge.uasset" 41
"../../../Engine/Content/VREditor/TransformGizmo/BoundingBoxEdge.uexp" 42
"../../../Engine/Content/VREditor/TransformGizmo/Main.uasset" 43
"../../../Engine/Content/VREditor/TransformGizmo/Main.uexp" 44
"../../../Engine/Content/VREditor/TransformGizmo/Xray.uasset" 45
"../../../Engine/Content/VREditor/TransformGizmo/Xray.uexp" 46
"../../../Engine/Content/VREditor/TransformGizmo/SM_Sequencer_Node.ubulk" 47
"../../../Engine/Content/VREditor/TransformGizmo/SM_Sequencer_Node.uasset" 48
"../../../Engine/Content/VREditor/TransformGizmo/SM_Sequencer_Node.uexp" 49
"../../../Engine/Content/EditorResources/S_Solver.ubulk" 50
"../../../Engine/Content/EditorResources/S_Solver.uasset" 51
"../../../Engine/Content/EditorResources/S_Solver.uexp" 52
"../../../Engine/Content/EditorMaterials/Camera/CineMat.uasset" 53
"../../../Engine/Content/EditorMaterials/Camera/CineMat.uexp" 54
"../../../Engine/Content/EditorMaterials/Camera/MI_CineMat_Rig.uasset" 55
"../../../Engine/Content/EditorMaterials/Camera/MI_CineMat_Rig.uexp" 56
"../../../Engine/Content/EditorMeshes/Camera/SM_CraneRig_Base.ubulk" 57
"../../../Engine/Content/EditorMeshes/Camera/SM_CraneRig_Base.uasset" 58
"../../../Engine/Content/EditorMeshes/Camera/SM_CraneRig_Base.uexp" 59
"../../../Engine/Content/EditorMeshes/Camera/SM_CraneRig_Arm.ubulk" 60
"../../../Engine/Content/EditorMeshes/Camera/SM_CraneRig_Arm.uasset" 61
"../../../Engine/Content/EditorMeshes/Camera/SM_CraneRig_Arm.uexp" 62
"../../../Engine/Content/EditorMeshes/Camera/SM_CraneRig_Mount.ubulk" 63
"../../../Engine/Content/EditorMeshes/Camera/SM_CraneRig_Mount.uasset" 64
"../../../Engine/Content/EditorMeshes/Camera/SM_CraneRig_Mount.uexp" 65
"../../../Engine/Content/EditorMeshes/Camera/SM_CraneRig_Body.ubulk" 66
"../../../Engine/Content/EditorMeshes/Camera/SM_CraneRig_Body.uasset" 67
"../../../Engine/Content/EditorMeshes/Camera/SM_CraneRig_Body.uexp" 68
"../../../Engine/Content/EditorMeshes/Camera/SM_RailRig_Track.ubulk" 69
"../../../Engine/Content/EditorMeshes/Camera/SM_RailRig_Track.uasset" 70
"../../../Engine/Content/EditorMeshes/Camera/SM_RailRig_Track.uexp" 71
"../../../Engine/Content/EditorMeshes/Camera/SM_RailRig_Mount.ubulk" 72
"../../../Engine/Content/EditorMeshes/Camera/SM_RailRig_Mount.uasset" 73
"../../../Engine/Content/EditorMeshes/Camera/SM_RailRig_Mount.uexp" 74
"../../../Engine/Content/EngineMaterials/T_Default_Material_Grid_M.ubulk" 75
"../../../Engine/Content/EngineMaterials/T_Default_Material_Grid_M.uasset" 76
"../../../Engine/Content/EngineMaterials/T_Default_Material_Grid_M.uexp" 77
"../../../Engine/Content/EngineMaterials/T_Default_Material_Grid_N.ubulk" 78
"../../../Engine/Content/EngineMaterials/T_Default_Material_Grid_N.uasset" 79
"../../../Engine/Content/EngineMaterials/T_Default_Material_Grid_N.uexp" 80
"../../../Engine/Content/Functions/Engine_MaterialFunctions01/Opacity/CameraDepthFade.uasset" 81
"../../../Engine/Content/Functions/Engine_MaterialFunctions01/Opacity/CameraDepthFade.uexp" 82
"../../../Engine/Content/EngineMaterials/WorldGridMaterial.uasset" 83
"../../../Engine/Content/EngineMaterials/WorldGridMaterial.uexp" 84
"../../../Engine/Content/ArtTools/RenderToTexture/Meshes/S_1_Unit_Plane.ubulk" 85
"../../../Engine/Content/ArtTools/RenderToTexture/Meshes/S_1_Unit_Plane.uasset" 86
"../../../Engine/Content/ArtTools/RenderToTexture/Meshes/S_1_Unit_Plane.uexp" 87
"../../../Engine/Content/EditorMaterials/ParticleSystems/PSysThumbnail_NoImage.ubulk" 88
"../../../Engine/Content/EditorMaterials/ParticleSystems/PSysThumbnail_NoImage.uasset" 89
"../../../Engine/Content/EditorMaterials/ParticleSystems/PSysThumbnail_NoImage.uexp" 90
"../../../Engine/Content/EditorMaterials/ParticleSystems/PSysThumbnail_OOD.ubulk" 91
"../../../Engine/Content/EditorMaterials/ParticleSystems/PSysThumbnail_OOD.uasset" 92
"../../../Engine/Content/EditorMaterials/ParticleSystems/PSysThumbnail_OOD.uexp" 93
"../../../Engine/Content/EditorLandscapeResources/SplineEditorMeshMat.uasset" 94
"../../../Engine/Content/EditorLandscapeResources/SplineEditorMeshMat.uexp" 95
"../../../Engine/Content/EditorLandscapeResources/SplineEditorMesh.ubulk" 96
"../../../Engine/Content/EditorLandscapeResources/SplineEditorMesh.uasset" 97
"../../../Engine/Content/EditorLandscapeResources/SplineEditorMesh.uexp" 98
"../../../Engine/Plugins/Media/MediaPlate/Content/SM_MediaPlateScreen.ubulk" 99
"../../../Engine/Plugins/Media/MediaPlate/Content/SM_MediaPlateScreen.uasset" 100
"../../../Engine/Plugins/Media/MediaPlate/Content/SM_MediaPlateScreen.uexp" 101
"../../../Engine/Content/EngineMaterials/DefaultBokeh.uasset" 102
"../../../Engine/Content/EngineMaterials/DefaultBokeh.uexp" 103
"../../../Engine/Content/EngineMaterials/MiniFont.uasset" 104
"../../../Engine/Content/EngineMaterials/MiniFont.uexp" 105
"../../../Engine/Content/EngineMaterials/WeightMapPlaceholderTexture.uasset" 106
"../../../Engine/Content/EngineMaterials/WeightMapPlaceholderTexture.uexp" 107
"../../../Engine/Content/EngineMaterials/WeightMapArrayPlaceholderTexture.uasset" 108
"../../../Engine/Content/EngineMaterials/WeightMapArrayPlaceholderTexture.uexp" 109
"../../../Engine/Content/EngineMaterials/DefaultWhiteGrid.ubulk" 110
"../../../Engine/Content/EngineMaterials/DefaultWhiteGrid.uasset" 111
"../../../Engine/Content/EngineMaterials/DefaultWhiteGrid.uexp" 112
"../../../Engine/Content/EngineMaterials/PreintegratedSkinBRDF.uasset" 113
"../../../Engine/Content/EngineMaterials/PreintegratedSkinBRDF.uexp" 114
"../../../Engine/Content/Functions/Engine_MaterialFunctions02/WorldPositionOffset/CameraOffset.uasset" 115
"../../../Engine/Content/Functions/Engine_MaterialFunctions02/WorldPositionOffset/CameraOffset.uexp" 116
"../../../Engine/Plugins/Animation/ControlRig/Content/M_Manip.uasset" 117
"../../../Engine/Plugins/Animation/ControlRig/Content/M_Manip.uexp" 118
"../../../Engine/Plugins/2D/Paper2D/Content/PlaceholderTextures/DummySpriteTexture.ubulk" 119
"../../../Engine/Plugins/2D/Paper2D/Content/PlaceholderTextures/DummySpriteTexture.uasset" 120
"../../../Engine/Plugins/2D/Paper2D/Content/PlaceholderTextures/DummySpriteTexture.uexp" 121
"../../../Engine/Plugins/2D/Paper2D/Content/DefaultSpriteMaterial.uasset" 122
"../../../Engine/Plugins/2D/Paper2D/Content/DefaultSpriteMaterial.uexp" 123
"../../../Engine/Plugins/2D/Paper2D/Content/OpaqueUnlitSpriteMaterial.uasset" 124
"../../../Engine/Plugins/2D/Paper2D/Content/OpaqueUnlitSpriteMaterial.uexp" 125
"../../../Engine/Plugins/2D/Paper2D/Content/MaskedUnlitSpriteMaterial.uasset" 126
"../../../Engine/Plugins/2D/Paper2D/Content/MaskedUnlitSpriteMaterial.uexp" 127
"../../../Engine/Plugins/2D/Paper2D/Content/DummySprite.uasset" 128
"../../../Engine/Plugins/2D/Paper2D/Content/DummySprite.uexp" 129
"../../../Engine/Plugins/2D/Paper2D/Content/DefaultPaperTerrainMaterial.uasset" 130
"../../../Engine/Plugins/2D/Paper2D/Content/DefaultPaperTerrainMaterial.uexp" 131
"../../../Engine/Plugins/Runtime/MeshModelingToolset/Content/Materials/M_DynamicMeshComponentVtxColor.uasset" 132
"../../../Engine/Plugins/Runtime/MeshModelingToolset/Content/Materials/M_DynamicMeshComponentVtxColor.uexp" 133
"../../../Engine/Plugins/Interchange/Runtime/Content/Pipelines/DefaultTexturePipeline.uasset" 134
"../../../Engine/Plugins/Interchange/Runtime/Content/Pipelines/DefaultTexturePipeline.uexp" 135
"../../../Engine/Plugins/Interchange/Runtime/Content/Pipelines/DefaultSceneLevelPipeline.uasset" 136
"../../../Engine/Plugins/Interchange/Runtime/Content/Pipelines/DefaultSceneLevelPipeline.uexp" 137
"../../../Engine/Plugins/Interchange/Runtime/Content/Pipelines/DefaultSceneAssetsPipeline.uasset" 138
"../../../Engine/Plugins/Interchange/Runtime/Content/Pipelines/DefaultSceneAssetsPipeline.uexp" 139
"../../../Engine/Plugins/Interchange/Runtime/Content/Pipelines/DefaultMaterialXPipeline.uasset" 140
"../../../Engine/Plugins/Interchange/Runtime/Content/Pipelines/DefaultMaterialXPipeline.uexp" 141
"../../../Engine/Plugins/Interchange/Runtime/Content/Pipelines/DefaultMaterialPipeline.uasset" 142
"../../../Engine/Plugins/Interchange/Runtime/Content/Pipelines/DefaultMaterialPipeline.uexp" 143
"../../../Engine/Plugins/Interchange/Runtime/Content/Pipelines/DefaultGLTFSceneAssetsPipeline.uasset" 144
"../../../Engine/Plugins/Interchange/Runtime/Content/Pipelines/DefaultGLTFSceneAssetsPipeline.uexp" 145
"../../../Engine/Plugins/Interchange/Runtime/Content/Pipelines/DefaultGLTFPipeline.uasset" 146
"../../../Engine/Plugins/Interchange/Runtime/Content/Pipelines/DefaultGLTFPipeline.uexp" 147
"../../../Engine/Plugins/Interchange/Runtime/Content/Pipelines/DefaultGLTFAssetsPipeline.uasset" 148
"../../../Engine/Plugins/Interchange/Runtime/Content/Pipelines/DefaultGLTFAssetsPipeline.uexp" 149
"../../../Engine/Plugins/Interchange/Runtime/Content/Pipelines/DefaultAssetsPipeline.uasset" 150
"../../../Engine/Plugins/Interchange/Runtime/Content/Pipelines/DefaultAssetsPipeline.uexp" 151
"../../../Engine/Plugins/Interchange/Runtime/Content/Functions/MX_UsdPreviewSurface.uasset" 152
"../../../Engine/Plugins/Interchange/Runtime/Content/Functions/MX_UsdPreviewSurface.uexp" 153
"../../../Engine/Plugins/Interchange/Runtime/Content/Functions/MX_UniformEDF.uasset" 154
"../../../Engine/Plugins/Interchange/Runtime/Content/Functions/MX_UniformEDF.uexp" 155
"../../../Engine/Plugins/Interchange/Runtime/Content/Functions/MX_TranslucentBSDF.uasset" 156
"../../../Engine/Plugins/Interchange/Runtime/Content/Functions/MX_TranslucentBSDF.uexp" 157
"../../../Engine/Plugins/Interchange/Runtime/Content/Functions/MX_ThinFilmBSDF.uasset" 158
"../../../Engine/Plugins/Interchange/Runtime/Content/Functions/MX_ThinFilmBSDF.uexp" 159
"../../../Engine/Plugins/Interchange/Runtime/Content/Functions/MX_SurfaceUnlit.uasset" 160
"../../../Engine/Plugins/Interchange/Runtime/Content/Functions/MX_SurfaceUnlit.uexp" 161
"../../../Engine/Plugins/Interchange/Runtime/Content/Functions/MX_Surface.uasset" 162
"../../../Engine/Plugins/Interchange/Runtime/Content/Functions/MX_Surface.uexp" 163
"../../../Engine/Plugins/Interchange/Runtime/Content/Functions/MX_SubsurfaceBSDF.uasset" 164
"../../../Engine/Plugins/Interchange/Runtime/Content/Functions/MX_SubsurfaceBSDF.uexp" 165
"../../../Engine/Plugins/Interchange/Runtime/Content/Functions/MX_SheenBSDF.uasset" 166
"../../../Engine/Plugins/Interchange/Runtime/Content/Functions/MX_SheenBSDF.uexp" 167
"../../../Engine/Plugins/Interchange/Runtime/Content/Functions/MX_OrenNayarBSDF.uasset" 168
"../../../Engine/Plugins/Interchange/Runtime/Content/Functions/MX_OrenNayarBSDF.uexp" 169
"../../../Engine/Content/Functions/Engine_MaterialFunctions02/Utility/CameraDirectionVector.uasset" 170
"../../../Engine/Content/Functions/Engine_MaterialFunctions02/Utility/CameraDirectionVector.uexp" 171
"../../../Engine/Content/Functions/Engine_MaterialFunctions01/Volumetrics/BeersLaw.uasset" 172
"../../../Engine/Content/Functions/Engine_MaterialFunctions01/Volumetrics/BeersLaw.uexp" 173
"../../../Engine/Content/EngineMaterials/Good64x64TilingNoiseHighFreq.uasset" 174
"../../../Engine/Content/EngineMaterials/Good64x64TilingNoiseHighFreq.uexp" 175
"../../../Engine/Content/Functions/Engine_MaterialFunctions02/Texturing/ScreenAlignedPixelToPixelUVs.uasset" 176
"../../../Engine/Content/Functions/Engine_MaterialFunctions02/Texturing/ScreenAlignedPixelToPixelUVs.uexp" 177
"../../../Engine/Plugins/Interchange/Runtime/Content/gltf/MaterialFunctions/MF_Temporal_Blur.uasset" 178
"../../../Engine/Plugins/Interchange/Runtime/Content/gltf/MaterialFunctions/MF_Temporal_Blur.uexp" 179
"../../../Engine/Plugins/Interchange/Runtime/Content/gltf/MaterialFunctions/MF_Fresnel_DS.uasset" 180
"../../../Engine/Plugins/Interchange/Runtime/Content/gltf/MaterialFunctions/MF_Fresnel_DS.uexp" 181
"../../../Engine/Content/Functions/Engine_MaterialFunctions02/Utility/BreakOutFloat3Components.uasset" 182
"../../../Engine/Content/Functions/Engine_MaterialFunctions02/Utility/BreakOutFloat3Components.uexp" 183
"../../../Engine/Plugins/Interchange/Runtime/Content/Functions/MX_Transmission.uasset" 184
"../../../Engine/Plugins/Interchange/Runtime/Content/Functions/MX_Transmission.uexp" 185
"../../../Engine/Plugins/Interchange/Runtime/Content/Functions/MF_OrenNayerView.uasset" 186
"../../../Engine/Plugins/Interchange/Runtime/Content/Functions/MF_OrenNayerView.uexp" 187
"../../../Engine/Plugins/Interchange/Runtime/Content/Functions/MF_SchlickApprox.uasset" 188
"../../../Engine/Plugins/Interchange/Runtime/Content/Functions/MF_SchlickApprox.uexp" 189
"../../../Engine/Plugins/Interchange/Runtime/Content/Utilities/New_LUT.uasset" 190
"../../../Engine/Plugins/Interchange/Runtime/Content/Utilities/New_LUT.uexp" 191
"../../../Engine/Content/Functions/Engine_MaterialFunctions03/Math/RemapValueRange.uasset" 192
"../../../Engine/Content/Functions/Engine_MaterialFunctions03/Math/RemapValueRange.uexp" 193
"../../../Engine/Plugins/Interchange/Runtime/Content/Functions/MF_Iridescence.uasset" 194
"../../../Engine/Plugins/Interchange/Runtime/Content/Functions/MF_Iridescence.uexp" 195
"../../../Engine/Plugins/Interchange/Runtime/Content/Functions/MX_StandardSurface.uasset" 196
"../../../Engine/Plugins/Interchange/Runtime/Content/Functions/MX_StandardSurface.uexp" 197
"../../../Engine/Plugins/Interchange/Runtime/Content/Functions/MX_TransmissionSurface.uasset" 198
"../../../Engine/Plugins/Interchange/Runtime/Content/Functions/MX_TransmissionSurface.uexp" 199
"../../../Engine/Plugins/Interchange/Runtime/Content/Functions/MX_OpenPBR_Translucent.uasset" 200
"../../../Engine/Plugins/Interchange/Runtime/Content/Functions/MX_OpenPBR_Translucent.uexp" 201
"../../../Engine/Plugins/Interchange/Runtime/Content/Functions/MX_OpenPBR_Opaque.uasset" 202
"../../../Engine/Plugins/Interchange/Runtime/Content/Functions/MX_OpenPBR_Opaque.uexp" 203
"../../../Engine/Plugins/Interchange/Runtime/Content/Functions/MX_MeasuredEDF.uasset" 204
"../../../Engine/Plugins/Interchange/Runtime/Content/Functions/MX_MeasuredEDF.uexp" 205
"../../../Engine/Plugins/Interchange/Runtime/Content/Functions/MX_GeneralizedSchlickBSDF.uasset" 206
"../../../Engine/Plugins/Interchange/Runtime/Content/Functions/MX_GeneralizedSchlickBSDF.uexp" 207
"../../../Engine/Plugins/Interchange/Runtime/Content/Functions/MX_DielectricBSDF.uasset" 208
"../../../Engine/Plugins/Interchange/Runtime/Content/Functions/MX_DielectricBSDF.uexp" 209
"../../../Engine/Plugins/Interchange/Runtime/Content/Functions/MX_ConicalEDF.uasset" 210
"../../../Engine/Plugins/Interchange/Runtime/Content/Functions/MX_ConicalEDF.uexp" 211
"../../../Engine/Plugins/Interchange/Runtime/Content/Functions/MX_ConductorBSDF.uasset" 212
"../../../Engine/Plugins/Interchange/Runtime/Content/Functions/MX_ConductorBSDF.uexp" 213
"../../../Engine/Plugins/Interchange/Runtime/Content/Functions/MX_BurleyDiffuseBSDF.uasset" 214
"../../../Engine/Plugins/Interchange/Runtime/Content/Functions/MX_BurleyDiffuseBSDF.uexp" 215
"../../../Engine/Plugins/Interchange/Runtime/Content/Functions/MX_AnisotropicVDF.uasset" 216
"../../../Engine/Plugins/Interchange/Runtime/Content/Functions/MX_AnisotropicVDF.uexp" 217
"../../../Engine/Plugins/Interchange/Runtime/Content/Functions/MX_AbsorptionVDF.uasset" 218
"../../../Engine/Plugins/Interchange/Runtime/Content/Functions/MX_AbsorptionVDF.uexp" 219
"../../../Engine/Plugins/Editor/SpeedTreeImporter/Content/SpeedTree9/game_wind_noise.ubulk" 220
"../../../Engine/Plugins/Editor/SpeedTreeImporter/Content/SpeedTree9/game_wind_noise.uasset" 221
"../../../Engine/Plugins/Editor/SpeedTreeImporter/Content/SpeedTree9/game_wind_noise.uexp" 222
"../../../Engine/Plugins/Editor/SpeedTreeImporter/Content/SpeedTree9/UnpackDirection.uasset" 223
"../../../Engine/Plugins/Editor/SpeedTreeImporter/Content/SpeedTree9/UnpackDirection.uexp" 224
"../../../Engine/Content/Functions/Engine_MaterialFunctions02/ObjectLocalBounds.uasset" 225
"../../../Engine/Content/Functions/Engine_MaterialFunctions02/ObjectLocalBounds.uexp" 226
"../../../Engine/Content/Functions/Engine_MaterialFunctions02/UVs/BoundingBoxBased_0-1_UVW.uasset" 227
"../../../Engine/Content/Functions/Engine_MaterialFunctions02/UVs/BoundingBoxBased_0-1_UVW.uexp" 228
"../../../Engine/Content/Functions/Engine_MaterialFunctions02/Utility/VectorLength.uasset" 229
"../../../Engine/Content/Functions/Engine_MaterialFunctions02/Utility/VectorLength.uexp" 230
"../../../Engine/Plugins/Editor/SpeedTreeImporter/Content/SpeedTree9/UnpackInteger3.uasset" 231
"../../../Engine/Plugins/Editor/SpeedTreeImporter/Content/SpeedTree9/UnpackInteger3.uexp" 232
"../../../Engine/Plugins/Editor/SpeedTreeImporter/Content/SpeedTree9/SpeedTreeCameraFacing.uasset" 233
"../../../Engine/Plugins/Editor/SpeedTreeImporter/Content/SpeedTree9/SpeedTreeCameraFacing.uexp" 234
"../../../Engine/Content/Functions/Engine_MaterialFunctions02/WorldPositionOffset/ObjectScale.uasset" 235
"../../../Engine/Content/Functions/Engine_MaterialFunctions02/WorldPositionOffset/ObjectScale.uexp" 236
"../../../Engine/Content/Functions/Engine_MaterialFunctions02/SafeNormalize.uasset" 237
"../../../Engine/Content/Functions/Engine_MaterialFunctions02/SafeNormalize.uexp" 238
"../../../Engine/Plugins/Editor/SpeedTreeImporter/Content/SpeedTree9/SpeedTreeWindMotion.uasset" 239
"../../../Engine/Plugins/Editor/SpeedTreeImporter/Content/SpeedTree9/SpeedTreeWindMotion.uexp" 240
"../../../Engine/Plugins/Editor/SpeedTreeImporter/Content/SpeedTree9/SpeedTreeBranchMotion.uasset" 241
"../../../Engine/Plugins/Editor/SpeedTreeImporter/Content/SpeedTree9/SpeedTreeBranchMotion.uexp" 242
"../../../Engine/Plugins/Editor/SpeedTreeImporter/Content/SpeedTree9/SpeedTreeWind.uasset" 243
"../../../Engine/Plugins/Editor/SpeedTreeImporter/Content/SpeedTree9/SpeedTreeWind.uexp" 244
"../../../Engine/Plugins/Editor/SpeedTreeImporter/Content/SpeedTree9/EmptyNormal.uasset" 245
"../../../Engine/Plugins/Editor/SpeedTreeImporter/Content/SpeedTree9/EmptyNormal.uexp" 246
"../../../Engine/Plugins/Editor/SpeedTreeImporter/Content/SpeedTree9/Empty.uasset" 247
"../../../Engine/Plugins/Editor/SpeedTreeImporter/Content/SpeedTree9/Empty.uexp" 248
"../../../Engine/Plugins/Editor/SpeedTreeImporter/Content/SpeedTree9/SpeedTreeMaster.uasset" 249
"../../../Engine/Plugins/Editor/SpeedTreeImporter/Content/SpeedTree9/SpeedTreeMaster.uexp" 250
"../../../Engine/Plugins/Editor/SpeedTreeImporter/Content/SpeedTree9/SpeedTreeBillboard.uasset" 251
"../../../Engine/Plugins/Editor/SpeedTreeImporter/Content/SpeedTree9/SpeedTreeBillboard.uexp" 252
"../../../Engine/Plugins/Editor/SpeedTreeImporter/Content/SpeedTree9/SpeedTreeBillboardMaster.uasset" 253
"../../../Engine/Plugins/Editor/SpeedTreeImporter/Content/SpeedTree9/SpeedTreeBillboardMaster.uexp" 254
"../../../Engine/Plugins/Animation/ControlRig/Content/Controls/DefaultGizmoLibraryNormalized.uasset" 255
"../../../Engine/Plugins/Animation/ControlRig/Content/Controls/DefaultGizmoLibraryNormalized.uexp" 256
"../../../Engine/Plugins/Animation/ControlRig/Content/Controls/ControlRig_Wedge_solid.ubulk" 257
"../../../Engine/Plugins/Animation/ControlRig/Content/Controls/ControlRig_Wedge_solid.uasset" 258
"../../../Engine/Plugins/Animation/ControlRig/Content/Controls/ControlRig_Wedge_solid.uexp" 259
"../../../Engine/Plugins/Animation/ControlRig/Content/Controls/ControlRig_Wedge_3mm.ubulk" 260
"../../../Engine/Plugins/Animation/ControlRig/Content/Controls/ControlRig_Wedge_3mm.uasset" 261
"../../../Engine/Plugins/Animation/ControlRig/Content/Controls/ControlRig_Wedge_3mm.uexp" 262
"../../../Engine/Plugins/Animation/ControlRig/Content/Controls/ControlRig_Wedge_1mm.ubulk" 263
"../../../Engine/Plugins/Animation/ControlRig/Content/Controls/ControlRig_Wedge_1mm.uasset" 264
"../../../Engine/Plugins/Animation/ControlRig/Content/Controls/ControlRig_Wedge_1mm.uexp" 265
"../../../Engine/Plugins/Animation/ControlRig/Content/Controls/ControlRig_Triangle_solid.ubulk" 266
"../../../Engine/Plugins/Animation/ControlRig/Content/Controls/ControlRig_Triangle_solid.uasset" 267
"../../../Engine/Plugins/Animation/ControlRig/Content/Controls/ControlRig_Triangle_solid.uexp" 268
"../../../Engine/Plugins/Animation/ControlRig/Content/Controls/ControlRig_Triangle_3mm.ubulk" 269
"../../../Engine/Plugins/Animation/ControlRig/Content/Controls/ControlRig_Triangle_3mm.uasset" 270
"../../../Engine/Plugins/Animation/ControlRig/Content/Controls/ControlRig_Triangle_3mm.uexp" 271
"../../../Engine/Plugins/Animation/ControlRig/Content/Controls/ControlRig_Triangle_1mm.ubulk" 272
"../../../Engine/Plugins/Animation/ControlRig/Content/Controls/ControlRig_Triangle_1mm.uasset" 273
"../../../Engine/Plugins/Animation/ControlRig/Content/Controls/ControlRig_Triangle_1mm.uexp" 274
"../../../Engine/Plugins/Animation/ControlRig/Content/Controls/ControlRig_Star4_solid.ubulk" 275
"../../../Engine/Plugins/Animation/ControlRig/Content/Controls/ControlRig_Star4_solid.uasset" 276
"../../../Engine/Plugins/Animation/ControlRig/Content/Controls/ControlRig_Star4_solid.uexp" 277
"../../../Engine/Plugins/Animation/ControlRig/Content/Controls/ControlRig_Star4_3mm.ubulk" 278
"../../../Engine/Plugins/Animation/ControlRig/Content/Controls/ControlRig_Star4_3mm.uasset" 279
"../../../Engine/Plugins/Animation/ControlRig/Content/Controls/ControlRig_Star4_3mm.uexp" 280
"../../../Engine/Plugins/Animation/ControlRig/Content/Controls/ControlRig_Star4_1mm.ubulk" 281
"../../../Engine/Plugins/Animation/ControlRig/Content/Controls/ControlRig_Star4_1mm.uasset" 282
"../../../Engine/Plugins/Animation/ControlRig/Content/Controls/ControlRig_Star4_1mm.uexp" 283
"../../../Engine/Plugins/Animation/ControlRig/Content/Controls/ControlRig_Square_solid.ubulk" 284
"../../../Engine/Plugins/Animation/ControlRig/Content/Controls/ControlRig_Square_solid.uasset" 285
"../../../Engine/Plugins/Animation/ControlRig/Content/Controls/ControlRig_Square_solid.uexp" 286
"../../../Engine/Plugins/Animation/ControlRig/Content/Controls/ControlRig_Square_3mm.ubulk" 287
"../../../Engine/Plugins/Animation/ControlRig/Content/Controls/ControlRig_Square_3mm.uasset" 288
"../../../Engine/Plugins/Animation/ControlRig/Content/Controls/ControlRig_Square_3mm.uexp" 289
"../../../Engine/Plugins/Animation/ControlRig/Content/Controls/ControlRig_Square_1mm.ubulk" 290
"../../../Engine/Plugins/Animation/ControlRig/Content/Controls/ControlRig_Square_1mm.uasset" 291
"../../../Engine/Plugins/Animation/ControlRig/Content/Controls/ControlRig_Square_1mm.uexp" 292
"../../../Engine/Plugins/Animation/ControlRig/Content/Controls/ControlRig_Sphere_solid.ubulk" 293
"../../../Engine/Plugins/Animation/ControlRig/Content/Controls/ControlRig_Sphere_solid.uasset" 294
"../../../Engine/Plugins/Animation/ControlRig/Content/Controls/ControlRig_Sphere_solid.uexp" 295
"../../../Engine/Plugins/Animation/ControlRig/Content/Controls/ControlRig_Sphere_3mm.ubulk" 296
"../../../Engine/Plugins/Animation/ControlRig/Content/Controls/ControlRig_Sphere_3mm.uasset" 297
"../../../Engine/Plugins/Animation/ControlRig/Content/Controls/ControlRig_Sphere_3mm.uexp" 298
"../../../Engine/Plugins/Animation/ControlRig/Content/Controls/ControlRig_Sphere_1mm.ubulk" 299
"../../../Engine/Plugins/Animation/ControlRig/Content/Controls/ControlRig_Sphere_1mm.uasset" 300
"../../../Engine/Plugins/Animation/ControlRig/Content/Controls/ControlRig_Sphere_1mm.uexp" 301
"../../../Engine/Plugins/Animation/ControlRig/Content/Controls/ControlRig_RoundedTriangle_solid.ubulk" 302
"../../../Engine/Plugins/Animation/ControlRig/Content/Controls/ControlRig_RoundedTriangle_solid.uasset" 303
"../../../Engine/Plugins/Animation/ControlRig/Content/Controls/ControlRig_RoundedTriangle_solid.uexp" 304
"../../../Engine/Plugins/Animation/ControlRig/Content/Controls/ControlRig_RoundedTriangle_3mm.ubulk" 305
"../../../Engine/Plugins/Animation/ControlRig/Content/Controls/ControlRig_RoundedTriangle_3mm.uasset" 306
"../../../Engine/Plugins/Animation/ControlRig/Content/Controls/ControlRig_RoundedTriangle_3mm.uexp" 307
"../../../Engine/Plugins/Animation/ControlRig/Content/Controls/ControlRig_RoundedTriangle_1mm.ubulk" 308
"../../../Engine/Plugins/Animation/ControlRig/Content/Controls/ControlRig_RoundedTriangle_1mm.uasset" 309
"../../../Engine/Plugins/Animation/ControlRig/Content/Controls/ControlRig_RoundedTriangle_1mm.uexp" 310
"../../../Engine/Plugins/Animation/ControlRig/Content/Controls/ControlRig_RoundedSquare_solid.ubulk" 311
"../../../Engine/Plugins/Animation/ControlRig/Content/Controls/ControlRig_RoundedSquare_solid.uasset" 312
"../../../Engine/Plugins/Animation/ControlRig/Content/Controls/ControlRig_RoundedSquare_solid.uexp" 313
"../../../Engine/Plugins/Animation/ControlRig/Content/Controls/ControlRig_RoundedSquare_3mm.ubulk" 314
"../../../Engine/Plugins/Animation/ControlRig/Content/Controls/ControlRig_RoundedSquare_3mm.uasset" 315
"../../../Engine/Plugins/Animation/ControlRig/Content/Controls/ControlRig_RoundedSquare_3mm.uexp" 316
"../../../Engine/Plugins/Animation/ControlRig/Content/Controls/ControlRig_RoundedSquare_1mm.ubulk" 317
"../../../Engine/Plugins/Animation/ControlRig/Content/Controls/ControlRig_RoundedSquare_1mm.uasset" 318
"../../../Engine/Plugins/Animation/ControlRig/Content/Controls/ControlRig_RoundedSquare_1mm.uexp" 319
"../../../Engine/Plugins/Animation/ControlRig/Content/Controls/ControlRig_QuarterCircle_solid.ubulk" 320
"../../../Engine/Plugins/Animation/ControlRig/Content/Controls/ControlRig_QuarterCircle_solid.uasset" 321
"../../../Engine/Plugins/Animation/ControlRig/Content/Controls/ControlRig_QuarterCircle_solid.uexp" 322
"../../../Engine/Plugins/Animation/ControlRig/Content/Controls/ControlRig_QuarterCircle_3mm.ubulk" 323
"../../../Engine/Plugins/Animation/ControlRig/Content/Controls/ControlRig_QuarterCircle_3mm.uasset" 324
"../../../Engine/Plugins/Animation/ControlRig/Content/Controls/ControlRig_QuarterCircle_3mm.uexp" 325
"../../../Engine/Plugins/Animation/ControlRig/Content/Controls/ControlRig_QuarterCircle_1mm.ubulk" 326
"../../../Engine/Plugins/Animation/ControlRig/Content/Controls/ControlRig_QuarterCircle_1mm.uasset" 327
"../../../Engine/Plugins/Animation/ControlRig/Content/Controls/ControlRig_QuarterCircle_1mm.uexp" 328
"../../../Engine/Plugins/Animation/ControlRig/Content/Controls/ControlRig_Pyramid_solid.ubulk" 329
"../../../Engine/Plugins/Animation/ControlRig/Content/Controls/ControlRig_Pyramid_solid.uasset" 330
"../../../Engine/Plugins/Animation/ControlRig/Content/Controls/ControlRig_Pyramid_solid.uexp" 331
"../../../Engine/Plugins/Animation/ControlRig/Content/Controls/ControlRig_Pyramid_3mm.ubulk" 332
"../../../Engine/Plugins/Animation/ControlRig/Content/Controls/ControlRig_Pyramid_3mm.uasset" 333
"../../../Engine/Plugins/Animation/ControlRig/Content/Controls/ControlRig_Pyramid_3mm.uexp" 334
"../../../Engine/Plugins/Animation/ControlRig/Content/Controls/ControlRig_Pyramid_1mm.ubulk" 335
"../../../Engine/Plugins/Animation/ControlRig/Content/Controls/ControlRig_Pyramid_1mm.uasset" 336
"../../../Engine/Plugins/Animation/ControlRig/Content/Controls/ControlRig_Pyramid_1mm.uexp" 337
"../../../Engine/Plugins/Animation/ControlRig/Content/Controls/ControlRig_Octagon_solid.ubulk" 338
"../../../Engine/Plugins/Animation/ControlRig/Content/Controls/ControlRig_Octagon_solid.uasset" 339
"../../../Engine/Plugins/Animation/ControlRig/Content/Controls/ControlRig_Octagon_solid.uexp" 340
"../../../Engine/Plugins/Animation/ControlRig/Content/Controls/ControlRig_Octagon_3mm.ubulk" 341
"../../../Engine/Plugins/Animation/ControlRig/Content/Controls/ControlRig_Octagon_3mm.uasset" 342
"../../../Engine/Plugins/Animation/ControlRig/Content/Controls/ControlRig_Octagon_3mm.uexp" 343
"../../../Engine/Plugins/Animation/ControlRig/Content/Controls/ControlRig_Octagon_1mm.ubulk" 344
"../../../Engine/Plugins/Animation/ControlRig/Content/Controls/ControlRig_Octagon_1mm.uasset" 345
"../../../Engine/Plugins/Animation/ControlRig/Content/Controls/ControlRig_Octagon_1mm.uexp" 346
"../../../Engine/Plugins/Animation/ControlRig/Content/Controls/ControlRig_Hexagon_solid.ubulk" 347
"../../../Engine/Plugins/Animation/ControlRig/Content/Controls/ControlRig_Hexagon_solid.uasset" 348
"../../../Engine/Plugins/Animation/ControlRig/Content/Controls/ControlRig_Hexagon_solid.uexp" 349
"../../../Engine/Plugins/Animation/ControlRig/Content/Controls/ControlRig_Hexagon_3mm.ubulk" 350
"../../../Engine/Plugins/Animation/ControlRig/Content/Controls/ControlRig_Hexagon_3mm.uasset" 351
"../../../Engine/Plugins/Animation/ControlRig/Content/Controls/ControlRig_Hexagon_3mm.uexp" 352
"../../../Engine/Plugins/Animation/ControlRig/Content/Controls/ControlRig_Hexagon_1mm.ubulk" 353
"../../../Engine/Plugins/Animation/ControlRig/Content/Controls/ControlRig_Hexagon_1mm.uasset" 354
"../../../Engine/Plugins/Animation/ControlRig/Content/Controls/ControlRig_Hexagon_1mm.uexp" 355
"../../../Engine/Plugins/Animation/ControlRig/Content/Controls/ControlRig_HalfCircle_solid.ubulk" 356
"../../../Engine/Plugins/Animation/ControlRig/Content/Controls/ControlRig_HalfCircle_solid.uasset" 357
"../../../Engine/Plugins/Animation/ControlRig/Content/Controls/ControlRig_HalfCircle_solid.uexp" 358
"../../../Engine/Plugins/Animation/ControlRig/Content/Controls/ControlRig_HalfCircle_3mm.ubulk" 359
"../../../Engine/Plugins/Animation/ControlRig/Content/Controls/ControlRig_HalfCircle_3mm.uasset" 360
"../../../Engine/Plugins/Animation/ControlRig/Content/Controls/ControlRig_HalfCircle_3mm.uexp" 361
"../../../Engine/Plugins/Animation/ControlRig/Content/Controls/ControlRig_HalfCircle_1mm.ubulk" 362
"../../../Engine/Plugins/Animation/ControlRig/Content/Controls/ControlRig_HalfCircle_1mm.uasset" 363
"../../../Engine/Plugins/Animation/ControlRig/Content/Controls/ControlRig_HalfCircle_1mm.uexp" 364
"../../../Engine/Plugins/Animation/ControlRig/Content/Controls/ControlRig_Diamond_solid.ubulk" 365
"../../../Engine/Plugins/Animation/ControlRig/Content/Controls/ControlRig_Diamond_solid.uasset" 366
"../../../Engine/Plugins/Animation/ControlRig/Content/Controls/ControlRig_Diamond_solid.uexp" 367
"../../../Engine/Plugins/Animation/ControlRig/Content/Controls/ControlRig_Diamond_3mm.ubulk" 368
"../../../Engine/Plugins/Animation/ControlRig/Content/Controls/ControlRig_Diamond_3mm.uasset" 369
"../../../Engine/Plugins/Animation/ControlRig/Content/Controls/ControlRig_Diamond_3mm.uexp" 370
"../../../Engine/Plugins/Animation/ControlRig/Content/Controls/ControlRig_Diamond_1mm.ubulk" 371
"../../../Engine/Plugins/Animation/ControlRig/Content/Controls/ControlRig_Diamond_1mm.uasset" 372
"../../../Engine/Plugins/Animation/ControlRig/Content/Controls/ControlRig_Diamond_1mm.uexp" 373
"../../../Engine/Plugins/Animation/ControlRig/Content/Controls/ControlRig_Circle_solid.ubulk" 374
"../../../Engine/Plugins/Animation/ControlRig/Content/Controls/ControlRig_Circle_solid.uasset" 375
"../../../Engine/Plugins/Animation/ControlRig/Content/Controls/ControlRig_Circle_solid.uexp" 376
"../../../Engine/Plugins/Animation/ControlRig/Content/Controls/ControlRig_Circle_3mm.ubulk" 377
"../../../Engine/Plugins/Animation/ControlRig/Content/Controls/ControlRig_Circle_3mm.uasset" 378
"../../../Engine/Plugins/Animation/ControlRig/Content/Controls/ControlRig_Circle_3mm.uexp" 379
"../../../Engine/Plugins/Animation/ControlRig/Content/Controls/ControlRig_Circle_1mm.ubulk" 380
"../../../Engine/Plugins/Animation/ControlRig/Content/Controls/ControlRig_Circle_1mm.uasset" 381
"../../../Engine/Plugins/Animation/ControlRig/Content/Controls/ControlRig_Circle_1mm.uexp" 382
"../../../Engine/Plugins/Animation/ControlRig/Content/Controls/ControlRig_Box_solid.ubulk" 383
"../../../Engine/Plugins/Animation/ControlRig/Content/Controls/ControlRig_Box_solid.uasset" 384
"../../../Engine/Plugins/Animation/ControlRig/Content/Controls/ControlRig_Box_solid.uexp" 385
"../../../Engine/Plugins/Animation/ControlRig/Content/Controls/ControlRig_Box_3mm.ubulk" 386
"../../../Engine/Plugins/Animation/ControlRig/Content/Controls/ControlRig_Box_3mm.uasset" 387
"../../../Engine/Plugins/Animation/ControlRig/Content/Controls/ControlRig_Box_3mm.uexp" 388
"../../../Engine/Plugins/Animation/ControlRig/Content/Controls/ControlRig_Box_1mm.ubulk" 389
"../../../Engine/Plugins/Animation/ControlRig/Content/Controls/ControlRig_Box_1mm.uasset" 390
"../../../Engine/Plugins/Animation/ControlRig/Content/Controls/ControlRig_Box_1mm.uexp" 391
"../../../Engine/Plugins/Animation/ControlRig/Content/Controls/ControlRig_Arrow_solid.ubulk" 392
"../../../Engine/Plugins/Animation/ControlRig/Content/Controls/ControlRig_Arrow_solid.uasset" 393
"../../../Engine/Plugins/Animation/ControlRig/Content/Controls/ControlRig_Arrow_solid.uexp" 394
"../../../Engine/Plugins/Animation/ControlRig/Content/Controls/ControlRig_Arrow_3mm.ubulk" 395
"../../../Engine/Plugins/Animation/ControlRig/Content/Controls/ControlRig_Arrow_3mm.uasset" 396
"../../../Engine/Plugins/Animation/ControlRig/Content/Controls/ControlRig_Arrow_3mm.uexp" 397
"../../../Engine/Plugins/Animation/ControlRig/Content/Controls/ControlRig_Arrow_1mm.ubulk" 398
"../../../Engine/Plugins/Animation/ControlRig/Content/Controls/ControlRig_Arrow_1mm.uasset" 399
"../../../Engine/Plugins/Animation/ControlRig/Content/Controls/ControlRig_Arrow_1mm.uexp" 400
"../../../Engine/Plugins/Animation/ControlRig/Content/Controls/ControlRig_Arrow4_solid.ubulk" 401
"../../../Engine/Plugins/Animation/ControlRig/Content/Controls/ControlRig_Arrow4_solid.uasset" 402
"../../../Engine/Plugins/Animation/ControlRig/Content/Controls/ControlRig_Arrow4_solid.uexp" 403
"../../../Engine/Plugins/Animation/ControlRig/Content/Controls/ControlRig_Arrow4_3mm.ubulk" 404
"../../../Engine/Plugins/Animation/ControlRig/Content/Controls/ControlRig_Arrow4_3mm.uasset" 405
"../../../Engine/Plugins/Animation/ControlRig/Content/Controls/ControlRig_Arrow4_3mm.uexp" 406
"../../../Engine/Plugins/Animation/ControlRig/Content/Controls/ControlRig_Arrow4_1mm.ubulk" 407
"../../../Engine/Plugins/Animation/ControlRig/Content/Controls/ControlRig_Arrow4_1mm.uasset" 408
"../../../Engine/Plugins/Animation/ControlRig/Content/Controls/ControlRig_Arrow4_1mm.uexp" 409
"../../../Engine/Plugins/Animation/ControlRig/Content/Controls/ControlRig_Arrow2_solid.ubulk" 410
"../../../Engine/Plugins/Animation/ControlRig/Content/Controls/ControlRig_Arrow2_solid.uasset" 411
"../../../Engine/Plugins/Animation/ControlRig/Content/Controls/ControlRig_Arrow2_solid.uexp" 412
"../../../Engine/Plugins/Animation/ControlRig/Content/Controls/ControlRig_Arrow2_3mm.ubulk" 413
"../../../Engine/Plugins/Animation/ControlRig/Content/Controls/ControlRig_Arrow2_3mm.uasset" 414
"../../../Engine/Plugins/Animation/ControlRig/Content/Controls/ControlRig_Arrow2_3mm.uexp" 415
"../../../Engine/Plugins/Animation/ControlRig/Content/Controls/ControlRig_Arrow2_1mm.ubulk" 416
"../../../Engine/Plugins/Animation/ControlRig/Content/Controls/ControlRig_Arrow2_1mm.uasset" 417
"../../../Engine/Plugins/Animation/ControlRig/Content/Controls/ControlRig_Arrow2_1mm.uexp" 418
"../../../Engine/Plugins/Animation/ControlRig/Content/Controls/ControlRigXRayMaterial.uasset" 419
"../../../Engine/Plugins/Animation/ControlRig/Content/Controls/ControlRigXRayMaterial.uexp" 420
"../../../Engine/Plugins/Animation/ControlRig/Content/Controls/ControlRigGizmoMaterial.uasset" 421
"../../../Engine/Plugins/Animation/ControlRig/Content/Controls/ControlRigGizmoMaterial.uexp" 422
"../../../Engine/Content/VREditor/TransformGizmo/StartRotationHandleIndicator.ubulk" 423
"../../../Engine/Content/VREditor/TransformGizmo/StartRotationHandleIndicator.uasset" 424
"../../../Engine/Content/VREditor/TransformGizmo/StartRotationHandleIndicator.uexp" 425
"../../../Engine/Content/VREditor/Sounds/UI/Drop_Item_From_ContentBrowser.ubulk" 426
"../../../Engine/Content/VREditor/Sounds/UI/Drop_Item_From_ContentBrowser.uasset" 427
"../../../Engine/Content/VREditor/Sounds/UI/Drop_Item_From_ContentBrowser.uexp" 428
"../../../Engine/Content/VREditor/TransformGizmo/PlaneTranslationHandle.ubulk" 429
"../../../Engine/Content/VREditor/TransformGizmo/PlaneTranslationHandle.uasset" 430
"../../../Engine/Content/VREditor/TransformGizmo/PlaneTranslationHandle.uexp" 431
"../../../Engine/Content/VREditor/Sounds/UI/Object_Snaps_To_Grid.ubulk" 432
"../../../Engine/Content/VREditor/Sounds/UI/Object_Snaps_To_Grid.uasset" 433
"../../../Engine/Content/VREditor/Sounds/UI/Object_Snaps_To_Grid.uexp" 434
"../../../Engine/Content/VREditor/Sounds/UI/Selection_Changes.ubulk" 435
"../../../Engine/Content/VREditor/Sounds/UI/Selection_Changes.uasset" 436
"../../../Engine/Content/VREditor/Sounds/UI/Selection_Changes.uexp" 437
"../../../Engine/Content/VREditor/Sounds/UI/Object_Snaps_To_Another_Actor.ubulk" 438
"../../../Engine/Content/VREditor/Sounds/UI/Object_Snaps_To_Another_Actor.uasset" 439
"../../../Engine/Content/VREditor/Sounds/UI/Object_Snaps_To_Another_Actor.uexp" 440
"../../../Engine/Content/VREditor/TransformGizmo/TranslucentTransformGizmoMaterial_Inst.uasset" 441
"../../../Engine/Content/VREditor/TransformGizmo/TranslucentTransformGizmoMaterial_Inst.uexp" 442
"../../../Engine/Content/VREditor/TransformGizmo/TransformGizmoFreeRotation.ubulk" 443
"../../../Engine/Content/VREditor/TransformGizmo/TransformGizmoFreeRotation.uasset" 444
"../../../Engine/Content/VREditor/TransformGizmo/TransformGizmoFreeRotation.uexp" 445
"../../../Engine/Content/VREditor/Sounds/UI/Scaling_Down.ubulk" 446
"../../../Engine/Content/VREditor/Sounds/UI/Scaling_Down.uasset" 447
"../../../Engine/Content/VREditor/Sounds/UI/Scaling_Down.uexp" 448
"../../../Engine/Content/Functions/Engine_MaterialFunctions02/Math/Transform3x3Matrix.uasset" 449
"../../../Engine/Content/Functions/Engine_MaterialFunctions02/Math/Transform3x3Matrix.uexp" 450
"../../../Engine/Content/Functions/Engine_MaterialFunctions02/SplitComponents.uasset" 451
"../../../Engine/Content/Functions/Engine_MaterialFunctions02/SplitComponents.uexp" 452
"../../../Engine/Content/Functions/Engine_MaterialFunctions02/Utility/MakeFloat3.uasset" 453
"../../../Engine/Content/Functions/Engine_MaterialFunctions02/Utility/MakeFloat3.uexp" 454
"../../../Engine/Content/VREditor/SnapGrid/SnapGridMaterial.uasset" 455
"../../../Engine/Content/VREditor/SnapGrid/SnapGridMaterial.uexp" 456
"../../../Engine/Content/VREditor/SnapGrid/SnapGridPlaneMesh.ubulk" 457
"../../../Engine/Content/VREditor/SnapGrid/SnapGridPlaneMesh.uasset" 458
"../../../Engine/Content/VREditor/SnapGrid/SnapGridPlaneMesh.uexp" 459
"../../../Engine/Content/VREditor/Sounds/UI/Scaling_Up.ubulk" 460
"../../../Engine/Content/VREditor/Sounds/UI/Scaling_Up.uasset" 461
"../../../Engine/Content/VREditor/Sounds/UI/Scaling_Up.uexp" 462
"../../../Engine/Content/VREditor/TransformGizmo/TransformGizmoMaterial_Inst.uasset" 463
"../../../Engine/Content/VREditor/TransformGizmo/TransformGizmoMaterial_Inst.uexp" 464
"../../../Engine/Content/VREditor/Sounds/UI/Gizmo_Handle_Clicked.ubulk" 465
"../../../Engine/Content/VREditor/Sounds/UI/Gizmo_Handle_Clicked.uasset" 466
"../../../Engine/Content/VREditor/Sounds/UI/Gizmo_Handle_Clicked.uexp" 467
"../../../Engine/Content/VREditor/TransformGizmo/RotationHandleQuarter.ubulk" 468
"../../../Engine/Content/VREditor/TransformGizmo/RotationHandleQuarter.uasset" 469
"../../../Engine/Content/VREditor/TransformGizmo/RotationHandleQuarter.uexp" 470
"../../../Engine/Content/VREditor/TransformGizmo/TranslateArrowHandle.ubulk" 471
"../../../Engine/Content/VREditor/TransformGizmo/TranslateArrowHandle.uasset" 472
"../../../Engine/Content/VREditor/TransformGizmo/TranslateArrowHandle.uexp" 473
"../../../Engine/Content/VREditor/TransformGizmo/RotationHandleIndicator.ubulk" 474
"../../../Engine/Content/VREditor/TransformGizmo/RotationHandleIndicator.uasset" 475
"../../../Engine/Content/VREditor/TransformGizmo/RotationHandleIndicator.uexp" 476
"../../../Engine/Content/VREditor/TransformGizmo/UniformScaleHandle.ubulk" 477
"../../../Engine/Content/VREditor/TransformGizmo/UniformScaleHandle.uasset" 478
"../../../Engine/Content/VREditor/TransformGizmo/UniformScaleHandle.uexp" 479
"../../../Engine/Content/VREditor/TransformGizmo/RotationHandleFull.ubulk" 480
"../../../Engine/Content/VREditor/TransformGizmo/RotationHandleFull.uasset" 481
"../../../Engine/Content/VREditor/TransformGizmo/RotationHandleFull.uexp" 482
"../../../Engine/Content/VREditor/Sounds/UI/Object_PickUp.ubulk" 483
"../../../Engine/Content/VREditor/Sounds/UI/Object_PickUp.uasset" 484
"../../../Engine/Content/VREditor/Sounds/UI/Object_PickUp.uexp" 485
"../../../Engine/Content/EngineSounds/Master.uasset" 486
"../../../Engine/Content/EngineSounds/Master.uexp" 487
"../../../Engine/Content/EngineResources/WhiteSquareTexture.uasset" 488
"../../../Engine/Content/EngineResources/WhiteSquareTexture.uexp" 489
"../../../Engine/Content/EngineMaterials/Widget3DPassThrough.uasset" 490
"../../../Engine/Content/EngineMaterials/Widget3DPassThrough.uexp" 491
"../../../Engine/Content/EngineMaterials/Widget3DPassThrough_Translucent.uasset" 492
"../../../Engine/Content/EngineMaterials/Widget3DPassThrough_Translucent.uexp" 493
"../../../Engine/Content/EngineMaterials/Widget3DPassThrough_Translucent_OneSided.uasset" 494
"../../../Engine/Content/EngineMaterials/Widget3DPassThrough_Translucent_OneSided.uexp" 495
"../../../Engine/Content/EngineMaterials/Widget3DPassThrough_Opaque.uasset" 496
"../../../Engine/Content/EngineMaterials/Widget3DPassThrough_Opaque.uexp" 497
"../../../Engine/Content/EngineMaterials/Widget3DPassThrough_Opaque_OneSided.uasset" 498
"../../../Engine/Content/EngineMaterials/Widget3DPassThrough_Opaque_OneSided.uexp" 499
"../../../Engine/Content/EngineMaterials/Widget3DPassThrough_Masked_OneSided.uasset" 500
"../../../Engine/Content/EngineMaterials/Widget3DPassThrough_Masked_OneSided.uexp" 501
"../../../Engine/Content/EngineMaterials/Widget3DPassThrough_Masked.uasset" 502
"../../../Engine/Content/EngineMaterials/Widget3DPassThrough_Masked.uexp" 503
"../../../Engine/Content/EngineMaterials/STBlueNoise_vec2_128x128x64.uasset" 504
"../../../Engine/Content/EngineMaterials/STBlueNoise_vec2_128x128x64.uexp" 505
"../../../Engine/Content/EngineMaterials/STBlueNoise_scalar_128x128x64.uasset" 506
"../../../Engine/Content/EngineMaterials/STBlueNoise_scalar_128x128x64.uexp" 507
"../../../Engine/Content/EngineMaterials/RemoveSurfaceMaterial.uasset" 508
"../../../Engine/Content/EngineMaterials/RemoveSurfaceMaterial.uexp" 509
"../../../Engine/Content/EngineMaterials/DefaultCalibrationGrayscale.uasset" 510
"../../../Engine/Content/EngineMaterials/DefaultCalibrationGrayscale.uexp" 511
"../../../Engine/Content/EngineMaterials/PPM_DefaultCalibrationGrayscale.uasset" 512
"../../../Engine/Content/EngineMaterials/PPM_DefaultCalibrationGrayscale.uexp" 513
"../../../Engine/Content/EngineMaterials/DefaultCalibrationColor.uasset" 514
"../../../Engine/Content/EngineMaterials/DefaultCalibrationColor.uexp" 515
"../../../Engine/Content/EngineMaterials/PPM_DefaultCalibrationColor.uasset" 516
"../../../Engine/Content/EngineMaterials/PPM_DefaultCalibrationColor.uexp" 517
"../../../Engine/Content/EngineMaterials/PhAT_JointLimitMaterial.uasset" 518
"../../../Engine/Content/EngineMaterials/PhAT_JointLimitMaterial.uexp" 519
"../../../Engine/Content/EngineMaterials/NaniteHiddenSectionMaterial.uasset" 520
"../../../Engine/Content/EngineMaterials/NaniteHiddenSectionMaterial.uexp" 521
"../../../Engine/Content/EngineMaterials/InvalidLightmapSettings.ubulk" 522
"../../../Engine/Content/EngineMaterials/InvalidLightmapSettings.uasset" 523
"../../../Engine/Content/EngineMaterials/InvalidLightmapSettings.uexp" 524
"../../../Engine/Content/EngineMaterials/M_InvalidLightmapSettings.uasset" 525
"../../../Engine/Content/EngineMaterials/M_InvalidLightmapSettings.uexp" 526
"../../../Engine/Content/EngineMaterials/GizmoMaterial.uasset" 527
"../../../Engine/Content/EngineMaterials/GizmoMaterial.uexp" 528
"../../../Engine/Content/EngineMaterials/BaseFlattenEmissiveMap_VT.uasset" 529
"../../../Engine/Content/EngineMaterials/BaseFlattenEmissiveMap_VT.uexp" 530
"../../../Engine/Content/EngineMaterials/BaseFlattenGrayscaleMap_VT.uasset" 531
"../../../Engine/Content/EngineMaterials/BaseFlattenGrayscaleMap_VT.uexp" 532
"../../../Engine/Content/EngineMaterials/BaseFlattenLinearColor_VT.uasset" 533
"../../../Engine/Content/EngineMaterials/BaseFlattenLinearColor_VT.uexp" 534
"../../../Engine/Content/EngineMaterials/Black_1x1_EXR_Texture_VT.uasset" 535
"../../../Engine/Content/EngineMaterials/Black_1x1_EXR_Texture_VT.uexp" 536
"../../../Engine/Content/EngineMaterials/BaseFlattenDiffuseMap_VT.uasset" 537
"../../../Engine/Content/EngineMaterials/BaseFlattenDiffuseMap_VT.uexp" 538
"../../../Engine/Content/EngineMaterials/BaseFlattenNormalMap_VT.uasset" 539
"../../../Engine/Content/EngineMaterials/BaseFlattenNormalMap_VT.uexp" 540
"../../../Engine/Content/EngineMaterials/FlattenMaterial_WS_Normal_VT.uasset" 541
"../../../Engine/Content/EngineMaterials/FlattenMaterial_WS_Normal_VT.uexp" 542
"../../../Engine/Content/EngineMaterials/FlattenMaterial_VT.uasset" 543
"../../../Engine/Content/EngineMaterials/FlattenMaterial_VT.uexp" 544
"../../../Engine/Content/EngineMaterials/BaseFlattenNormalMap.uasset" 545
"../../../Engine/Content/EngineMaterials/BaseFlattenNormalMap.uexp" 546
"../../../Engine/Content/EngineMaterials/BaseFlattenGrayscaleMap.uasset" 547
"../../../Engine/Content/EngineMaterials/BaseFlattenGrayscaleMap.uexp" 548
"../../../Engine/Content/EngineMaterials/BaseFlattenDiffuseMap.uasset" 549
"../../../Engine/Content/EngineMaterials/BaseFlattenDiffuseMap.uexp" 550
"../../../Engine/Content/Functions/Engine_MaterialFunctions02/PivotPainter2/Black_1x1_EXR_Texture.uasset" 551
"../../../Engine/Content/Functions/Engine_MaterialFunctions02/PivotPainter2/Black_1x1_EXR_Texture.uexp" 552
"../../../Engine/Content/EngineMaterials/BaseFlattenEmissiveMap.uasset" 553
"../../../Engine/Content/EngineMaterials/BaseFlattenEmissiveMap.uexp" 554
"../../../Engine/Content/EngineMaterials/BaseFlattenLinearColor.uasset" 555
"../../../Engine/Content/EngineMaterials/BaseFlattenLinearColor.uexp" 556
"../../../Engine/Content/EngineMaterials/FlattenMaterial.uasset" 557
"../../../Engine/Content/EngineMaterials/FlattenMaterial.uexp" 558
"../../../Engine/Content/EngineMaterials/DefaultWhiteGrid_Low.uasset" 559
"../../../Engine/Content/EngineMaterials/DefaultWhiteGrid_Low.uexp" 560
"../../../Engine/Content/EngineMaterials/EmissiveMeshMaterial.uasset" 561
"../../../Engine/Content/EngineMaterials/EmissiveMeshMaterial.uexp" 562
"../../../Engine/Content/EngineFonts/RobotoDistanceField.uasset" 563
"../../../Engine/Content/EngineFonts/RobotoDistanceField.uexp" 564
"../../../Engine/Content/EngineMaterials/DefaultTextMaterialOpaque.uasset" 565
"../../../Engine/Content/EngineMaterials/DefaultTextMaterialOpaque.uexp" 566
"../../../Engine/Content/EngineMaterials/DefaultDiffuse.ubulk" 567
"../../../Engine/Content/EngineMaterials/DefaultDiffuse.uasset" 568
"../../../Engine/Content/EngineMaterials/DefaultDiffuse.uexp" 569
"../../../Engine/Content/Functions/Engine_MaterialFunctions02/Utility/BreakOutFloat2Components.uasset" 570
"../../../Engine/Content/Functions/Engine_MaterialFunctions02/Utility/BreakOutFloat2Components.uexp" 571
"../../../Engine/Content/EngineMaterials/DefaultPostProcessMaterial.uasset" 572
"../../../Engine/Content/EngineMaterials/DefaultPostProcessMaterial.uexp" 573
"../../../Engine/Content/EngineMaterials/DefaultPhysicalMaterial.uasset" 574
"../../../Engine/Content/EngineMaterials/DefaultPhysicalMaterial.uexp" 575
"../../../Engine/Content/EngineMaterials/DefaultLightFunctionMaterial.uasset" 576
"../../../Engine/Content/EngineMaterials/DefaultLightFunctionMaterial.uexp" 577
"../../../Engine/Content/EngineMaterials/DefaultDestructiblePhysicalMaterial.uasset" 578
"../../../Engine/Content/EngineMaterials/DefaultDestructiblePhysicalMaterial.uexp" 579
"../../../Engine/Content/EngineMaterials/DefaultDeferredDecalMaterial.uasset" 580
"../../../Engine/Content/EngineMaterials/DefaultDeferredDecalMaterial.uexp" 581
"../../../Engine/Content/EngineMaterials/DefaultBloomKernel.uasset" 582
"../../../Engine/Content/EngineMaterials/DefaultBloomKernel.uexp" 583
"../../../Engine/Content/EngineFonts/Faces/RobotoLight.uexp" 584
"../../../Engine/Content/EngineFonts/Faces/RobotoLight.uasset" 585
"../../../Engine/Content/EngineFonts/Faces/RobotoLight.ufont" 586
"../../../Engine/Content/EngineFonts/Faces/RobotoBold.uexp" 587
"../../../Engine/Content/EngineFonts/Faces/RobotoBold.uasset" 588
"../../../Engine/Content/EngineFonts/Faces/RobotoBold.ufont" 589
"../../../Engine/Content/EngineFonts/Faces/RobotoRegular.uexp" 590
"../../../Engine/Content/EngineFonts/Faces/RobotoRegular.uasset" 591
"../../../Engine/Content/EngineFonts/Faces/RobotoRegular.ufont" 592
"../../../Engine/Content/EngineFonts/Faces/DroidSansFallback.uexp" 593
"../../../Engine/Content/EngineFonts/Faces/DroidSansFallback.uasset" 594
"../../../Engine/Content/EngineFonts/Faces/DroidSansFallback.ufont" 595
"../../../Engine/Content/EngineFonts/Faces/RobotoItalic.uexp" 596
"../../../Engine/Content/EngineFonts/Faces/RobotoItalic.uasset" 597
"../../../Engine/Content/EngineFonts/Faces/RobotoItalic.ufont" 598
"../../../Engine/Content/EngineFonts/Faces/RobotoBoldItalic.uexp" 599
"../../../Engine/Content/EngineFonts/Faces/RobotoBoldItalic.uasset" 600
"../../../Engine/Content/EngineFonts/Faces/RobotoBoldItalic.ufont" 601
"../../../Engine/Content/EngineFonts/Roboto.uasset" 602
"../../../Engine/Content/EngineFonts/Roboto.uexp" 603
"../../../Engine/Content/EngineDebugMaterials/VolumeToRender.uasset" 604
"../../../Engine/Content/EngineDebugMaterials/VolumeToRender.uexp" 605
"../../../Engine/Content/EngineDebugMaterials/M_VolumeRenderSphereTracePP.uasset" 606
"../../../Engine/Content/EngineDebugMaterials/M_VolumeRenderSphereTracePP.uexp" 607
"../../../Engine/Content/EngineDebugMaterials/M_SimpleUnlitTranslucent.uasset" 608
"../../../Engine/Content/EngineDebugMaterials/M_SimpleUnlitTranslucent.uexp" 609
"../../../Engine/Content/EngineDebugMaterials/DebugMeshMaterial.uasset" 610
"../../../Engine/Content/EngineDebugMaterials/DebugMeshMaterial.uexp" 611
"../../../Engine/Content/EngineDebugMaterials/DebugEditorMaterial.uasset" 612
"../../../Engine/Content/EngineDebugMaterials/DebugEditorMaterial.uexp" 613
"../../../Engine/Content/EngineDamageTypes/DmgTypeBP_Environmental.uasset" 614
"../../../Engine/Content/EngineDamageTypes/DmgTypeBP_Environmental.uexp" 615
"../../../Engine/Content/EditorResources/S_Terrain.ubulk" 616
"../../../Engine/Content/EditorResources/S_Terrain.uasset" 617
"../../../Engine/Content/EditorResources/S_Terrain.uexp" 618
"../../../Engine/Content/EditorResources/EmptyActor.uasset" 619
"../../../Engine/Content/EditorResources/EmptyActor.uexp" 620
"../../../Engine/Content/EditorResources/BSPVertex.uasset" 621
"../../../Engine/Content/EditorResources/BSPVertex.uexp" 622
"../../../Engine/Content/EditorMaterials/PreviewShadowIndicator.ubulk" 623
"../../../Engine/Content/EditorMaterials/PreviewShadowIndicator.uasset" 624
"../../../Engine/Content/EditorMaterials/PreviewShadowIndicator.uexp" 625
"../../../Engine/Content/EditorMaterials/PreviewShadowIndicatorMaterial.uasset" 626
"../../../Engine/Content/EditorMaterials/PreviewShadowIndicatorMaterial.uexp" 627
"../../../Engine/Content/EditorMaterials/PhAT_UnselectedMaterial.uasset" 628
"../../../Engine/Content/EditorMaterials/PhAT_UnselectedMaterial.uexp" 629
"../../../Engine/Content/EditorMaterials/PhAT_NoCollisionMaterial.uasset" 630
"../../../Engine/Content/EditorMaterials/PhAT_NoCollisionMaterial.uexp" 631
"../../../Engine/Content/EditorLandscapeResources/DefaultAlphaTexture.uasset" 632
"../../../Engine/Content/EditorLandscapeResources/DefaultAlphaTexture.uexp" 633
"../../../Engine/Content/EditorLandscapeResources/DataLayer.uasset" 634
"../../../Engine/Content/EditorLandscapeResources/DataLayer.uexp" 635
"../../../Engine/Content/EngineMaterials/DefaultMaterial.uasset" 636
"../../../Engine/Content/EngineMaterials/DefaultMaterial.uexp" 637
"../../../Engine/Content/BasicShapes/Sphere.ubulk" 638
"../../../Engine/Content/BasicShapes/Sphere.uasset" 639
"../../../Engine/Content/BasicShapes/Sphere.uexp" 640
"../../../Engine/Content/BasicShapes/Plane.ubulk" 641
"../../../Engine/Content/BasicShapes/Plane.uasset" 642
"../../../Engine/Content/BasicShapes/Plane.uexp" 643
"../../../Engine/Content/BasicShapes/Cylinder.ubulk" 644
"../../../Engine/Content/BasicShapes/Cylinder.uasset" 645
"../../../Engine/Content/BasicShapes/Cylinder.uexp" 646
"../../../Engine/Content/BasicShapes/Cone.ubulk" 647
"../../../Engine/Content/BasicShapes/Cone.uasset" 648
"../../../Engine/Content/BasicShapes/Cone.uexp" 649
"../../../Engine/Plugins/Interchange/Runtime/Content/gltf/MaterialFunctions/MF_RotateV2.uasset" 650
"../../../Engine/Plugins/Interchange/Runtime/Content/gltf/MaterialFunctions/MF_RotateV2.uexp" 651
"../../../Engine/Plugins/Interchange/Runtime/Content/gltf/MaterialFunctions/MF_TransformUVs.uasset" 652
"../../../Engine/Plugins/Interchange/Runtime/Content/gltf/MaterialFunctions/MF_TransformUVs.uexp" 653
"../../../Engine/Plugins/Interchange/Runtime/Content/gltf/Textures/T_White_srgb.uasset" 654
"../../../Engine/Plugins/Interchange/Runtime/Content/gltf/Textures/T_White_srgb.uexp" 655
"../../../Engine/Plugins/Interchange/Runtime/Content/gltf/MaterialFunctions/MF_BaseColor.uasset" 656
"../../../Engine/Plugins/Interchange/Runtime/Content/gltf/MaterialFunctions/MF_BaseColor.uexp" 657
"../../../Engine/Plugins/Interchange/Runtime/Content/gltf/MaterialBodies/MF_Unlit_Body.uasset" 658
"../../../Engine/Plugins/Interchange/Runtime/Content/gltf/MaterialBodies/MF_Unlit_Body.uexp" 659
"../../../Engine/Plugins/Interchange/Runtime/Content/gltf/M_Unlit.uasset" 660
"../../../Engine/Plugins/Interchange/Runtime/Content/gltf/M_Unlit.uexp" 661
"../../../Engine/Plugins/Interchange/Runtime/Content/gltf/MaterialInstances/MI_Unlit_Opaque_DS.uasset" 662
"../../../Engine/Plugins/Interchange/Runtime/Content/gltf/MaterialInstances/MI_Unlit_Opaque_DS.uexp" 663
"../../../Engine/Plugins/Interchange/Runtime/Content/gltf/MaterialInstances/MI_Unlit_Opaque.uasset" 664
"../../../Engine/Plugins/Interchange/Runtime/Content/gltf/MaterialInstances/MI_Unlit_Opaque.uexp" 665
"../../../Engine/Plugins/Interchange/Runtime/Content/gltf/MaterialInstances/MI_Unlit_Mask_DS.uasset" 666
"../../../Engine/Plugins/Interchange/Runtime/Content/gltf/MaterialInstances/MI_Unlit_Mask_DS.uexp" 667
"../../../Engine/Plugins/Interchange/Runtime/Content/gltf/MaterialInstances/MI_Unlit_Mask.uasset" 668
"../../../Engine/Plugins/Interchange/Runtime/Content/gltf/MaterialInstances/MI_Unlit_Mask.uexp" 669
"../../../Engine/Plugins/Interchange/Runtime/Content/gltf/MaterialInstances/MI_Unlit_Blend_DS.uasset" 670
"../../../Engine/Plugins/Interchange/Runtime/Content/gltf/MaterialInstances/MI_Unlit_Blend_DS.uexp" 671
"../../../Engine/Plugins/Interchange/Runtime/Content/gltf/MaterialInstances/MI_Unlit_Blend.uasset" 672
"../../../Engine/Plugins/Interchange/Runtime/Content/gltf/MaterialInstances/MI_Unlit_Blend.uexp" 673
"../../../Engine/Plugins/Interchange/Runtime/Content/gltf/MaterialFunctions/MF_Iridescence.uasset" 674
"../../../Engine/Plugins/Interchange/Runtime/Content/gltf/MaterialFunctions/MF_Iridescence.uexp" 675
"../../../Engine/Plugins/Interchange/Runtime/Content/gltf/Textures/T_White_Linear.uasset" 676
"../../../Engine/Plugins/Interchange/Runtime/Content/gltf/Textures/T_White_Linear.uexp" 677
"../../../Engine/Plugins/Interchange/Runtime/Content/gltf/MaterialFunctions/MF_MetallicRoughness.uasset" 678
"../../../Engine/Plugins/Interchange/Runtime/Content/gltf/MaterialFunctions/MF_MetallicRoughness.uexp" 679
"../../../Engine/Plugins/Interchange/Runtime/Content/gltf/MaterialFunctions/MF_Transmission.uasset" 680
"../../../Engine/Plugins/Interchange/Runtime/Content/gltf/MaterialFunctions/MF_Transmission.uexp" 681
"../../../Engine/Plugins/Interchange/Runtime/Content/gltf/MaterialFunctions/MF_Occlusion.uasset" 682
"../../../Engine/Plugins/Interchange/Runtime/Content/gltf/MaterialFunctions/MF_Occlusion.uexp" 683
"../../../Engine/Plugins/Interchange/Runtime/Content/gltf/MaterialFunctions/MF_Specular.uasset" 684
"../../../Engine/Plugins/Interchange/Runtime/Content/gltf/MaterialFunctions/MF_Specular.uexp" 685
"../../../Engine/Plugins/Interchange/Runtime/Content/gltf/MaterialFunctions/MF_IOR.uasset" 686
"../../../Engine/Plugins/Interchange/Runtime/Content/gltf/MaterialFunctions/MF_IOR.uexp" 687
"../../../Engine/Plugins/Interchange/Runtime/Content/gltf/MaterialFunctions/MF_RotateNormals_TS.uasset" 688
"../../../Engine/Plugins/Interchange/Runtime/Content/gltf/MaterialFunctions/MF_RotateNormals_TS.uexp" 689
"../../../Engine/Plugins/Interchange/Runtime/Content/gltf/Textures/T_Generic_N.uasset" 690
"../../../Engine/Plugins/Interchange/Runtime/Content/gltf/Textures/T_Generic_N.uexp" 691
"../../../Engine/Plugins/Interchange/Runtime/Content/gltf/MaterialFunctions/MF_Normals.uasset" 692
"../../../Engine/Plugins/Interchange/Runtime/Content/gltf/MaterialFunctions/MF_Normals.uexp" 693
"../../../Engine/Plugins/Interchange/Runtime/Content/gltf/MaterialBodies/MF_Transmission_Body.uasset" 694
"../../../Engine/Plugins/Interchange/Runtime/Content/gltf/MaterialBodies/MF_Transmission_Body.uexp" 695
"../../../Engine/Plugins/Interchange/Runtime/Content/gltf/M_Transmission.uasset" 696
"../../../Engine/Plugins/Interchange/Runtime/Content/gltf/M_Transmission.uexp" 697
"../../../Engine/Plugins/Interchange/Runtime/Content/gltf/MaterialInstances/MI_Transmission_DS.uasset" 698
"../../../Engine/Plugins/Interchange/Runtime/Content/gltf/MaterialInstances/MI_Transmission_DS.uexp" 699
"../../../Engine/Plugins/Interchange/Runtime/Content/gltf/MaterialInstances/MI_Transmission.uasset" 700
"../../../Engine/Plugins/Interchange/Runtime/Content/gltf/MaterialInstances/MI_Transmission.uexp" 701
"../../../Engine/Plugins/Interchange/Runtime/Content/gltf/MaterialFunctions/MF_DiffuseSpecGloss.uasset" 702
"../../../Engine/Plugins/Interchange/Runtime/Content/gltf/MaterialFunctions/MF_DiffuseSpecGloss.uexp" 703
"../../../Engine/Content/Functions/Engine_MaterialFunctions02/Math/AddComponents.uasset" 704
"../../../Engine/Content/Functions/Engine_MaterialFunctions02/Math/AddComponents.uexp" 705
"../../../Engine/Plugins/Interchange/Runtime/Content/gltf/MaterialFunctions/MF_PerceivedBrightness.uasset" 706
"../../../Engine/Plugins/Interchange/Runtime/Content/gltf/MaterialFunctions/MF_PerceivedBrightness.uexp" 707
"../../../Engine/Plugins/Interchange/Runtime/Content/gltf/MaterialFunctions/MF_Emissive.uasset" 708
"../../../Engine/Plugins/Interchange/Runtime/Content/gltf/MaterialFunctions/MF_Emissive.uexp" 709
"../../../Engine/Plugins/Interchange/Runtime/Content/gltf/MaterialFunctions/MF_SpecGlossToMetalRoughness.uasset" 710
"../../../Engine/Plugins/Interchange/Runtime/Content/gltf/MaterialFunctions/MF_SpecGlossToMetalRoughness.uexp" 711
"../../../Engine/Plugins/Interchange/Runtime/Content/gltf/MaterialBodies/MF_SpecularGlossiness_Body.uasset" 712
"../../../Engine/Plugins/Interchange/Runtime/Content/gltf/MaterialBodies/MF_SpecularGlossiness_Body.uexp" 713
"../../../Engine/Plugins/Interchange/Runtime/Content/gltf/M_SpecularGlossiness.uasset" 714
"../../../Engine/Plugins/Interchange/Runtime/Content/gltf/M_SpecularGlossiness.uexp" 715
"../../../Engine/Plugins/Interchange/Runtime/Content/gltf/MaterialInstances/MI_SpecularGlossiness_Opaque_DS.uasset" 716
"../../../Engine/Plugins/Interchange/Runtime/Content/gltf/MaterialInstances/MI_SpecularGlossiness_Opaque_DS.uexp" 717
"../../../Engine/Plugins/Interchange/Runtime/Content/gltf/MaterialInstances/MI_SpecularGlossiness_Opaque.uasset" 718
"../../../Engine/Plugins/Interchange/Runtime/Content/gltf/MaterialInstances/MI_SpecularGlossiness_Opaque.uexp" 719
"../../../Engine/Plugins/Interchange/Runtime/Content/gltf/MaterialInstances/MI_SpecularGlossiness_Mask_DS.uasset" 720
"../../../Engine/Plugins/Interchange/Runtime/Content/gltf/MaterialInstances/MI_SpecularGlossiness_Mask_DS.uexp" 721
"../../../Engine/Plugins/Interchange/Runtime/Content/gltf/MaterialInstances/MI_SpecularGlossiness_Mask.uasset" 722
"../../../Engine/Plugins/Interchange/Runtime/Content/gltf/MaterialInstances/MI_SpecularGlossiness_Mask.uexp" 723
"../../../Engine/Plugins/Interchange/Runtime/Content/gltf/MaterialInstances/MI_SpecularGlossiness_Blend_DS.uasset" 724
"../../../Engine/Plugins/Interchange/Runtime/Content/gltf/MaterialInstances/MI_SpecularGlossiness_Blend_DS.uexp" 725
"../../../Engine/Plugins/Interchange/Runtime/Content/gltf/MaterialInstances/MI_SpecularGlossiness_Blend.uasset" 726
"../../../Engine/Plugins/Interchange/Runtime/Content/gltf/MaterialInstances/MI_SpecularGlossiness_Blend.uexp" 727
"../../../Engine/Plugins/Interchange/Runtime/Content/gltf/MaterialFunctions/MF_Sheen.uasset" 728
"../../../Engine/Plugins/Interchange/Runtime/Content/gltf/MaterialFunctions/MF_Sheen.uexp" 729
"../../../Engine/Plugins/Interchange/Runtime/Content/gltf/MaterialBodies/MF_Sheen_Body.uasset" 730
"../../../Engine/Plugins/Interchange/Runtime/Content/gltf/MaterialBodies/MF_Sheen_Body.uexp" 731
"../../../Engine/Plugins/Interchange/Runtime/Content/gltf/M_Sheen.uasset" 732
"../../../Engine/Plugins/Interchange/Runtime/Content/gltf/M_Sheen.uexp" 733
"../../../Engine/Plugins/Interchange/Runtime/Content/gltf/MaterialInstances/MI_Sheen_Opaque_DS.uasset" 734
"../../../Engine/Plugins/Interchange/Runtime/Content/gltf/MaterialInstances/MI_Sheen_Opaque_DS.uexp" 735
"../../../Engine/Plugins/Interchange/Runtime/Content/gltf/MaterialInstances/MI_Sheen_Opaque.uasset" 736
"../../../Engine/Plugins/Interchange/Runtime/Content/gltf/MaterialInstances/MI_Sheen_Opaque.uexp" 737
"../../../Engine/Plugins/Interchange/Runtime/Content/gltf/MaterialInstances/MI_Sheen_Mask_DS.uasset" 738
"../../../Engine/Plugins/Interchange/Runtime/Content/gltf/MaterialInstances/MI_Sheen_Mask_DS.uexp" 739
"../../../Engine/Plugins/Interchange/Runtime/Content/gltf/MaterialInstances/MI_Sheen_Mask.uasset" 740
"../../../Engine/Plugins/Interchange/Runtime/Content/gltf/MaterialInstances/MI_Sheen_Mask.uexp" 741
"../../../Engine/Plugins/Interchange/Runtime/Content/gltf/MaterialInstances/MI_Sheen_Blend_DS.uasset" 742
"../../../Engine/Plugins/Interchange/Runtime/Content/gltf/MaterialInstances/MI_Sheen_Blend_DS.uexp" 743
"../../../Engine/Plugins/Interchange/Runtime/Content/gltf/MaterialInstances/MI_Sheen_Blend.uasset" 744
"../../../Engine/Plugins/Interchange/Runtime/Content/gltf/MaterialInstances/MI_Sheen_Blend.uexp" 745
"../../../Engine/Plugins/Interchange/Runtime/Content/gltf/MaterialBodies/MF_Default_Body.uasset" 746
"../../../Engine/Plugins/Interchange/Runtime/Content/gltf/MaterialBodies/MF_Default_Body.uexp" 747
"../../../Engine/Plugins/Interchange/Runtime/Content/gltf/M_Default.uasset" 748
"../../../Engine/Plugins/Interchange/Runtime/Content/gltf/M_Default.uexp" 749
"../../../Engine/Plugins/Interchange/Runtime/Content/gltf/MaterialInstances/MI_Default_Opaque_DS.uasset" 750
"../../../Engine/Plugins/Interchange/Runtime/Content/gltf/MaterialInstances/MI_Default_Opaque_DS.uexp" 751
"../../../Engine/Plugins/Interchange/Runtime/Content/gltf/MaterialInstances/MI_Default_Opaque.uasset" 752
"../../../Engine/Plugins/Interchange/Runtime/Content/gltf/MaterialInstances/MI_Default_Opaque.uexp" 753
"../../../Engine/Plugins/Interchange/Runtime/Content/gltf/MaterialInstances/MI_Default_Mask_DS.uasset" 754
"../../../Engine/Plugins/Interchange/Runtime/Content/gltf/MaterialInstances/MI_Default_Mask_DS.uexp" 755
"../../../Engine/Plugins/Interchange/Runtime/Content/gltf/MaterialInstances/MI_Default_Mask.uasset" 756
"../../../Engine/Plugins/Interchange/Runtime/Content/gltf/MaterialInstances/MI_Default_Mask.uexp" 757
"../../../Engine/Plugins/Interchange/Runtime/Content/gltf/MaterialInstances/MI_Default_Blend_DS.uasset" 758
"../../../Engine/Plugins/Interchange/Runtime/Content/gltf/MaterialInstances/MI_Default_Blend_DS.uexp" 759
"../../../Engine/Plugins/Interchange/Runtime/Content/gltf/MaterialInstances/MI_Default_Blend.uasset" 760
"../../../Engine/Plugins/Interchange/Runtime/Content/gltf/MaterialInstances/MI_Default_Blend.uexp" 761
"../../../Engine/Content/Functions/Engine_MaterialFunctions01/Texturing/FlattenNormal.uasset" 762
"../../../Engine/Content/Functions/Engine_MaterialFunctions01/Texturing/FlattenNormal.uexp" 763
"../../../Engine/Plugins/Interchange/Runtime/Content/gltf/MaterialFunctions/MF_Clearcoat.uasset" 764
"../../../Engine/Plugins/Interchange/Runtime/Content/gltf/MaterialFunctions/MF_Clearcoat.uexp" 765
"../../../Engine/Plugins/Interchange/Runtime/Content/gltf/MaterialBodies/MF_ClearCoat_Body.uasset" 766
"../../../Engine/Plugins/Interchange/Runtime/Content/gltf/MaterialBodies/MF_ClearCoat_Body.uexp" 767
"../../../Engine/Plugins/Interchange/Runtime/Content/gltf/M_ClearCoat.uasset" 768
"../../../Engine/Plugins/Interchange/Runtime/Content/gltf/M_ClearCoat.uexp" 769
"../../../Engine/Plugins/Interchange/Runtime/Content/gltf/MaterialInstances/MI_ClearCoat_Opaque_DS.uasset" 770
"../../../Engine/Plugins/Interchange/Runtime/Content/gltf/MaterialInstances/MI_ClearCoat_Opaque_DS.uexp" 771
"../../../Engine/Plugins/Interchange/Runtime/Content/gltf/MaterialInstances/MI_ClearCoat_Opaque.uasset" 772
"../../../Engine/Plugins/Interchange/Runtime/Content/gltf/MaterialInstances/MI_ClearCoat_Opaque.uexp" 773
"../../../Engine/Plugins/Interchange/Runtime/Content/gltf/MaterialInstances/MI_ClearCoat_Mask_DS.uasset" 774
"../../../Engine/Plugins/Interchange/Runtime/Content/gltf/MaterialInstances/MI_ClearCoat_Mask_DS.uexp" 775
"../../../Engine/Plugins/Interchange/Runtime/Content/gltf/MaterialInstances/MI_ClearCoat_Mask.uasset" 776
"../../../Engine/Plugins/Interchange/Runtime/Content/gltf/MaterialInstances/MI_ClearCoat_Mask.uexp" 777
"../../../Engine/Plugins/Interchange/Runtime/Content/gltf/MaterialInstances/MI_ClearCoat_Blend_DS.uasset" 778
"../../../Engine/Plugins/Interchange/Runtime/Content/gltf/MaterialInstances/MI_ClearCoat_Blend_DS.uexp" 779
"../../../Engine/Plugins/Interchange/Runtime/Content/gltf/MaterialInstances/MI_ClearCoat_Blend.uasset" 780
"../../../Engine/Plugins/Interchange/Runtime/Content/gltf/MaterialInstances/MI_ClearCoat_Blend.uexp" 781
"../../../Engine/Content/EngineSky/VolumetricClouds/CloudWeatherTexture.uasset" 782
"../../../Engine/Content/EngineSky/VolumetricClouds/CloudWeatherTexture.uexp" 783
"../../../Engine/Content/Functions/Engine_MaterialFunctions02/Utility/MakeFloat2.uasset" 784
"../../../Engine/Content/Functions/Engine_MaterialFunctions02/Utility/MakeFloat2.uexp" 785
"../../../Engine/Content/EngineSky/VolumetricClouds/CloudGradientTexture.uasset" 786
"../../../Engine/Content/EngineSky/VolumetricClouds/CloudGradientTexture.uexp" 787
"../../../Engine/Content/EngineSky/VolumetricClouds/T_NoiseShape64.ubulk" 788
"../../../Engine/Content/EngineSky/VolumetricClouds/T_NoiseShape64.uasset" 789
"../../../Engine/Content/EngineSky/VolumetricClouds/T_NoiseShape64.uexp" 790
"../../../Engine/Content/EngineSky/VolumetricClouds/T_VolumeNoiseShape64.uasset" 791
"../../../Engine/Content/EngineSky/VolumetricClouds/T_VolumeNoiseShape64.uexp" 792
"../../../Engine/Content/EngineSky/VolumetricClouds/T_NoiseErosion.ubulk" 793
"../../../Engine/Content/EngineSky/VolumetricClouds/T_NoiseErosion.uasset" 794
"../../../Engine/Content/EngineSky/VolumetricClouds/T_NoiseErosion.uexp" 795
"../../../Engine/Content/EngineSky/VolumetricClouds/T_VolumeNoiseErosion32.uasset" 796
"../../../Engine/Content/EngineSky/VolumetricClouds/T_VolumeNoiseErosion32.uexp" 797
"../../../Engine/Content/EngineSky/VolumetricClouds/m_SimpleVolumetricCloud.uasset" 798
"../../../Engine/Content/EngineSky/VolumetricClouds/m_SimpleVolumetricCloud.uexp" 799
"../../../Engine/Content/EngineSky/VolumetricClouds/m_SimpleVolumetricCloud_Inst.uasset" 800
"../../../Engine/Content/EngineSky/VolumetricClouds/m_SimpleVolumetricCloud_Inst.uexp" 801
"../../../Engine/Content/EngineResources/FilmGrains/Marcie_Grain_v3_128_M2_000.uasset" 802
"../../../Engine/Content/EngineResources/FilmGrains/Marcie_Grain_v3_128_M2_000.uexp" 803
"../../../Engine/Content/EditorResources/SequenceRecorder/RecordingIndicator.uasset" 804
"../../../Engine/Content/EditorResources/SequenceRecorder/RecordingIndicator.uexp" 805
"../../../Engine/Content/EditorResources/SequenceRecorder/Countdown.uasset" 806
"../../../Engine/Content/EditorResources/SequenceRecorder/Countdown.uexp" 807
"../../../Engine/Content/EditorMaterials/Dataflow/DataflowVertexMaterial.uasset" 808
"../../../Engine/Content/EditorMaterials/Dataflow/DataflowVertexMaterial.uexp" 809
"../../../Engine/Content/Functions/Engine_MaterialFunctions01/Shading/PowerToRoughness.uasset" 810
"../../../Engine/Content/Functions/Engine_MaterialFunctions01/Shading/PowerToRoughness.uexp" 811
"../../../Engine/Content/Functions/Engine_MaterialFunctions01/Shading/ConvertFromDiffSpec.uasset" 812
"../../../Engine/Content/Functions/Engine_MaterialFunctions01/Shading/ConvertFromDiffSpec.uexp" 813
"../../../Engine/Content/EngineMaterials/Substrate/Volume/SubstrateSimpleVolumeLUT3D.uasset" 814
"../../../Engine/Content/EngineMaterials/Substrate/Volume/SubstrateSimpleVolumeLUT3D.uexp" 815
"../../../Engine/Content/EngineMaterials/Substrate/Volume/SubstrateSimpleVolumeEnvLUT3D.uasset" 816
"../../../Engine/Content/EngineMaterials/Substrate/Volume/SubstrateSimpleVolumeEnvLUT3D.uexp" 817
"../../../Engine/Content/EngineMaterials/Substrate/GLints2/AGlintTex2dArray2.uasset" 818
"../../../Engine/Content/EngineMaterials/Substrate/GLints2/AGlintTex2dArray2.uexp" 819
"../../../Engine/Content/EngineMaterials/Substrate/GLints/AGlintTex2dArray.uasset" 820
"../../../Engine/Content/EngineMaterials/Substrate/GLints/AGlintTex2dArray.uexp" 821
"../../../Engine/Content/Maps/Entry_BuiltData.uasset" 822
"../../../Engine/Content/Maps/Entry_BuiltData.uexp" 823
"../../../Engine/Content/Maps/Entry.uexp" 824
"../../../Engine/Content/Maps/Entry.umap" 825
"D:/Desktop/Jam/game-jam/Content/Maps/Mushtariybegim_Map/Movies/MP_BackVideo.uasset" 826
"D:/Desktop/Jam/game-jam/Content/Maps/Mushtariybegim_Map/Movies/MP_BackVideo.uexp" 827
"D:/Desktop/Jam/game-jam/Content/Assets/UI/Button_Red/Button.uasset" 828
"D:/Desktop/Jam/game-jam/Content/Assets/UI/Button_Red/Button.uexp" 829
"D:/Desktop/Jam/game-jam/Content/Assets/Sounds/UI/ButtonClick/SFX_UI_ButtonClick_02.ubulk" 830
"D:/Desktop/Jam/game-jam/Content/Assets/Sounds/UI/ButtonClick/SFX_UI_ButtonClick_02.uasset" 831
"D:/Desktop/Jam/game-jam/Content/Assets/Sounds/UI/ButtonClick/SFX_UI_ButtonClick_02.uexp" 832
"D:/Desktop/Jam/game-jam/Content/TopDown/Input/Actions/IA_SetDestination_Click.uasset" 833
"D:/Desktop/Jam/game-jam/Content/TopDown/Input/Actions/IA_SetDestination_Click.uexp" 834
"D:/Desktop/Jam/game-jam/Content/Cursor/T_Arrow.uasset" 835
"D:/Desktop/Jam/game-jam/Content/Cursor/T_Arrow.uexp" 836
"D:/Desktop/Jam/game-jam/Content/Cursor/M_Cursor.uasset" 837
"D:/Desktop/Jam/game-jam/Content/Cursor/M_Cursor.uexp" 838
"D:/Desktop/Jam/game-jam/Content/Cursor/SM_CursorMesh.ubulk" 839
"D:/Desktop/Jam/game-jam/Content/Cursor/SM_CursorMesh.uasset" 840
"D:/Desktop/Jam/game-jam/Content/Cursor/SM_CursorMesh.uexp" 841
"D:/Desktop/Jam/game-jam/Content/Cursor/FX_Cursor.uasset" 842
"D:/Desktop/Jam/game-jam/Content/Cursor/FX_Cursor.uexp" 843
"D:/Desktop/Jam/game-jam/Content/MyCharacter/Characters/E_Character_Abilities.uasset" 844
"D:/Desktop/Jam/game-jam/Content/MyCharacter/Characters/E_Character_Abilities.uexp" 845
"D:/Desktop/Jam/game-jam/Content/TopDown/Input/Actions/IA_SetFire.uasset" 846
"D:/Desktop/Jam/game-jam/Content/TopDown/Input/Actions/IA_SetFire.uexp" 847
"D:/Desktop/Jam/game-jam/Content/TopDown/Input/Actions/IA_CharacterMovement.uasset" 848
"D:/Desktop/Jam/game-jam/Content/TopDown/Input/Actions/IA_CharacterMovement.uexp" 849
"D:/Desktop/Jam/game-jam/Content/TopDown/Input/IMC_Default.uasset" 850
"D:/Desktop/Jam/game-jam/Content/TopDown/Input/IMC_Default.uexp" 851
"../../../Engine/Content/EditorBlueprintResources/StandardMacros.uasset" 852
"../../../Engine/Content/EditorBlueprintResources/StandardMacros.uexp" 853
"D:/Desktop/Jam/game-jam/Content/TopDown/Blueprints/BP_TopDownController.uasset" 854
"D:/Desktop/Jam/game-jam/Content/TopDown/Blueprints/BP_TopDownController.uexp" 855
"D:/Desktop/Jam/game-jam/Content/Characters/Mannequin_UE4/Textures/T_UELogo_N_TGA.ubulk" 856
"D:/Desktop/Jam/game-jam/Content/Characters/Mannequin_UE4/Textures/T_UELogo_N_TGA.uasset" 857
"D:/Desktop/Jam/game-jam/Content/Characters/Mannequin_UE4/Textures/T_UELogo_N_TGA.uexp" 858
"D:/Desktop/Jam/game-jam/Content/Characters/Mannequin_UE4/Textures/T_UE4_Mannequin__normals.ubulk" 859
"D:/Desktop/Jam/game-jam/Content/Characters/Mannequin_UE4/Textures/T_UE4_Mannequin__normals.uasset" 860
"D:/Desktop/Jam/game-jam/Content/Characters/Mannequin_UE4/Textures/T_UE4_Mannequin__normals.uexp" 861
"D:/Desktop/Jam/game-jam/Content/Characters/Mannequin_UE4/Materials/Layers/ML_ShinyPlastic_Beige.uasset" 862
"D:/Desktop/Jam/game-jam/Content/Characters/Mannequin_UE4/Materials/Layers/ML_ShinyPlastic_Beige.uexp" 863
"../../../Engine/Content/Functions/Engine_MaterialFunctions02/Utility/BlendAngleCorrectedNormals.uasset" 864
"../../../Engine/Content/Functions/Engine_MaterialFunctions02/Utility/BlendAngleCorrectedNormals.uexp" 865
"../../../Engine/Content/Functions/MaterialLayerFunctions/MatLayerBlend_NormalBlend.uasset" 866
"../../../Engine/Content/Functions/MaterialLayerFunctions/MatLayerBlend_NormalBlend.uexp" 867
"D:/Desktop/Jam/game-jam/Content/Characters/Mannequin_UE4/Textures/T_UELogo_Mask.ubulk" 868
"D:/Desktop/Jam/game-jam/Content/Characters/Mannequin_UE4/Textures/T_UELogo_Mask.uasset" 869
"D:/Desktop/Jam/game-jam/Content/Characters/Mannequin_UE4/Textures/T_UELogo_Mask.uexp" 870
"D:/Desktop/Jam/game-jam/Content/Characters/Mannequin_UE4/Materials/Layers/ML_ShinyPlastic_Beige_Logo.uasset" 871
"D:/Desktop/Jam/game-jam/Content/Characters/Mannequin_UE4/Materials/Layers/ML_ShinyPlastic_Beige_Logo.uexp" 872
"D:/Desktop/Jam/game-jam/Content/Characters/Mannequin_UE4/Textures/T_UE4_Mannequin_MAT_MASKA.ubulk" 873
"D:/Desktop/Jam/game-jam/Content/Characters/Mannequin_UE4/Textures/T_UE4_Mannequin_MAT_MASKA.uasset" 874
"D:/Desktop/Jam/game-jam/Content/Characters/Mannequin_UE4/Textures/T_UE4_Mannequin_MAT_MASKA.uexp" 875
"D:/Desktop/Jam/game-jam/Content/Characters/Mannequin_UE4/Textures/T_ML_Aluminum01_N.ubulk" 876
"D:/Desktop/Jam/game-jam/Content/Characters/Mannequin_UE4/Textures/T_ML_Aluminum01_N.uasset" 877
"D:/Desktop/Jam/game-jam/Content/Characters/Mannequin_UE4/Textures/T_ML_Aluminum01_N.uexp" 878
"D:/Desktop/Jam/game-jam/Content/Characters/Mannequin_UE4/Textures/T_ML_Aluminum01.ubulk" 879
"D:/Desktop/Jam/game-jam/Content/Characters/Mannequin_UE4/Textures/T_ML_Aluminum01.uasset" 880
"D:/Desktop/Jam/game-jam/Content/Characters/Mannequin_UE4/Textures/T_ML_Aluminum01.uexp" 881
"D:/Desktop/Jam/game-jam/Content/Characters/Mannequin_UE4/Materials/Layers/ML_SoftMetal.uasset" 882
"D:/Desktop/Jam/game-jam/Content/Characters/Mannequin_UE4/Materials/Layers/ML_SoftMetal.uexp" 883
"../../../Engine/Content/Functions/MaterialLayerFunctions/MatLayerBlend_Simple.uasset" 884
"../../../Engine/Content/Functions/MaterialLayerFunctions/MatLayerBlend_Simple.uexp" 885
"D:/Desktop/Jam/game-jam/Content/Characters/Mannequin_UE4/Textures/T_ML_Rubber_Blue_01_N.ubulk" 886
"D:/Desktop/Jam/game-jam/Content/Characters/Mannequin_UE4/Textures/T_ML_Rubber_Blue_01_N.uasset" 887
"D:/Desktop/Jam/game-jam/Content/Characters/Mannequin_UE4/Textures/T_ML_Rubber_Blue_01_N.uexp" 888
"D:/Desktop/Jam/game-jam/Content/Characters/Mannequin_UE4/Textures/T_ML_Rubber_Blue_01_D.ubulk" 889
"D:/Desktop/Jam/game-jam/Content/Characters/Mannequin_UE4/Textures/T_ML_Rubber_Blue_01_D.uasset" 890
"D:/Desktop/Jam/game-jam/Content/Characters/Mannequin_UE4/Textures/T_ML_Rubber_Blue_01_D.uexp" 891
"D:/Desktop/Jam/game-jam/Content/Characters/Mannequin_UE4/Materials/Layers/ML_Latex_Black.uasset" 892
"D:/Desktop/Jam/game-jam/Content/Characters/Mannequin_UE4/Materials/Layers/ML_Latex_Black.uexp" 893
"D:/Desktop/Jam/game-jam/Content/Characters/Mannequin_UE4/Materials/M_MannequinUE4_Body.uasset" 894
"D:/Desktop/Jam/game-jam/Content/Characters/Mannequin_UE4/Materials/M_MannequinUE4_Body.uexp" 895
"D:/Desktop/Jam/game-jam/Content/Characters/Mannequin_UE4/Materials/M_MannequinUE4_ChestLogo.uasset" 896
"D:/Desktop/Jam/game-jam/Content/Characters/Mannequin_UE4/Materials/M_MannequinUE4_ChestLogo.uexp" 897
"D:/Desktop/Jam/game-jam/Content/Characters/Mannequin_UE4/Meshes/SK_Mannequin_PhysicsAsset.uasset" 898
"D:/Desktop/Jam/game-jam/Content/Characters/Mannequin_UE4/Meshes/SK_Mannequin_PhysicsAsset.uexp" 899
"D:/Desktop/Jam/game-jam/Content/Characters/Mannequin_UE4/Meshes/SK_Mannequin_Skeleton.uasset" 900
"D:/Desktop/Jam/game-jam/Content/Characters/Mannequin_UE4/Meshes/SK_Mannequin_Skeleton.uexp" 901
"D:/Desktop/Jam/game-jam/Content/Characters/Mannequin_UE4/Meshes/SK_Mannequin.uasset" 902
"D:/Desktop/Jam/game-jam/Content/Characters/Mannequin_UE4/Meshes/SK_Mannequin.uexp" 903
"../../../Engine/Content/Animation/DefaultAnimCurveCompressionSettings.uasset" 904
"../../../Engine/Content/Animation/DefaultAnimCurveCompressionSettings.uexp" 905
"../../../Engine/Content/Animation/DefaultVariableFrameStrippingSettings.uasset" 906
"../../../Engine/Content/Animation/DefaultVariableFrameStrippingSettings.uexp" 907
"D:/Desktop/Jam/game-jam/Content/Characters/Mannequins/Meshes/SK_Mannequin.uasset" 908
"D:/Desktop/Jam/game-jam/Content/Characters/Mannequins/Meshes/SK_Mannequin.uexp" 909
"../../../Engine/Content/Animation/DefaultAnimBoneCompressionSettings.uasset" 910
"../../../Engine/Content/Animation/DefaultAnimBoneCompressionSettings.uexp" 911
"D:/Desktop/Jam/game-jam/Content/Characters/Mannequins/Animations/Manny/MM_Fall_Loop.uasset" 912
"D:/Desktop/Jam/game-jam/Content/Characters/Mannequins/Animations/Manny/MM_Fall_Loop.uexp" 913
"D:/Desktop/Jam/game-jam/Content/Characters/Mannequins/Animations/Manny/MM_Jump.uasset" 914
"D:/Desktop/Jam/game-jam/Content/Characters/Mannequins/Animations/Manny/MM_Jump.uexp" 915
"../../../Engine/Plugins/Animation/ControlRig/Content/Controls/DefaultGizmoLibrary.uasset" 916
"../../../Engine/Plugins/Animation/ControlRig/Content/Controls/DefaultGizmoLibrary.uexp" 917
"D:/Desktop/Jam/game-jam/Content/Characters/Mannequins/Rigs/CR_Mannequin_BasicFootIK.uasset" 918
"D:/Desktop/Jam/game-jam/Content/Characters/Mannequins/Rigs/CR_Mannequin_BasicFootIK.uexp" 919
"D:/Desktop/Jam/game-jam/Content/Characters/Mannequins/Animations/Manny/MM_Run_Fwd.uasset" 920
"D:/Desktop/Jam/game-jam/Content/Characters/Mannequins/Animations/Manny/MM_Run_Fwd.uexp" 921
"D:/Desktop/Jam/game-jam/Content/Characters/Mannequins/Animations/Manny/MM_Walk_Fwd.uasset" 922
"D:/Desktop/Jam/game-jam/Content/Characters/Mannequins/Animations/Manny/MM_Walk_Fwd.uexp" 923
"../../../Engine/Content/Animation/DefaultRecorderBoneCompression.uasset" 924
"../../../Engine/Content/Animation/DefaultRecorderBoneCompression.uexp" 925
"D:/Desktop/Jam/game-jam/Content/Characters/Mannequins/Animations/Manny/MM_Walk_InPlace.uasset" 926
"D:/Desktop/Jam/game-jam/Content/Characters/Mannequins/Animations/Manny/MM_Walk_InPlace.uexp" 927
"D:/Desktop/Jam/game-jam/Content/Characters/Mannequins/Animations/Manny/BS_MM_WalkRun.uasset" 928
"D:/Desktop/Jam/game-jam/Content/Characters/Mannequins/Animations/Manny/BS_MM_WalkRun.uexp" 929
"D:/Desktop/Jam/game-jam/Content/Characters/Mannequins/Animations/Manny/MM_Land.uasset" 930
"D:/Desktop/Jam/game-jam/Content/Characters/Mannequins/Animations/Manny/MM_Land.uexp" 931
"D:/Desktop/Jam/game-jam/Content/Characters/Mannequins/Animations/Manny/MM_Idle.uasset" 932
"D:/Desktop/Jam/game-jam/Content/Characters/Mannequins/Animations/Manny/MM_Idle.uexp" 933
"D:/Desktop/Jam/game-jam/Content/Characters/Mannequins/Animations/ABP_Manny.uasset" 934
"D:/Desktop/Jam/game-jam/Content/Characters/Mannequins/Animations/ABP_Manny.uexp" 935
"D:/Desktop/Jam/game-jam/Content/TopDown/Blueprints/BP_TopDownCharacter.uasset" 936
"D:/Desktop/Jam/game-jam/Content/TopDown/Blueprints/BP_TopDownCharacter.uexp" 937
"D:/Desktop/Jam/game-jam/Content/TopDown/Blueprints/BP_TopDownGameMode.uasset" 938
"D:/Desktop/Jam/game-jam/Content/TopDown/Blueprints/BP_TopDownGameMode.uexp" 939
"D:/Desktop/Jam/game-jam/Content/Assets/Sounds/UI/Hover/SFX_UI_Hover_03.ubulk" 940
"D:/Desktop/Jam/game-jam/Content/Assets/Sounds/UI/Hover/SFX_UI_Hover_03.uasset" 941
"D:/Desktop/Jam/game-jam/Content/Assets/Sounds/UI/Hover/SFX_UI_Hover_03.uexp" 942
"D:/Desktop/Jam/game-jam/Content/Assets/UI/Button_Red/Button_Highlighted.uasset" 943
"D:/Desktop/Jam/game-jam/Content/Assets/UI/Button_Red/Button_Highlighted.uexp" 944
"D:/Desktop/Jam/game-jam/Content/UI_Icons/T_newFrame48.uasset" 945
"D:/Desktop/Jam/game-jam/Content/UI_Icons/T_newFrame48.uexp" 946
"D:/Desktop/Jam/game-jam/Content/Maps/Mushtariybegim_Map/UI/BP_MSaveGame.uasset" 947
"D:/Desktop/Jam/game-jam/Content/Maps/Mushtariybegim_Map/UI/BP_MSaveGame.uexp" 948
"D:/Desktop/Jam/game-jam/Content/Assets/Sounds/UI/ButtonClick/SFX_UI_ButtonClick_04.ubulk" 949
"D:/Desktop/Jam/game-jam/Content/Assets/Sounds/UI/ButtonClick/SFX_UI_ButtonClick_04.uasset" 950
"D:/Desktop/Jam/game-jam/Content/Assets/Sounds/UI/ButtonClick/SFX_UI_ButtonClick_04.uexp" 951
"D:/Desktop/Jam/game-jam/Content/Assets/UI/Button_Red/Button_Pressed.uasset" 952
"D:/Desktop/Jam/game-jam/Content/Assets/UI/Button_Red/Button_Pressed.uexp" 953
"D:/Desktop/Jam/game-jam/Content/Assets/Sounds/UI/ButtonClick/SFX_UI_ButtonClick_01.ubulk" 954
"D:/Desktop/Jam/game-jam/Content/Assets/Sounds/UI/ButtonClick/SFX_UI_ButtonClick_01.uasset" 955
"D:/Desktop/Jam/game-jam/Content/Assets/Sounds/UI/ButtonClick/SFX_UI_ButtonClick_01.uexp" 956
"D:/Desktop/Jam/game-jam/Content/Maps/Mushtariybegim_Map/Msounds/SC_MEffects.uasset" 957
"D:/Desktop/Jam/game-jam/Content/Maps/Mushtariybegim_Map/Msounds/SC_MEffects.uexp" 958
"D:/Desktop/Jam/game-jam/Content/Maps/Mushtariybegim_Map/Msounds/SC_Mmusic.uasset" 959
"D:/Desktop/Jam/game-jam/Content/Maps/Mushtariybegim_Map/Msounds/SC_Mmusic.uexp" 960
"D:/Desktop/Jam/game-jam/Content/Maps/Mushtariybegim_Map/Msounds/SCM_Mmix.uasset" 961
"D:/Desktop/Jam/game-jam/Content/Maps/Mushtariybegim_Map/Msounds/SCM_Mmix.uexp" 962
"D:/Desktop/Jam/game-jam/Content/Assets/Fonts/David_Libre/GODOFWAR.uexp" 963
"D:/Desktop/Jam/game-jam/Content/Assets/Fonts/David_Libre/GODOFWAR.uasset" 964
"D:/Desktop/Jam/game-jam/Content/Assets/Fonts/David_Libre/GODOFWAR.ufont" 965
"D:/Desktop/Jam/game-jam/Content/Assets/Fonts/David_Libre/GODOFWAR_Font.uasset" 966
"D:/Desktop/Jam/game-jam/Content/Assets/Fonts/David_Libre/GODOFWAR_Font.uexp" 967
"D:/Desktop/Jam/game-jam/Content/Assets/Sounds/UI/ButtonClick/SFX_UI_ButtonClick_03.ubulk" 968
"D:/Desktop/Jam/game-jam/Content/Assets/Sounds/UI/ButtonClick/SFX_UI_ButtonClick_03.uasset" 969
"D:/Desktop/Jam/game-jam/Content/Assets/Sounds/UI/ButtonClick/SFX_UI_ButtonClick_03.uexp" 970
"D:/Desktop/Jam/game-jam/Content/Assets/Sounds/UI/Hover/SFX_UI_Hover_01.ubulk" 971
"D:/Desktop/Jam/game-jam/Content/Assets/Sounds/UI/Hover/SFX_UI_Hover_01.uasset" 972
"D:/Desktop/Jam/game-jam/Content/Assets/Sounds/UI/Hover/SFX_UI_Hover_01.uexp" 973
"D:/Desktop/Jam/game-jam/Content/Maps/Mushtariybegim_Map/UI/WBP_MOption.uasset" 974
"D:/Desktop/Jam/game-jam/Content/Maps/Mushtariybegim_Map/UI/WBP_MOption.uexp" 975
"D:/Desktop/Jam/game-jam/Content/Assets/Sounds/UI/Hover/SFX_UI_Hover_02.ubulk" 976
"D:/Desktop/Jam/game-jam/Content/Assets/Sounds/UI/Hover/SFX_UI_Hover_02.uasset" 977
"D:/Desktop/Jam/game-jam/Content/Assets/Sounds/UI/Hover/SFX_UI_Hover_02.uexp" 978
"D:/Desktop/Jam/game-jam/Content/UI_Icons/T_Frame134.uasset" 979
"D:/Desktop/Jam/game-jam/Content/UI_Icons/T_Frame134.uexp" 980
"D:/Desktop/Jam/game-jam/Content/Maps/Mushtariybegim_Map/UI/WBP_MainMenu.uasset" 981
"D:/Desktop/Jam/game-jam/Content/Maps/Mushtariybegim_Map/UI/WBP_MainMenu.uexp" 982
"D:/Desktop/Jam/game-jam/Content/Maps/Javohir_Map/NewWorld.uexp" 983
"D:/Desktop/Jam/game-jam/Content/Maps/Javohir_Map/NewWorld.umap" 984
"../../../Engine/Content/BasicShapes/Cube.ubulk" 985
"../../../Engine/Content/BasicShapes/Cube.uasset" 986
"../../../Engine/Content/BasicShapes/Cube.uexp" 987
"D:/Desktop/Jam/game-jam/Content/LowerSector_Mod/Models/Pipes/Textures/T_Pipes_Normal.ubulk" 988
"D:/Desktop/Jam/game-jam/Content/LowerSector_Mod/Models/Pipes/Textures/T_Pipes_Normal.uasset" 989
"D:/Desktop/Jam/game-jam/Content/LowerSector_Mod/Models/Pipes/Textures/T_Pipes_Normal.uexp" 990
"D:/Desktop/Jam/game-jam/Content/LowerSector_Mod/Models/RollDoor01/Textures/T_RollDoor_Emissive.ubulk" 991
"D:/Desktop/Jam/game-jam/Content/LowerSector_Mod/Models/RollDoor01/Textures/T_RollDoor_Emissive.uasset" 992
"D:/Desktop/Jam/game-jam/Content/LowerSector_Mod/Models/RollDoor01/Textures/T_RollDoor_Emissive.uexp" 993
"D:/Desktop/Jam/game-jam/Content/LowerSector_Mod/Models/Pipes/Textures/T_Pipes_BaseColor.ubulk" 994
"D:/Desktop/Jam/game-jam/Content/LowerSector_Mod/Models/Pipes/Textures/T_Pipes_BaseColor.uasset" 995
"D:/Desktop/Jam/game-jam/Content/LowerSector_Mod/Models/Pipes/Textures/T_Pipes_BaseColor.uexp" 996
"D:/Desktop/Jam/game-jam/Content/LowerSector_Mod/Models/Pipes/Textures/T_Pipes_OcclusionRoughnessMetallic.ubulk" 997
"D:/Desktop/Jam/game-jam/Content/LowerSector_Mod/Models/Pipes/Textures/T_Pipes_OcclusionRoughnessMetallic.uasset" 998
"D:/Desktop/Jam/game-jam/Content/LowerSector_Mod/Models/Pipes/Textures/T_Pipes_OcclusionRoughnessMetallic.uexp" 999
"D:/Desktop/Jam/game-jam/Content/LowerSector_Mod/Models/Pipes/Materials/M_Pipes1.uasset" 1000
"D:/Desktop/Jam/game-jam/Content/LowerSector_Mod/Models/Pipes/Materials/M_Pipes1.uexp" 1001
"D:/Desktop/Jam/game-jam/Content/LowerSector_Mod/Models/Pipes/SM_PipeSM1.ubulk" 1002
"D:/Desktop/Jam/game-jam/Content/LowerSector_Mod/Models/Pipes/SM_PipeSM1.uasset" 1003
"D:/Desktop/Jam/game-jam/Content/LowerSector_Mod/Models/Pipes/SM_PipeSM1.uexp" 1004
"D:/Desktop/Jam/game-jam/Content/LowerSector_Mod/Models/Pipes/SM_Pipe1_X.ubulk" 1005
"D:/Desktop/Jam/game-jam/Content/LowerSector_Mod/Models/Pipes/SM_Pipe1_X.uasset" 1006
"D:/Desktop/Jam/game-jam/Content/LowerSector_Mod/Models/Pipes/SM_Pipe1_X.uexp" 1007
"D:/Desktop/Jam/game-jam/Content/LowerSector_Mod/Models/Workshop/Textures/T_Workshop_BaseColor.ubulk" 1008
"D:/Desktop/Jam/game-jam/Content/LowerSector_Mod/Models/Workshop/Textures/T_Workshop_BaseColor.uasset" 1009
"D:/Desktop/Jam/game-jam/Content/LowerSector_Mod/Models/Workshop/Textures/T_Workshop_BaseColor.uexp" 1010
"D:/Desktop/Jam/game-jam/Content/LowerSector_Mod/Models/Workshop/Textures/T_Workshop_Normal.ubulk" 1011
"D:/Desktop/Jam/game-jam/Content/LowerSector_Mod/Models/Workshop/Textures/T_Workshop_Normal.uasset" 1012
"D:/Desktop/Jam/game-jam/Content/LowerSector_Mod/Models/Workshop/Textures/T_Workshop_Normal.uexp" 1013
"D:/Desktop/Jam/game-jam/Content/LowerSector_Mod/Models/Workshop/Textures/T_Workshop_OcclusionRoughnessMetallic.ubulk" 1014
"D:/Desktop/Jam/game-jam/Content/LowerSector_Mod/Models/Workshop/Textures/T_Workshop_OcclusionRoughnessMetallic.uasset" 1015
"D:/Desktop/Jam/game-jam/Content/LowerSector_Mod/Models/Workshop/Textures/T_Workshop_OcclusionRoughnessMetallic.uexp" 1016
"D:/Desktop/Jam/game-jam/Content/LowerSector_Mod/Models/Workshop/Materials/M_Workshop.uasset" 1017
"D:/Desktop/Jam/game-jam/Content/LowerSector_Mod/Models/Workshop/Materials/M_Workshop.uexp" 1018
"D:/Desktop/Jam/game-jam/Content/LowerSector_Mod/Models/Pipes/SM_PipeSM4.ubulk" 1019
"D:/Desktop/Jam/game-jam/Content/LowerSector_Mod/Models/Pipes/SM_PipeSM4.uasset" 1020
"D:/Desktop/Jam/game-jam/Content/LowerSector_Mod/Models/Pipes/SM_PipeSM4.uexp" 1021
"D:/Desktop/Jam/game-jam/Content/LowerSector_Mod/Models/LightProps/Textures/T_Lightpole01_Normal.ubulk" 1022
"D:/Desktop/Jam/game-jam/Content/LowerSector_Mod/Models/LightProps/Textures/T_Lightpole01_Normal.uasset" 1023
"D:/Desktop/Jam/game-jam/Content/LowerSector_Mod/Models/LightProps/Textures/T_Lightpole01_Normal.uexp" 1024
"D:/Desktop/Jam/game-jam/Content/LowerSector_Mod/Models/LightProps/Textures/T_Lightpole01_BaseColor.ubulk" 1025
"D:/Desktop/Jam/game-jam/Content/LowerSector_Mod/Models/LightProps/Textures/T_Lightpole01_BaseColor.uasset" 1026
"D:/Desktop/Jam/game-jam/Content/LowerSector_Mod/Models/LightProps/Textures/T_Lightpole01_BaseColor.uexp" 1027
"D:/Desktop/Jam/game-jam/Content/LowerSector_Mod/Models/LightProps/Textures/T_Lightpole01_OcclusionRoughnessMetallic.ubulk" 1028
"D:/Desktop/Jam/game-jam/Content/LowerSector_Mod/Models/LightProps/Textures/T_Lightpole01_OcclusionRoughnessMetallic.uasset" 1029
"D:/Desktop/Jam/game-jam/Content/LowerSector_Mod/Models/LightProps/Textures/T_Lightpole01_OcclusionRoughnessMetallic.uexp" 1030
"D:/Desktop/Jam/game-jam/Content/LowerSector_Mod/Models/LightProps/Materials/M_Lightpole01.uasset" 1031
"D:/Desktop/Jam/game-jam/Content/LowerSector_Mod/Models/LightProps/Materials/M_Lightpole01.uexp" 1032
"D:/Desktop/Jam/game-jam/Content/LowerSector_Mod/Models/LightProps/SM_Curbstep.ubulk" 1033
"D:/Desktop/Jam/game-jam/Content/LowerSector_Mod/Models/LightProps/SM_Curbstep.uasset" 1034
"D:/Desktop/Jam/game-jam/Content/LowerSector_Mod/Models/LightProps/SM_Curbstep.uexp" 1035
"D:/Desktop/Jam/game-jam/Content/LowerSector_Mod/Models/RollDoor01/Textures/T_RollDoor_BaseColor.ubulk" 1036
"D:/Desktop/Jam/game-jam/Content/LowerSector_Mod/Models/RollDoor01/Textures/T_RollDoor_BaseColor.uasset" 1037
"D:/Desktop/Jam/game-jam/Content/LowerSector_Mod/Models/RollDoor01/Textures/T_RollDoor_BaseColor.uexp" 1038
"D:/Desktop/Jam/game-jam/Content/LowerSector_Mod/Models/RollDoor01/Textures/T_RollDoor_Normal.ubulk" 1039
"D:/Desktop/Jam/game-jam/Content/LowerSector_Mod/Models/RollDoor01/Textures/T_RollDoor_Normal.uasset" 1040
"D:/Desktop/Jam/game-jam/Content/LowerSector_Mod/Models/RollDoor01/Textures/T_RollDoor_Normal.uexp" 1041
"D:/Desktop/Jam/game-jam/Content/LowerSector_Mod/Models/RollDoor01/Textures/T_RollDoor_OcclusionRoughnessMetallic.ubulk" 1042
"D:/Desktop/Jam/game-jam/Content/LowerSector_Mod/Models/RollDoor01/Textures/T_RollDoor_OcclusionRoughnessMetallic.uasset" 1043
"D:/Desktop/Jam/game-jam/Content/LowerSector_Mod/Models/RollDoor01/Textures/T_RollDoor_OcclusionRoughnessMetallic.uexp" 1044
"D:/Desktop/Jam/game-jam/Content/LowerSector_Mod/Models/RollDoor01/Materials/M_RollDoor.uasset" 1045
"D:/Desktop/Jam/game-jam/Content/LowerSector_Mod/Models/RollDoor01/Materials/M_RollDoor.uexp" 1046
"D:/Desktop/Jam/game-jam/Content/LowerSector_Mod/Models/RollDoor01/SM_RollDoor01_A.ubulk" 1047
"D:/Desktop/Jam/game-jam/Content/LowerSector_Mod/Models/RollDoor01/SM_RollDoor01_A.uasset" 1048
"D:/Desktop/Jam/game-jam/Content/LowerSector_Mod/Models/RollDoor01/SM_RollDoor01_A.uexp" 1049
"D:/Desktop/Jam/game-jam/Content/LowerSector_Mod/Models/BuildingPaneling01/Textures/T_BuildingPaneling01_OcclusionRoughnessMetallic.ubulk" 1050
"D:/Desktop/Jam/game-jam/Content/LowerSector_Mod/Models/BuildingPaneling01/Textures/T_BuildingPaneling01_OcclusionRoughnessMetallic.uasset" 1051
"D:/Desktop/Jam/game-jam/Content/LowerSector_Mod/Models/BuildingPaneling01/Textures/T_BuildingPaneling01_OcclusionRoughnessMetallic.uexp" 1052
"D:/Desktop/Jam/game-jam/Content/LowerSector_Mod/Models/BuildingPaneling01/Textures/T_BuildingPaneling01_Emissive.ubulk" 1053
"D:/Desktop/Jam/game-jam/Content/LowerSector_Mod/Models/BuildingPaneling01/Textures/T_BuildingPaneling01_Emissive.uasset" 1054
"D:/Desktop/Jam/game-jam/Content/LowerSector_Mod/Models/BuildingPaneling01/Textures/T_BuildingPaneling01_Emissive.uexp" 1055
"D:/Desktop/Jam/game-jam/Content/LowerSector_Mod/Models/BuildingPaneling01/Textures/T_BuildingPaneling01_Normal.ubulk" 1056
"D:/Desktop/Jam/game-jam/Content/LowerSector_Mod/Models/BuildingPaneling01/Textures/T_BuildingPaneling01_Normal.uasset" 1057
"D:/Desktop/Jam/game-jam/Content/LowerSector_Mod/Models/BuildingPaneling01/Textures/T_BuildingPaneling01_Normal.uexp" 1058
"D:/Desktop/Jam/game-jam/Content/LowerSector_Mod/Models/BuildingPaneling01/Textures/T_BuildingPaneling01_BaseColor.ubulk" 1059
"D:/Desktop/Jam/game-jam/Content/LowerSector_Mod/Models/BuildingPaneling01/Textures/T_BuildingPaneling01_BaseColor.uasset" 1060
"D:/Desktop/Jam/game-jam/Content/LowerSector_Mod/Models/BuildingPaneling01/Textures/T_BuildingPaneling01_BaseColor.uexp" 1061
"D:/Desktop/Jam/game-jam/Content/LowerSector_Mod/Models/BuildingPaneling01/Materials/M_BuildingPaneling01.uasset" 1062
"D:/Desktop/Jam/game-jam/Content/LowerSector_Mod/Models/BuildingPaneling01/Materials/M_BuildingPaneling01.uexp" 1063
"D:/Desktop/Jam/game-jam/Content/LowerSector_Mod/Models/BuildingPaneling01/SM_BuildingPaneling01B.ubulk" 1064
"D:/Desktop/Jam/game-jam/Content/LowerSector_Mod/Models/BuildingPaneling01/SM_BuildingPaneling01B.uasset" 1065
"D:/Desktop/Jam/game-jam/Content/LowerSector_Mod/Models/BuildingPaneling01/SM_BuildingPaneling01B.uexp" 1066
"D:/Desktop/Jam/game-jam/Content/LowerSector_Mod/Models/Skybridge/Textures/T_Skybridge_BaseColor.ubulk" 1067
"D:/Desktop/Jam/game-jam/Content/LowerSector_Mod/Models/Skybridge/Textures/T_Skybridge_BaseColor.uasset" 1068
"D:/Desktop/Jam/game-jam/Content/LowerSector_Mod/Models/Skybridge/Textures/T_Skybridge_BaseColor.uexp" 1069
"D:/Desktop/Jam/game-jam/Content/LowerSector_Mod/Models/Skybridge/Textures/T_Skybridge_Normal.ubulk" 1070
"D:/Desktop/Jam/game-jam/Content/LowerSector_Mod/Models/Skybridge/Textures/T_Skybridge_Normal.uasset" 1071
"D:/Desktop/Jam/game-jam/Content/LowerSector_Mod/Models/Skybridge/Textures/T_Skybridge_Normal.uexp" 1072
"D:/Desktop/Jam/game-jam/Content/LowerSector_Mod/Models/Skybridge/Textures/T_Skybridge_OcclusionRoughnessMetallic.ubulk" 1073
"D:/Desktop/Jam/game-jam/Content/LowerSector_Mod/Models/Skybridge/Textures/T_Skybridge_OcclusionRoughnessMetallic.uasset" 1074
"D:/Desktop/Jam/game-jam/Content/LowerSector_Mod/Models/Skybridge/Textures/T_Skybridge_OcclusionRoughnessMetallic.uexp" 1075
"D:/Desktop/Jam/game-jam/Content/LowerSector_Mod/Models/Skybridge/Textures/T_Skybridge_Emissive.ubulk" 1076
"D:/Desktop/Jam/game-jam/Content/LowerSector_Mod/Models/Skybridge/Textures/T_Skybridge_Emissive.uasset" 1077
"D:/Desktop/Jam/game-jam/Content/LowerSector_Mod/Models/Skybridge/Textures/T_Skybridge_Emissive.uexp" 1078
"D:/Desktop/Jam/game-jam/Content/LowerSector_Mod/Models/Skybridge/Materials/M_Skybridge.uasset" 1079
"D:/Desktop/Jam/game-jam/Content/LowerSector_Mod/Models/Skybridge/Materials/M_Skybridge.uexp" 1080
"D:/Desktop/Jam/game-jam/Content/LowerSector_Mod/Models/Skybridge/SM_SkyBridge.ubulk" 1081
"D:/Desktop/Jam/game-jam/Content/LowerSector_Mod/Models/Skybridge/SM_SkyBridge.uasset" 1082
"D:/Desktop/Jam/game-jam/Content/LowerSector_Mod/Models/Skybridge/SM_SkyBridge.uexp" 1083
"D:/Desktop/Jam/game-jam/Content/LowerSector_Mod/Models/Wall6x/Textures/T_Wall6x_01_Mask.ubulk" 1084
"D:/Desktop/Jam/game-jam/Content/LowerSector_Mod/Models/Wall6x/Textures/T_Wall6x_01_Mask.uasset" 1085
"D:/Desktop/Jam/game-jam/Content/LowerSector_Mod/Models/Wall6x/Textures/T_Wall6x_01_Mask.uexp" 1086
"D:/Desktop/Jam/game-jam/Content/LowerSector_Mod/Models/Wall6x/Textures/T_Wall6x_Normal.ubulk" 1087
"D:/Desktop/Jam/game-jam/Content/LowerSector_Mod/Models/Wall6x/Textures/T_Wall6x_Normal.uasset" 1088
"D:/Desktop/Jam/game-jam/Content/LowerSector_Mod/Models/Wall6x/Textures/T_Wall6x_Normal.uexp" 1089
"D:/Desktop/Jam/game-jam/Content/LowerSector_Mod/Models/Wall6x/Textures/T_Wall6x_BaseColor.ubulk" 1090
"D:/Desktop/Jam/game-jam/Content/LowerSector_Mod/Models/Wall6x/Textures/T_Wall6x_BaseColor.uasset" 1091
"D:/Desktop/Jam/game-jam/Content/LowerSector_Mod/Models/Wall6x/Textures/T_Wall6x_BaseColor.uexp" 1092
"D:/Desktop/Jam/game-jam/Content/LowerSector_Mod/Models/Wall6x/Textures/T_Wall6x_OcclusionRoughnessMetallic.ubulk" 1093
"D:/Desktop/Jam/game-jam/Content/LowerSector_Mod/Models/Wall6x/Textures/T_Wall6x_OcclusionRoughnessMetallic.uasset" 1094
"D:/Desktop/Jam/game-jam/Content/LowerSector_Mod/Models/Wall6x/Textures/T_Wall6x_OcclusionRoughnessMetallic.uexp" 1095
"D:/Desktop/Jam/game-jam/Content/LowerSector_Mod/Models/Wall6x/Materials/M_Wall6x.uasset" 1096
"D:/Desktop/Jam/game-jam/Content/LowerSector_Mod/Models/Wall6x/Materials/M_Wall6x.uexp" 1097
"D:/Desktop/Jam/game-jam/Content/LowerSector_Mod/Models/Wall6x/Materials/MI_Wall6x_Inst.uasset" 1098
"D:/Desktop/Jam/game-jam/Content/LowerSector_Mod/Models/Wall6x/Materials/MI_Wall6x_Inst.uexp" 1099
"D:/Desktop/Jam/game-jam/Content/LowerSector_Mod/Models/LightProps/SM_LightPole01.ubulk" 1100
"D:/Desktop/Jam/game-jam/Content/LowerSector_Mod/Models/LightProps/SM_LightPole01.uasset" 1101
"D:/Desktop/Jam/game-jam/Content/LowerSector_Mod/Models/LightProps/SM_LightPole01.uexp" 1102
"D:/Desktop/Jam/game-jam/Content/LowerSector_Mod/Models/Decals/Textures/T_Decal_Num_01.ubulk" 1103
"D:/Desktop/Jam/game-jam/Content/LowerSector_Mod/Models/Decals/Textures/T_Decal_Num_01.uasset" 1104
"D:/Desktop/Jam/game-jam/Content/LowerSector_Mod/Models/Decals/Textures/T_Decal_Num_01.uexp" 1105
"D:/Desktop/Jam/game-jam/Content/LowerSector_Mod/Models/Decals/Materials/M_Decal_Num01.uasset" 1106
"D:/Desktop/Jam/game-jam/Content/LowerSector_Mod/Models/Decals/Materials/M_Decal_Num01.uexp" 1107
"D:/Desktop/Jam/game-jam/Content/LowerSector_Mod/Models/Decals/Textures/T_Decal_Face03.ubulk" 1108
"D:/Desktop/Jam/game-jam/Content/LowerSector_Mod/Models/Decals/Textures/T_Decal_Face03.uasset" 1109
"D:/Desktop/Jam/game-jam/Content/LowerSector_Mod/Models/Decals/Textures/T_Decal_Face03.uexp" 1110
"D:/Desktop/Jam/game-jam/Content/LowerSector_Mod/Models/Decals/Materials/M_DecalFace03.uasset" 1111
"D:/Desktop/Jam/game-jam/Content/LowerSector_Mod/Models/Decals/Materials/M_DecalFace03.uexp" 1112
"D:/Desktop/Jam/game-jam/Content/LowerSector_Mod/Models/Decals/Textures/T_Decal_Face02.ubulk" 1113
"D:/Desktop/Jam/game-jam/Content/LowerSector_Mod/Models/Decals/Textures/T_Decal_Face02.uasset" 1114
"D:/Desktop/Jam/game-jam/Content/LowerSector_Mod/Models/Decals/Textures/T_Decal_Face02.uexp" 1115
"D:/Desktop/Jam/game-jam/Content/LowerSector_Mod/Models/Decals/Materials/M_DecalFace.uasset" 1116
"D:/Desktop/Jam/game-jam/Content/LowerSector_Mod/Models/Decals/Materials/M_DecalFace.uexp" 1117
"D:/Desktop/Jam/game-jam/Content/LowerSector_Mod/Models/Apartment01/Textures/T_Apartments01_Normal.ubulk" 1118
"D:/Desktop/Jam/game-jam/Content/LowerSector_Mod/Models/Apartment01/Textures/T_Apartments01_Normal.uasset" 1119
"D:/Desktop/Jam/game-jam/Content/LowerSector_Mod/Models/Apartment01/Textures/T_Apartments01_Normal.uexp" 1120
"D:/Desktop/Jam/game-jam/Content/LowerSector_Mod/Models/Apartment01/Textures/T_Apartments01_BaseColor.ubulk" 1121
"D:/Desktop/Jam/game-jam/Content/LowerSector_Mod/Models/Apartment01/Textures/T_Apartments01_BaseColor.uasset" 1122
"D:/Desktop/Jam/game-jam/Content/LowerSector_Mod/Models/Apartment01/Textures/T_Apartments01_BaseColor.uexp" 1123
"D:/Desktop/Jam/game-jam/Content/LowerSector_Mod/Models/Apartment01/Textures/T_Apartments01_OcclusionRoughnessMetallic.ubulk" 1124
"D:/Desktop/Jam/game-jam/Content/LowerSector_Mod/Models/Apartment01/Textures/T_Apartments01_OcclusionRoughnessMetallic.uasset" 1125
"D:/Desktop/Jam/game-jam/Content/LowerSector_Mod/Models/Apartment01/Textures/T_Apartments01_OcclusionRoughnessMetallic.uexp" 1126
"D:/Desktop/Jam/game-jam/Content/LowerSector_Mod/Models/Apartment01/Materials/M_Apartment01.uasset" 1127
"D:/Desktop/Jam/game-jam/Content/LowerSector_Mod/Models/Apartment01/Materials/M_Apartment01.uexp" 1128
"D:/Desktop/Jam/game-jam/Content/LowerSector_Mod/Models/Apartment01/SM_Apartments01_trim1.ubulk" 1129
"D:/Desktop/Jam/game-jam/Content/LowerSector_Mod/Models/Apartment01/SM_Apartments01_trim1.uasset" 1130
"D:/Desktop/Jam/game-jam/Content/LowerSector_Mod/Models/Apartment01/SM_Apartments01_trim1.uexp" 1131
"D:/Desktop/Jam/game-jam/Content/LowerSector_Mod/Models/SkyTower/Textures/T_SkyTower_Normal.ubulk" 1132
"D:/Desktop/Jam/game-jam/Content/LowerSector_Mod/Models/SkyTower/Textures/T_SkyTower_Normal.uasset" 1133
"D:/Desktop/Jam/game-jam/Content/LowerSector_Mod/Models/SkyTower/Textures/T_SkyTower_Normal.uexp" 1134
"D:/Desktop/Jam/game-jam/Content/LowerSector_Mod/Models/SkyTower/Textures/T_SkyTower_OcclusionRoughnessMetallic.ubulk" 1135
"D:/Desktop/Jam/game-jam/Content/LowerSector_Mod/Models/SkyTower/Textures/T_SkyTower_OcclusionRoughnessMetallic.uasset" 1136
"D:/Desktop/Jam/game-jam/Content/LowerSector_Mod/Models/SkyTower/Textures/T_SkyTower_OcclusionRoughnessMetallic.uexp" 1137
"D:/Desktop/Jam/game-jam/Content/LowerSector_Mod/Models/SkyTower/Textures/T_SkyTower_Emissive.ubulk" 1138
"D:/Desktop/Jam/game-jam/Content/LowerSector_Mod/Models/SkyTower/Textures/T_SkyTower_Emissive.uasset" 1139
"D:/Desktop/Jam/game-jam/Content/LowerSector_Mod/Models/SkyTower/Textures/T_SkyTower_Emissive.uexp" 1140
"D:/Desktop/Jam/game-jam/Content/LowerSector_Mod/Models/SkyTower/Textures/T_SkyTower_BaseColor.ubulk" 1141
"D:/Desktop/Jam/game-jam/Content/LowerSector_Mod/Models/SkyTower/Textures/T_SkyTower_BaseColor.uasset" 1142
"D:/Desktop/Jam/game-jam/Content/LowerSector_Mod/Models/SkyTower/Textures/T_SkyTower_BaseColor.uexp" 1143
"D:/Desktop/Jam/game-jam/Content/LowerSector_Mod/Models/SkyTower/Materials/M_SkyTower.uasset" 1144
"D:/Desktop/Jam/game-jam/Content/LowerSector_Mod/Models/SkyTower/Materials/M_SkyTower.uexp" 1145
"D:/Desktop/Jam/game-jam/Content/UI_Icons/T_Frame148.uasset" 1146
"D:/Desktop/Jam/game-jam/Content/UI_Icons/T_Frame148.uexp" 1147
"D:/Desktop/Jam/game-jam/Content/Maps/Javohir_Map/UI/WBP_Win_Widget.uasset" 1148
"D:/Desktop/Jam/game-jam/Content/Maps/Javohir_Map/UI/WBP_Win_Widget.uexp" 1149
"D:/Desktop/Jam/game-jam/Content/Assets/Sounds/LevelUp/SFX_LevelUp.ubulk" 1150
"D:/Desktop/Jam/game-jam/Content/Assets/Sounds/LevelUp/SFX_LevelUp.uasset" 1151
"D:/Desktop/Jam/game-jam/Content/Assets/Sounds/LevelUp/SFX_LevelUp.uexp" 1152
"../../../Engine/Plugins/FX/Niagara/Content/DefaultAssets/DefaultSpriteMaterial.uasset" 1153
"../../../Engine/Plugins/FX/Niagara/Content/DefaultAssets/DefaultSpriteMaterial.uexp" 1154
"../../../Engine/Content/Functions/Engine_MaterialFunctions01/Density/ExponentialDensity.uasset" 1155
"../../../Engine/Content/Functions/Engine_MaterialFunctions01/Density/ExponentialDensity.uexp" 1156
"../../../Engine/Content/Functions/Engine_MaterialFunctions01/Gradient/RadialGradient.uasset" 1157
"../../../Engine/Content/Functions/Engine_MaterialFunctions01/Gradient/RadialGradient.uexp" 1158
"../../../Engine/Content/Functions/Engine_MaterialFunctions01/Gradient/RadialGradientExponential.uasset" 1159
"../../../Engine/Content/Functions/Engine_MaterialFunctions01/Gradient/RadialGradientExponential.uexp" 1160
"../../../Engine/Content/Functions/Engine_MaterialFunctions02/HueShift.uasset" 1161
"../../../Engine/Content/Functions/Engine_MaterialFunctions02/HueShift.uexp" 1162
"D:/Desktop/Jam/game-jam/Content/PortalSystem/Materials/M_Ramp.uasset" 1163
"D:/Desktop/Jam/game-jam/Content/PortalSystem/Materials/M_Ramp.uexp" 1164
"../../../Engine/Plugins/FX/Niagara/Content/VectorFields/Assets/TilingCurl32.uasset" 1165
"../../../Engine/Plugins/FX/Niagara/Content/VectorFields/Assets/TilingCurl32.uexp" 1166
"D:/Desktop/Jam/game-jam/Content/PortalSystem/Textures/T_RocksNormal.uasset" 1167
"D:/Desktop/Jam/game-jam/Content/PortalSystem/Textures/T_RocksNormal.uexp" 1168
"D:/Desktop/Jam/game-jam/Content/PortalSystem/Textures/T_Rocks.ubulk" 1169
"D:/Desktop/Jam/game-jam/Content/PortalSystem/Textures/T_Rocks.uasset" 1170
"D:/Desktop/Jam/game-jam/Content/PortalSystem/Textures/T_Rocks.uexp" 1171
"D:/Desktop/Jam/game-jam/Content/PortalSystem/Materials/M_Dust_02.uasset" 1172
"D:/Desktop/Jam/game-jam/Content/PortalSystem/Materials/M_Dust_02.uexp" 1173
"D:/Desktop/Jam/game-jam/Content/PortalSystem/Textures/T_Paper.ubulk" 1174
"D:/Desktop/Jam/game-jam/Content/PortalSystem/Textures/T_Paper.uasset" 1175
"D:/Desktop/Jam/game-jam/Content/PortalSystem/Textures/T_Paper.uexp" 1176
"D:/Desktop/Jam/game-jam/Content/PortalSystem/Materials/M_Dust_01.uasset" 1177
"D:/Desktop/Jam/game-jam/Content/PortalSystem/Materials/M_Dust_01.uexp" 1178
"D:/Desktop/Jam/game-jam/Content/PortalSystem/Textures/T_Smoke_01.ubulk" 1179
"D:/Desktop/Jam/game-jam/Content/PortalSystem/Textures/T_Smoke_01.uasset" 1180
"D:/Desktop/Jam/game-jam/Content/PortalSystem/Textures/T_Smoke_01.uexp" 1181
"D:/Desktop/Jam/game-jam/Content/PortalSystem/Materials/M_Smoke_02.uasset" 1182
"D:/Desktop/Jam/game-jam/Content/PortalSystem/Materials/M_Smoke_02.uexp" 1183
"D:/Desktop/Jam/game-jam/Content/PortalSystem/FX/NS_Portal_02.uasset" 1184
"D:/Desktop/Jam/game-jam/Content/PortalSystem/FX/NS_Portal_02.uexp" 1185
"D:/Desktop/Jam/game-jam/Content/PortalSystem/FX/BP_Win_Portal.uasset" 1186
"D:/Desktop/Jam/game-jam/Content/PortalSystem/FX/BP_Win_Portal.uexp" 1187
"D:/Desktop/Jam/game-jam/Content/LowerSector_Mod/Models/Apartment01/SM_Apartments01_wall.ubulk" 1188
"D:/Desktop/Jam/game-jam/Content/LowerSector_Mod/Models/Apartment01/SM_Apartments01_wall.uasset" 1189
"D:/Desktop/Jam/game-jam/Content/LowerSector_Mod/Models/Apartment01/SM_Apartments01_wall.uexp" 1190
"D:/Desktop/Jam/game-jam/Content/LowerSector_Mod/Models/Workshop/SM_Workshop_Cont1.ubulk" 1191
"D:/Desktop/Jam/game-jam/Content/LowerSector_Mod/Models/Workshop/SM_Workshop_Cont1.uasset" 1192
"D:/Desktop/Jam/game-jam/Content/LowerSector_Mod/Models/Workshop/SM_Workshop_Cont1.uexp" 1193
"D:/Desktop/Jam/game-jam/Content/LowerSector_Mod/Models/Cables/Textures/T_Cables01_OcclusionRoughnessMetallic.ubulk" 1194
"D:/Desktop/Jam/game-jam/Content/LowerSector_Mod/Models/Cables/Textures/T_Cables01_OcclusionRoughnessMetallic.uasset" 1195
"D:/Desktop/Jam/game-jam/Content/LowerSector_Mod/Models/Cables/Textures/T_Cables01_OcclusionRoughnessMetallic.uexp" 1196
"D:/Desktop/Jam/game-jam/Content/LowerSector_Mod/Models/Cables/Textures/T_Cables01_Emissive.ubulk" 1197
"D:/Desktop/Jam/game-jam/Content/LowerSector_Mod/Models/Cables/Textures/T_Cables01_Emissive.uasset" 1198
"D:/Desktop/Jam/game-jam/Content/LowerSector_Mod/Models/Cables/Textures/T_Cables01_Emissive.uexp" 1199
"D:/Desktop/Jam/game-jam/Content/LowerSector_Mod/Models/Cables/Textures/T_Cables01_BaseColor.ubulk" 1200
"D:/Desktop/Jam/game-jam/Content/LowerSector_Mod/Models/Cables/Textures/T_Cables01_BaseColor.uasset" 1201
"D:/Desktop/Jam/game-jam/Content/LowerSector_Mod/Models/Cables/Textures/T_Cables01_BaseColor.uexp" 1202
"D:/Desktop/Jam/game-jam/Content/LowerSector_Mod/Models/Cables/Textures/T_Cables01_Normal.ubulk" 1203
"D:/Desktop/Jam/game-jam/Content/LowerSector_Mod/Models/Cables/Textures/T_Cables01_Normal.uasset" 1204
"D:/Desktop/Jam/game-jam/Content/LowerSector_Mod/Models/Cables/Textures/T_Cables01_Normal.uexp" 1205
"D:/Desktop/Jam/game-jam/Content/LowerSector_Mod/Models/Cables/Materials/M_CablePower.uasset" 1206
"D:/Desktop/Jam/game-jam/Content/LowerSector_Mod/Models/Cables/Materials/M_CablePower.uexp" 1207
"D:/Desktop/Jam/game-jam/Content/LowerSector_Mod/Models/Cables/SM_CableTower01_canisters.ubulk" 1208
"D:/Desktop/Jam/game-jam/Content/LowerSector_Mod/Models/Cables/SM_CableTower01_canisters.uasset" 1209
"D:/Desktop/Jam/game-jam/Content/LowerSector_Mod/Models/Cables/SM_CableTower01_canisters.uexp" 1210
"D:/Desktop/Jam/game-jam/Content/LowerSector_Mod/Models/Cables/Materials/M_Material_006.uasset" 1211
"D:/Desktop/Jam/game-jam/Content/LowerSector_Mod/Models/Cables/Materials/M_Material_006.uexp" 1212
"D:/Desktop/Jam/game-jam/Content/LowerSector_Mod/Models/Bot/Textures/T_Bot_Normal.ubulk" 1213
"D:/Desktop/Jam/game-jam/Content/LowerSector_Mod/Models/Bot/Textures/T_Bot_Normal.uasset" 1214
"D:/Desktop/Jam/game-jam/Content/LowerSector_Mod/Models/Bot/Textures/T_Bot_Normal.uexp" 1215
"D:/Desktop/Jam/game-jam/Content/LowerSector_Mod/Models/Bot/Textures/T_Bot_Emissive.ubulk" 1216
"D:/Desktop/Jam/game-jam/Content/LowerSector_Mod/Models/Bot/Textures/T_Bot_Emissive.uasset" 1217
"D:/Desktop/Jam/game-jam/Content/LowerSector_Mod/Models/Bot/Textures/T_Bot_Emissive.uexp" 1218
"D:/Desktop/Jam/game-jam/Content/LowerSector_Mod/Models/Bot/Textures/T_Bot__OcclusionRoughnessMetallic.ubulk" 1219
"D:/Desktop/Jam/game-jam/Content/LowerSector_Mod/Models/Bot/Textures/T_Bot__OcclusionRoughnessMetallic.uasset" 1220
"D:/Desktop/Jam/game-jam/Content/LowerSector_Mod/Models/Bot/Textures/T_Bot__OcclusionRoughnessMetallic.uexp" 1221
"D:/Desktop/Jam/game-jam/Content/LowerSector_Mod/Models/Bot/Textures/T_Bot_BaseColor.ubulk" 1222
"D:/Desktop/Jam/game-jam/Content/LowerSector_Mod/Models/Bot/Textures/T_Bot_BaseColor.uasset" 1223
"D:/Desktop/Jam/game-jam/Content/LowerSector_Mod/Models/Bot/Textures/T_Bot_BaseColor.uexp" 1224
"D:/Desktop/Jam/game-jam/Content/LowerSector_Mod/Models/Bot/Materials/M_Bottington.uasset" 1225
"D:/Desktop/Jam/game-jam/Content/LowerSector_Mod/Models/Bot/Materials/M_Bottington.uexp" 1226
"D:/Desktop/Jam/game-jam/Content/LowerSector_Mod/Models/Bot/SM_Bottington.ubulk" 1227
"D:/Desktop/Jam/game-jam/Content/LowerSector_Mod/Models/Bot/SM_Bottington.uasset" 1228
"D:/Desktop/Jam/game-jam/Content/LowerSector_Mod/Models/Bot/SM_Bottington.uexp" 1229
"D:/Desktop/Jam/game-jam/Content/LowerSector_Mod/Models/Decals/Textures/T_Decal_Num_02.ubulk" 1230
"D:/Desktop/Jam/game-jam/Content/LowerSector_Mod/Models/Decals/Textures/T_Decal_Num_02.uasset" 1231
"D:/Desktop/Jam/game-jam/Content/LowerSector_Mod/Models/Decals/Textures/T_Decal_Num_02.uexp" 1232
"D:/Desktop/Jam/game-jam/Content/LowerSector_Mod/Models/Decals/Materials/M_Decal_Num02.uasset" 1233
"D:/Desktop/Jam/game-jam/Content/LowerSector_Mod/Models/Decals/Materials/M_Decal_Num02.uexp" 1234
"D:/Desktop/Jam/game-jam/Content/LowerSector_Mod/Models/Cables/SM_CableTower01_box.ubulk" 1235
"D:/Desktop/Jam/game-jam/Content/LowerSector_Mod/Models/Cables/SM_CableTower01_box.uasset" 1236
"D:/Desktop/Jam/game-jam/Content/LowerSector_Mod/Models/Cables/SM_CableTower01_box.uexp" 1237
"D:/Desktop/Jam/game-jam/Content/LowerSector_Mod/Models/Workshop/SM_Workshop_Cont5.ubulk" 1238
"D:/Desktop/Jam/game-jam/Content/LowerSector_Mod/Models/Workshop/SM_Workshop_Cont5.uasset" 1239
"D:/Desktop/Jam/game-jam/Content/LowerSector_Mod/Models/Workshop/SM_Workshop_Cont5.uexp" 1240
"D:/Desktop/Jam/game-jam/Content/LowerSector_Mod/Models/SideWalk/Textures/T_Sidewalk_BaseColor.ubulk" 1241
"D:/Desktop/Jam/game-jam/Content/LowerSector_Mod/Models/SideWalk/Textures/T_Sidewalk_BaseColor.uasset" 1242
"D:/Desktop/Jam/game-jam/Content/LowerSector_Mod/Models/SideWalk/Textures/T_Sidewalk_BaseColor.uexp" 1243
"D:/Desktop/Jam/game-jam/Content/LowerSector_Mod/Models/SideWalk/Textures/T_Sidewalk_OcclusionRoughnessMetallic.ubulk" 1244
"D:/Desktop/Jam/game-jam/Content/LowerSector_Mod/Models/SideWalk/Textures/T_Sidewalk_OcclusionRoughnessMetallic.uasset" 1245
"D:/Desktop/Jam/game-jam/Content/LowerSector_Mod/Models/SideWalk/Textures/T_Sidewalk_OcclusionRoughnessMetallic.uexp" 1246
"D:/Desktop/Jam/game-jam/Content/LowerSector_Mod/Models/SideWalk/Textures/T_Sidewalk_Normal.ubulk" 1247
"D:/Desktop/Jam/game-jam/Content/LowerSector_Mod/Models/SideWalk/Textures/T_Sidewalk_Normal.uasset" 1248
"D:/Desktop/Jam/game-jam/Content/LowerSector_Mod/Models/SideWalk/Textures/T_Sidewalk_Normal.uexp" 1249
"D:/Desktop/Jam/game-jam/Content/LowerSector_Mod/Models/SideWalk/Materials/M_SideWalk.uasset" 1250
"D:/Desktop/Jam/game-jam/Content/LowerSector_Mod/Models/SideWalk/Materials/M_SideWalk.uexp" 1251
"D:/Desktop/Jam/game-jam/Content/LowerSector_Mod/Models/SideWalk/SM_Railing01.ubulk" 1252
"D:/Desktop/Jam/game-jam/Content/LowerSector_Mod/Models/SideWalk/SM_Railing01.uasset" 1253
"D:/Desktop/Jam/game-jam/Content/LowerSector_Mod/Models/SideWalk/SM_Railing01.uexp" 1254
"D:/Desktop/Jam/game-jam/Content/LowerSector_Mod/Models/Cables/SM_CableTower01.ubulk" 1255
"D:/Desktop/Jam/game-jam/Content/LowerSector_Mod/Models/Cables/SM_CableTower01.uasset" 1256
"D:/Desktop/Jam/game-jam/Content/LowerSector_Mod/Models/Cables/SM_CableTower01.uexp" 1257
"D:/Desktop/Jam/game-jam/Content/LowerSector_Mod/Models/ConcreteWalls/Textures/T_ConcreteWalls01_OcclusionRoughnessMetallic.ubulk" 1258
"D:/Desktop/Jam/game-jam/Content/LowerSector_Mod/Models/ConcreteWalls/Textures/T_ConcreteWalls01_OcclusionRoughnessMetallic.uasset" 1259
"D:/Desktop/Jam/game-jam/Content/LowerSector_Mod/Models/ConcreteWalls/Textures/T_ConcreteWalls01_OcclusionRoughnessMetallic.uexp" 1260
"D:/Desktop/Jam/game-jam/Content/LowerSector_Mod/Models/ConcreteWalls/Textures/T_ConcreteWalls01_Base_Color.ubulk" 1261
"D:/Desktop/Jam/game-jam/Content/LowerSector_Mod/Models/ConcreteWalls/Textures/T_ConcreteWalls01_Base_Color.uasset" 1262
"D:/Desktop/Jam/game-jam/Content/LowerSector_Mod/Models/ConcreteWalls/Textures/T_ConcreteWalls01_Base_Color.uexp" 1263
"D:/Desktop/Jam/game-jam/Content/LowerSector_Mod/Models/ConcreteWalls/Textures/T_ConcreteWalls01_Normal.ubulk" 1264
"D:/Desktop/Jam/game-jam/Content/LowerSector_Mod/Models/ConcreteWalls/Textures/T_ConcreteWalls01_Normal.uasset" 1265
"D:/Desktop/Jam/game-jam/Content/LowerSector_Mod/Models/ConcreteWalls/Textures/T_ConcreteWalls01_Normal.uexp" 1266
"D:/Desktop/Jam/game-jam/Content/LowerSector_Mod/Models/ConcreteWalls/Materials/M_ConcreteWalls01.uasset" 1267
"D:/Desktop/Jam/game-jam/Content/LowerSector_Mod/Models/ConcreteWalls/Materials/M_ConcreteWalls01.uexp" 1268
"D:/Desktop/Jam/game-jam/Content/LowerSector_Mod/Models/ConcreteWalls/SM_ConcretePillar01.ubulk" 1269
"D:/Desktop/Jam/game-jam/Content/LowerSector_Mod/Models/ConcreteWalls/SM_ConcretePillar01.uasset" 1270
"D:/Desktop/Jam/game-jam/Content/LowerSector_Mod/Models/ConcreteWalls/SM_ConcretePillar01.uexp" 1271
"D:/Desktop/Jam/game-jam/Content/LowerSector_Mod/Models/Decals/Textures/T_Decal_RedLine.ubulk" 1272
"D:/Desktop/Jam/game-jam/Content/LowerSector_Mod/Models/Decals/Textures/T_Decal_RedLine.uasset" 1273
"D:/Desktop/Jam/game-jam/Content/LowerSector_Mod/Models/Decals/Textures/T_Decal_RedLine.uexp" 1274
"D:/Desktop/Jam/game-jam/Content/LowerSector_Mod/Models/Decals/Materials/M_Decal_Paintline01_Red.uasset" 1275
"D:/Desktop/Jam/game-jam/Content/LowerSector_Mod/Models/Decals/Materials/M_Decal_Paintline01_Red.uexp" 1276
"D:/Desktop/Jam/game-jam/Content/LowerSector_Mod/Models/SkyTower/SM_SkyTower2.ubulk" 1277
"D:/Desktop/Jam/game-jam/Content/LowerSector_Mod/Models/SkyTower/SM_SkyTower2.uasset" 1278
"D:/Desktop/Jam/game-jam/Content/LowerSector_Mod/Models/SkyTower/SM_SkyTower2.uexp" 1279
"D:/Desktop/Jam/game-jam/Content/LowerSector_Mod/Models/Cables/Materials/M_Material_003.uasset" 1280
"D:/Desktop/Jam/game-jam/Content/LowerSector_Mod/Models/Cables/Materials/M_Material_003.uexp" 1281
"D:/Desktop/Jam/game-jam/Content/LowerSector_Mod/Models/Decals/Textures/T_CC01.ubulk" 1282
"D:/Desktop/Jam/game-jam/Content/LowerSector_Mod/Models/Decals/Textures/T_CC01.uasset" 1283
"D:/Desktop/Jam/game-jam/Content/LowerSector_Mod/Models/Decals/Textures/T_CC01.uexp" 1284
"D:/Desktop/Jam/game-jam/Content/LowerSector_Mod/Models/Decals/Materials/M_Decal_CC0_Horiz.uasset" 1285
"D:/Desktop/Jam/game-jam/Content/LowerSector_Mod/Models/Decals/Materials/M_Decal_CC0_Horiz.uexp" 1286
"D:/Desktop/Jam/game-jam/Content/LowerSector_Mod/Models/BG_Buildings/Textures/T_BG_Buildings_OcclusionRoughnessMetallic.ubulk" 1287
"D:/Desktop/Jam/game-jam/Content/LowerSector_Mod/Models/BG_Buildings/Textures/T_BG_Buildings_OcclusionRoughnessMetallic.uasset" 1288
"D:/Desktop/Jam/game-jam/Content/LowerSector_Mod/Models/BG_Buildings/Textures/T_BG_Buildings_OcclusionRoughnessMetallic.uexp" 1289
"D:/Desktop/Jam/game-jam/Content/LowerSector_Mod/Models/BG_Buildings/Textures/T_BG_Buildings_Normal.ubulk" 1290
"D:/Desktop/Jam/game-jam/Content/LowerSector_Mod/Models/BG_Buildings/Textures/T_BG_Buildings_Normal.uasset" 1291
"D:/Desktop/Jam/game-jam/Content/LowerSector_Mod/Models/BG_Buildings/Textures/T_BG_Buildings_Normal.uexp" 1292
"D:/Desktop/Jam/game-jam/Content/LowerSector_Mod/Models/BG_Buildings/Textures/T_BG_Buildings_BaseColor.ubulk" 1293
"D:/Desktop/Jam/game-jam/Content/LowerSector_Mod/Models/BG_Buildings/Textures/T_BG_Buildings_BaseColor.uasset" 1294
"D:/Desktop/Jam/game-jam/Content/LowerSector_Mod/Models/BG_Buildings/Textures/T_BG_Buildings_BaseColor.uexp" 1295
"D:/Desktop/Jam/game-jam/Content/LowerSector_Mod/Models/BG_Buildings/Materials/M_BG_Building01.uasset" 1296
"D:/Desktop/Jam/game-jam/Content/LowerSector_Mod/Models/BG_Buildings/Materials/M_BG_Building01.uexp" 1297
"D:/Desktop/Jam/game-jam/Content/LowerSector_Mod/Models/BG_Buildings/SM_BG_Building05.ubulk" 1298
"D:/Desktop/Jam/game-jam/Content/LowerSector_Mod/Models/BG_Buildings/SM_BG_Building05.uasset" 1299
"D:/Desktop/Jam/game-jam/Content/LowerSector_Mod/Models/BG_Buildings/SM_BG_Building05.uexp" 1300
"D:/Desktop/Jam/game-jam/Content/LowerSector_Mod/Models/PowerCar/SM_ChargeHose_01.ubulk" 1301
"D:/Desktop/Jam/game-jam/Content/LowerSector_Mod/Models/PowerCar/SM_ChargeHose_01.uasset" 1302
"D:/Desktop/Jam/game-jam/Content/LowerSector_Mod/Models/PowerCar/SM_ChargeHose_01.uexp" 1303
"D:/Desktop/Jam/game-jam/Content/LowerSector_Mod/Audio/Lower_section_map_sound.ubulk" 1304
"D:/Desktop/Jam/game-jam/Content/LowerSector_Mod/Audio/Lower_section_map_sound.uasset" 1305
"D:/Desktop/Jam/game-jam/Content/LowerSector_Mod/Audio/Lower_section_map_sound.uexp" 1306
"D:/Desktop/Jam/game-jam/Content/LowerSector_Mod/Models/Tower8x/Textures/T_Tower8x_Normal.ubulk" 1307
"D:/Desktop/Jam/game-jam/Content/LowerSector_Mod/Models/Tower8x/Textures/T_Tower8x_Normal.uasset" 1308
"D:/Desktop/Jam/game-jam/Content/LowerSector_Mod/Models/Tower8x/Textures/T_Tower8x_Normal.uexp" 1309
"D:/Desktop/Jam/game-jam/Content/LowerSector_Mod/Models/Tower8x/Textures/T_Tower8x_PanelMask.ubulk" 1310
"D:/Desktop/Jam/game-jam/Content/LowerSector_Mod/Models/Tower8x/Textures/T_Tower8x_PanelMask.uasset" 1311
"D:/Desktop/Jam/game-jam/Content/LowerSector_Mod/Models/Tower8x/Textures/T_Tower8x_PanelMask.uexp" 1312
"D:/Desktop/Jam/game-jam/Content/LowerSector_Mod/Models/Tower8x/Textures/T_Tower8x_OcclusionRoughnessMetallic.ubulk" 1313
"D:/Desktop/Jam/game-jam/Content/LowerSector_Mod/Models/Tower8x/Textures/T_Tower8x_OcclusionRoughnessMetallic.uasset" 1314
"D:/Desktop/Jam/game-jam/Content/LowerSector_Mod/Models/Tower8x/Textures/T_Tower8x_OcclusionRoughnessMetallic.uexp" 1315
"D:/Desktop/Jam/game-jam/Content/LowerSector_Mod/Models/Tower8x/Textures/T_Tower8x_BaseColor.ubulk" 1316
"D:/Desktop/Jam/game-jam/Content/LowerSector_Mod/Models/Tower8x/Textures/T_Tower8x_BaseColor.uasset" 1317
"D:/Desktop/Jam/game-jam/Content/LowerSector_Mod/Models/Tower8x/Textures/T_Tower8x_BaseColor.uexp" 1318
"D:/Desktop/Jam/game-jam/Content/LowerSector_Mod/Models/Tower8x/Materials/M_Tower8x.uasset" 1319
"D:/Desktop/Jam/game-jam/Content/LowerSector_Mod/Models/Tower8x/Materials/M_Tower8x.uexp" 1320
"D:/Desktop/Jam/game-jam/Content/LowerSector_Mod/Models/Tower8x/Materials/MI_Tower8x_Inst2.uasset" 1321
"D:/Desktop/Jam/game-jam/Content/LowerSector_Mod/Models/Tower8x/Materials/MI_Tower8x_Inst2.uexp" 1322
"D:/Desktop/Jam/game-jam/Content/LowerSector_Mod/Models/Cables/SM_Cable_Antenna1.ubulk" 1323
"D:/Desktop/Jam/game-jam/Content/LowerSector_Mod/Models/Cables/SM_Cable_Antenna1.uasset" 1324
"D:/Desktop/Jam/game-jam/Content/LowerSector_Mod/Models/Cables/SM_Cable_Antenna1.uexp" 1325
"D:/Desktop/Jam/game-jam/Content/LowerSector_Mod/Models/Entrance02/Textures/T_Entrance02_Normal.ubulk" 1326
"D:/Desktop/Jam/game-jam/Content/LowerSector_Mod/Models/Entrance02/Textures/T_Entrance02_Normal.uasset" 1327
"D:/Desktop/Jam/game-jam/Content/LowerSector_Mod/Models/Entrance02/Textures/T_Entrance02_Normal.uexp" 1328
"D:/Desktop/Jam/game-jam/Content/LowerSector_Mod/Models/Entrance02/Textures/T_Entrance02_BaseColor.ubulk" 1329
"D:/Desktop/Jam/game-jam/Content/LowerSector_Mod/Models/Entrance02/Textures/T_Entrance02_BaseColor.uasset" 1330
"D:/Desktop/Jam/game-jam/Content/LowerSector_Mod/Models/Entrance02/Textures/T_Entrance02_BaseColor.uexp" 1331
"D:/Desktop/Jam/game-jam/Content/LowerSector_Mod/Models/Entrance02/Textures/T_Entrance02_OcclusionRoughnessMetallic.ubulk" 1332
"D:/Desktop/Jam/game-jam/Content/LowerSector_Mod/Models/Entrance02/Textures/T_Entrance02_OcclusionRoughnessMetallic.uasset" 1333
"D:/Desktop/Jam/game-jam/Content/LowerSector_Mod/Models/Entrance02/Textures/T_Entrance02_OcclusionRoughnessMetallic.uexp" 1334
"D:/Desktop/Jam/game-jam/Content/LowerSector_Mod/Models/Entrance02/Textures/T_Entrance02_Emissive.ubulk" 1335
"D:/Desktop/Jam/game-jam/Content/LowerSector_Mod/Models/Entrance02/Textures/T_Entrance02_Emissive.uasset" 1336
"D:/Desktop/Jam/game-jam/Content/LowerSector_Mod/Models/Entrance02/Textures/T_Entrance02_Emissive.uexp" 1337
"D:/Desktop/Jam/game-jam/Content/LowerSector_Mod/Models/Entrance02/Materials/M_Entrance02.uasset" 1338
"D:/Desktop/Jam/game-jam/Content/LowerSector_Mod/Models/Entrance02/Materials/M_Entrance02.uexp" 1339
"D:/Desktop/Jam/game-jam/Content/LowerSector_Mod/Models/Entrance02/SM_EntrancePipes.ubulk" 1340
"D:/Desktop/Jam/game-jam/Content/LowerSector_Mod/Models/Entrance02/SM_EntrancePipes.uasset" 1341
"D:/Desktop/Jam/game-jam/Content/LowerSector_Mod/Models/Entrance02/SM_EntrancePipes.uexp" 1342
"D:/Desktop/Jam/game-jam/Content/LowerSector_Mod/Models/Pipes/SM_Pipe1.ubulk" 1343
"D:/Desktop/Jam/game-jam/Content/LowerSector_Mod/Models/Pipes/SM_Pipe1.uasset" 1344
"D:/Desktop/Jam/game-jam/Content/LowerSector_Mod/Models/Pipes/SM_Pipe1.uexp" 1345
"D:/Desktop/Jam/game-jam/Content/LowerSector_Mod/Models/Pipes/SM_Pipe1_3.ubulk" 1346
"D:/Desktop/Jam/game-jam/Content/LowerSector_Mod/Models/Pipes/SM_Pipe1_3.uasset" 1347
"D:/Desktop/Jam/game-jam/Content/LowerSector_Mod/Models/Pipes/SM_Pipe1_3.uexp" 1348
"D:/Desktop/Jam/game-jam/Content/LowerSector_Mod/Models/Pipes/SM_Pipe1_4.ubulk" 1349
"D:/Desktop/Jam/game-jam/Content/LowerSector_Mod/Models/Pipes/SM_Pipe1_4.uasset" 1350
"D:/Desktop/Jam/game-jam/Content/LowerSector_Mod/Models/Pipes/SM_Pipe1_4.uexp" 1351
"D:/Desktop/Jam/game-jam/Content/LowerSector_Mod/Models/Pipes/SM_Pipe1_5.ubulk" 1352
"D:/Desktop/Jam/game-jam/Content/LowerSector_Mod/Models/Pipes/SM_Pipe1_5.uasset" 1353
"D:/Desktop/Jam/game-jam/Content/LowerSector_Mod/Models/Pipes/SM_Pipe1_5.uexp" 1354
"D:/Desktop/Jam/game-jam/Content/LowerSector_Mod/Models/ConcreteWalls/SM_ConcreteWall02.ubulk" 1355
"D:/Desktop/Jam/game-jam/Content/LowerSector_Mod/Models/ConcreteWalls/SM_ConcreteWall02.uasset" 1356
"D:/Desktop/Jam/game-jam/Content/LowerSector_Mod/Models/ConcreteWalls/SM_ConcreteWall02.uexp" 1357
"D:/Desktop/Jam/game-jam/Content/LowerSector_Mod/Models/Cables/SM_Cable_Antenna3.ubulk" 1358
"D:/Desktop/Jam/game-jam/Content/LowerSector_Mod/Models/Cables/SM_Cable_Antenna3.uasset" 1359
"D:/Desktop/Jam/game-jam/Content/LowerSector_Mod/Models/Cables/SM_Cable_Antenna3.uexp" 1360
"D:/Desktop/Jam/game-jam/Content/LowerSector_Mod/Materials/BlockoutMaterials/M_NewMaterial4.uasset" 1361
"D:/Desktop/Jam/game-jam/Content/LowerSector_Mod/Materials/BlockoutMaterials/M_NewMaterial4.uexp" 1362
"D:/Desktop/Jam/game-jam/Content/LowerSector_Mod/Models/Workshop/SM_Workshop_Cont2.ubulk" 1363
"D:/Desktop/Jam/game-jam/Content/LowerSector_Mod/Models/Workshop/SM_Workshop_Cont2.uasset" 1364
"D:/Desktop/Jam/game-jam/Content/LowerSector_Mod/Models/Workshop/SM_Workshop_Cont2.uexp" 1365
"D:/Desktop/Jam/game-jam/Content/LowerSector_Mod/Materials/Street01/Textures/T_Street01_Normal.ubulk" 1366
"D:/Desktop/Jam/game-jam/Content/LowerSector_Mod/Materials/Street01/Textures/T_Street01_Normal.uasset" 1367
"D:/Desktop/Jam/game-jam/Content/LowerSector_Mod/Materials/Street01/Textures/T_Street01_Normal.uexp" 1368
"D:/Desktop/Jam/game-jam/Content/LowerSector_Mod/Materials/Street01/Textures/T_Street01_BaseColor.ubulk" 1369
"D:/Desktop/Jam/game-jam/Content/LowerSector_Mod/Materials/Street01/Textures/T_Street01_BaseColor.uasset" 1370
"D:/Desktop/Jam/game-jam/Content/LowerSector_Mod/Materials/Street01/Textures/T_Street01_BaseColor.uexp" 1371
"D:/Desktop/Jam/game-jam/Content/LowerSector_Mod/Materials/Street01/Textures/T_Street01_OcclusionRoughnessMetallic.ubulk" 1372
"D:/Desktop/Jam/game-jam/Content/LowerSector_Mod/Materials/Street01/Textures/T_Street01_OcclusionRoughnessMetallic.uasset" 1373
"D:/Desktop/Jam/game-jam/Content/LowerSector_Mod/Materials/Street01/Textures/T_Street01_OcclusionRoughnessMetallic.uexp" 1374
"D:/Desktop/Jam/game-jam/Content/LowerSector_Mod/Materials/Street01/Materials/M_Street01.uasset" 1375
"D:/Desktop/Jam/game-jam/Content/LowerSector_Mod/Materials/Street01/Materials/M_Street01.uexp" 1376
"D:/Desktop/Jam/game-jam/Content/LowerSector_Mod/Models/Entrance01_Top/Textures/T_Entrance01top_BaseColor.ubulk" 1377
"D:/Desktop/Jam/game-jam/Content/LowerSector_Mod/Models/Entrance01_Top/Textures/T_Entrance01top_BaseColor.uasset" 1378
"D:/Desktop/Jam/game-jam/Content/LowerSector_Mod/Models/Entrance01_Top/Textures/T_Entrance01top_BaseColor.uexp" 1379
"D:/Desktop/Jam/game-jam/Content/LowerSector_Mod/Models/Entrance01_Top/Textures/T_Entrance01top_Normal.ubulk" 1380
"D:/Desktop/Jam/game-jam/Content/LowerSector_Mod/Models/Entrance01_Top/Textures/T_Entrance01top_Normal.uasset" 1381
"D:/Desktop/Jam/game-jam/Content/LowerSector_Mod/Models/Entrance01_Top/Textures/T_Entrance01top_Normal.uexp" 1382
"D:/Desktop/Jam/game-jam/Content/LowerSector_Mod/Models/Entrance01_Top/Textures/T_Entrance01top_Emissive.ubulk" 1383
"D:/Desktop/Jam/game-jam/Content/LowerSector_Mod/Models/Entrance01_Top/Textures/T_Entrance01top_Emissive.uasset" 1384
"D:/Desktop/Jam/game-jam/Content/LowerSector_Mod/Models/Entrance01_Top/Textures/T_Entrance01top_Emissive.uexp" 1385
"D:/Desktop/Jam/game-jam/Content/LowerSector_Mod/Models/Entrance01_Top/Textures/T_Entrance01top_OcclusionRoughnessMetallic.ubulk" 1386
"D:/Desktop/Jam/game-jam/Content/LowerSector_Mod/Models/Entrance01_Top/Textures/T_Entrance01top_OcclusionRoughnessMetallic.uasset" 1387
"D:/Desktop/Jam/game-jam/Content/LowerSector_Mod/Models/Entrance01_Top/Textures/T_Entrance01top_OcclusionRoughnessMetallic.uexp" 1388
"D:/Desktop/Jam/game-jam/Content/LowerSector_Mod/Models/Entrance01_Top/Materials/M_EntranceTop01.uasset" 1389
"D:/Desktop/Jam/game-jam/Content/LowerSector_Mod/Models/Entrance01_Top/Materials/M_EntranceTop01.uexp" 1390
"D:/Desktop/Jam/game-jam/Content/LowerSector_Mod/Models/Entrance01_Top/SM_Entrance01top.ubulk" 1391
"D:/Desktop/Jam/game-jam/Content/LowerSector_Mod/Models/Entrance01_Top/SM_Entrance01top.uasset" 1392
"D:/Desktop/Jam/game-jam/Content/LowerSector_Mod/Models/Entrance01_Top/SM_Entrance01top.uexp" 1393
"D:/Desktop/Jam/game-jam/Content/LowerSector_Mod/Models/Decals/Textures/T_Decal_Num_03.ubulk" 1394
"D:/Desktop/Jam/game-jam/Content/LowerSector_Mod/Models/Decals/Textures/T_Decal_Num_03.uasset" 1395
"D:/Desktop/Jam/game-jam/Content/LowerSector_Mod/Models/Decals/Textures/T_Decal_Num_03.uexp" 1396
"D:/Desktop/Jam/game-jam/Content/LowerSector_Mod/Models/Decals/Materials/M_Decal_Num03.uasset" 1397
"D:/Desktop/Jam/game-jam/Content/LowerSector_Mod/Models/Decals/Materials/M_Decal_Num03.uexp" 1398
"D:/Desktop/Jam/game-jam/Content/LowerSector_Mod/Models/Pipes/SM_PipeCap.ubulk" 1399
"D:/Desktop/Jam/game-jam/Content/LowerSector_Mod/Models/Pipes/SM_PipeCap.uasset" 1400
"D:/Desktop/Jam/game-jam/Content/LowerSector_Mod/Models/Pipes/SM_PipeCap.uexp" 1401
"D:/Desktop/Jam/game-jam/Content/LowerSector_Mod/Materials/BlockoutMaterials/M_Hose_temp.uasset" 1402
"D:/Desktop/Jam/game-jam/Content/LowerSector_Mod/Materials/BlockoutMaterials/M_Hose_temp.uexp" 1403
"D:/Desktop/Jam/game-jam/Content/LowerSector_Mod/Models/Wall6x/Materials/MI_Wall6x_Inst1.uasset" 1404
"D:/Desktop/Jam/game-jam/Content/LowerSector_Mod/Models/Wall6x/Materials/MI_Wall6x_Inst1.uexp" 1405
"D:/Desktop/Jam/game-jam/Content/LowerSector_Mod/Models/Building01/Textures/T_B_01_mid01_OcclusionRoughnessMetallic.ubulk" 1406
"D:/Desktop/Jam/game-jam/Content/LowerSector_Mod/Models/Building01/Textures/T_B_01_mid01_OcclusionRoughnessMetallic.uasset" 1407
"D:/Desktop/Jam/game-jam/Content/LowerSector_Mod/Models/Building01/Textures/T_B_01_mid01_OcclusionRoughnessMetallic.uexp" 1408
"D:/Desktop/Jam/game-jam/Content/LowerSector_Mod/Models/Building01/Textures/T_B_01_mid01_BaseColor.ubulk" 1409
"D:/Desktop/Jam/game-jam/Content/LowerSector_Mod/Models/Building01/Textures/T_B_01_mid01_BaseColor.uasset" 1410
"D:/Desktop/Jam/game-jam/Content/LowerSector_Mod/Models/Building01/Textures/T_B_01_mid01_BaseColor.uexp" 1411
"D:/Desktop/Jam/game-jam/Content/LowerSector_Mod/Models/Building01/Textures/T_B_01_mid01_Normal.ubulk" 1412
"D:/Desktop/Jam/game-jam/Content/LowerSector_Mod/Models/Building01/Textures/T_B_01_mid01_Normal.uasset" 1413
"D:/Desktop/Jam/game-jam/Content/LowerSector_Mod/Models/Building01/Textures/T_B_01_mid01_Normal.uexp" 1414
"D:/Desktop/Jam/game-jam/Content/LowerSector_Mod/Models/Building01/Materials/M_B01_Mid01.uasset" 1415
"D:/Desktop/Jam/game-jam/Content/LowerSector_Mod/Models/Building01/Materials/M_B01_Mid01.uexp" 1416
"D:/Desktop/Jam/game-jam/Content/LowerSector_Mod/Models/ConcreteWalls/SM_ConcreteWall01.ubulk" 1417
"D:/Desktop/Jam/game-jam/Content/LowerSector_Mod/Models/ConcreteWalls/SM_ConcreteWall01.uasset" 1418
"D:/Desktop/Jam/game-jam/Content/LowerSector_Mod/Models/ConcreteWalls/SM_ConcreteWall01.uexp" 1419
"D:/Desktop/Jam/game-jam/Content/LowerSector_Mod/Models/SideWalk/SM_Railing02.ubulk" 1420
"D:/Desktop/Jam/game-jam/Content/LowerSector_Mod/Models/SideWalk/SM_Railing02.uasset" 1421
"D:/Desktop/Jam/game-jam/Content/LowerSector_Mod/Models/SideWalk/SM_Railing02.uexp" 1422
"D:/Desktop/Jam/game-jam/Content/LowerSector_Mod/Models/Bot/SM_Bottington2.ubulk" 1423
"D:/Desktop/Jam/game-jam/Content/LowerSector_Mod/Models/Bot/SM_Bottington2.uasset" 1424
"D:/Desktop/Jam/game-jam/Content/LowerSector_Mod/Models/Bot/SM_Bottington2.uexp" 1425
"D:/Desktop/Jam/game-jam/Content/LowerSector_Mod/Models/Cables/SM_Cable_Antenna2.ubulk" 1426
"D:/Desktop/Jam/game-jam/Content/LowerSector_Mod/Models/Cables/SM_Cable_Antenna2.uasset" 1427
"D:/Desktop/Jam/game-jam/Content/LowerSector_Mod/Models/Cables/SM_Cable_Antenna2.uexp" 1428
"D:/Desktop/Jam/game-jam/Content/LowerSector_Mod/Models/Pipes/SM_PipeSM2.ubulk" 1429
"D:/Desktop/Jam/game-jam/Content/LowerSector_Mod/Models/Pipes/SM_PipeSM2.uasset" 1430
"D:/Desktop/Jam/game-jam/Content/LowerSector_Mod/Models/Pipes/SM_PipeSM2.uexp" 1431
"D:/Desktop/Jam/game-jam/Content/Assets/Sounds/Abilities/ArcaneShards/wav/SFX_RockSpikes_06.ubulk" 1432
"D:/Desktop/Jam/game-jam/Content/Assets/Sounds/Abilities/ArcaneShards/wav/SFX_RockSpikes_06.uasset" 1433
"D:/Desktop/Jam/game-jam/Content/Assets/Sounds/Abilities/ArcaneShards/wav/SFX_RockSpikes_06.uexp" 1434
"D:/Desktop/Jam/game-jam/Content/Assets/Sounds/Enemies/Goblin/RockHit/SFX_RockHit_Body_01.ubulk" 1435
"D:/Desktop/Jam/game-jam/Content/Assets/Sounds/Enemies/Goblin/RockHit/SFX_RockHit_Body_01.uasset" 1436
"D:/Desktop/Jam/game-jam/Content/Assets/Sounds/Enemies/Goblin/RockHit/SFX_RockHit_Body_01.uexp" 1437
"D:/Desktop/Jam/game-jam/Content/UI_Icons/T_Frame144.uasset" 1438
"D:/Desktop/Jam/game-jam/Content/UI_Icons/T_Frame144.uexp" 1439
"D:/Desktop/Jam/game-jam/Content/Maps/Javohir_Map/UI/WBP_MainMenu1.uasset" 1440
"D:/Desktop/Jam/game-jam/Content/Maps/Javohir_Map/UI/WBP_MainMenu1.uexp" 1441
"D:/Desktop/Jam/game-jam/Content/Assets/Characters/Aura/SK_Aura.uasset" 1442
"D:/Desktop/Jam/game-jam/Content/Assets/Characters/Aura/SK_Aura.uexp" 1443
"D:/Desktop/Jam/game-jam/Content/Assets/Characters/Aura/Animations/Abilities/HitReact1.uasset" 1444
"D:/Desktop/Jam/game-jam/Content/Assets/Characters/Aura/Animations/Abilities/HitReact1.uexp" 1445
"D:/Desktop/Jam/game-jam/Content/Assets/Characters/Aura/Animations/Abilities/AM_HitReact.uasset" 1446
"D:/Desktop/Jam/game-jam/Content/Assets/Characters/Aura/Animations/Abilities/AM_HitReact.uexp" 1447
"D:/Desktop/Jam/game-jam/Content/Assets/Sounds/Abilities/Shock/wav/SFX_Electric_Hum_Loop_01.ubulk" 1448
"D:/Desktop/Jam/game-jam/Content/Assets/Sounds/Abilities/Shock/wav/SFX_Electric_Hum_Loop_01.uasset" 1449
"D:/Desktop/Jam/game-jam/Content/Assets/Sounds/Abilities/Shock/wav/SFX_Electric_Hum_Loop_01.uexp" 1450
"D:/Desktop/Jam/game-jam/Content/Assets/UI/Rings/SkillRing/SkillRing_2.uasset" 1451
"D:/Desktop/Jam/game-jam/Content/Assets/UI/Rings/SkillRing/SkillRing_2.uexp" 1452
"D:/Desktop/Jam/game-jam/Content/Maps/Javohir_Map/UI/WBP_SpellArea.uasset" 1453
"D:/Desktop/Jam/game-jam/Content/Maps/Javohir_Map/UI/WBP_SpellArea.uexp" 1454
"D:/Desktop/Jam/game-jam/Content/Assets/Sounds/Abilities/ThunderStrike/SFX_ThunderStrike_02.ubulk" 1455
"D:/Desktop/Jam/game-jam/Content/Assets/Sounds/Abilities/ThunderStrike/SFX_ThunderStrike_02.uasset" 1456
"D:/Desktop/Jam/game-jam/Content/Assets/Sounds/Abilities/ThunderStrike/SFX_ThunderStrike_02.uexp" 1457
"D:/Desktop/Jam/game-jam/Content/Mixed_Magic_VFX_Pack/Materials/Main_Materials/M_Ring.uasset" 1458
"D:/Desktop/Jam/game-jam/Content/Mixed_Magic_VFX_Pack/Materials/Main_Materials/M_Ring.uexp" 1459
"D:/Desktop/Jam/game-jam/Content/Mixed_Magic_VFX_Pack/Materials/Instance_Materials/MI_Ring_Inst_3.uasset" 1460
"D:/Desktop/Jam/game-jam/Content/Mixed_Magic_VFX_Pack/Materials/Instance_Materials/MI_Ring_Inst_3.uexp" 1461
"D:/Desktop/Jam/game-jam/Content/Mixed_Magic_VFX_Pack/Textures/T_Noise_3.ubulk" 1462
"D:/Desktop/Jam/game-jam/Content/Mixed_Magic_VFX_Pack/Textures/T_Noise_3.uasset" 1463
"D:/Desktop/Jam/game-jam/Content/Mixed_Magic_VFX_Pack/Textures/T_Noise_3.uexp" 1464
"../../../Engine/Content/Functions/Engine_MaterialFunctions01/Texturing/ScaleUVsByCenter.uasset" 1465
"../../../Engine/Content/Functions/Engine_MaterialFunctions01/Texturing/ScaleUVsByCenter.uexp" 1466
"../../../Engine/Content/Functions/Engine_MaterialFunctions01/Gradient/SphereGradient-2D.uasset" 1467
"../../../Engine/Content/Functions/Engine_MaterialFunctions01/Gradient/SphereGradient-2D.uexp" 1468
"D:/Desktop/Jam/game-jam/Content/Mixed_Magic_VFX_Pack/Materials/Main_Materials/M_Flare.uasset" 1469
"D:/Desktop/Jam/game-jam/Content/Mixed_Magic_VFX_Pack/Materials/Main_Materials/M_Flare.uexp" 1470
"D:/Desktop/Jam/game-jam/Content/Mixed_Magic_VFX_Pack/Materials/Instance_Materials/MI_Flare_Inst_3.uasset" 1471
"D:/Desktop/Jam/game-jam/Content/Mixed_Magic_VFX_Pack/Materials/Instance_Materials/MI_Flare_Inst_3.uexp" 1472
"D:/Desktop/Jam/game-jam/Content/Mixed_Magic_VFX_Pack/Textures/T_Noise_2.ubulk" 1473
"D:/Desktop/Jam/game-jam/Content/Mixed_Magic_VFX_Pack/Textures/T_Noise_2.uasset" 1474
"D:/Desktop/Jam/game-jam/Content/Mixed_Magic_VFX_Pack/Textures/T_Noise_2.uexp" 1475
"D:/Desktop/Jam/game-jam/Content/Mixed_Magic_VFX_Pack/Textures/T_Noise_9.ubulk" 1476
"D:/Desktop/Jam/game-jam/Content/Mixed_Magic_VFX_Pack/Textures/T_Noise_9.uasset" 1477
"D:/Desktop/Jam/game-jam/Content/Mixed_Magic_VFX_Pack/Textures/T_Noise_9.uexp" 1478
"D:/Desktop/Jam/game-jam/Content/Mixed_Magic_VFX_Pack/Textures/T_Noise_14.ubulk" 1479
"D:/Desktop/Jam/game-jam/Content/Mixed_Magic_VFX_Pack/Textures/T_Noise_14.uasset" 1480
"D:/Desktop/Jam/game-jam/Content/Mixed_Magic_VFX_Pack/Textures/T_Noise_14.uexp" 1481
"D:/Desktop/Jam/game-jam/Content/Mixed_Magic_VFX_Pack/Function/MF_Dither.uasset" 1482
"D:/Desktop/Jam/game-jam/Content/Mixed_Magic_VFX_Pack/Function/MF_Dither.uexp" 1483
"D:/Desktop/Jam/game-jam/Content/Mixed_Magic_VFX_Pack/Materials/Main_Materials/M_Rock.uasset" 1484
"D:/Desktop/Jam/game-jam/Content/Mixed_Magic_VFX_Pack/Materials/Main_Materials/M_Rock.uexp" 1485
"D:/Desktop/Jam/game-jam/Content/Mixed_Magic_VFX_Pack/Materials/Instance_Materials/MI_Rock_Inst_6.uasset" 1486
"D:/Desktop/Jam/game-jam/Content/Mixed_Magic_VFX_Pack/Materials/Instance_Materials/MI_Rock_Inst_6.uexp" 1487
"D:/Desktop/Jam/game-jam/Content/Mixed_Magic_VFX_Pack/Textures/T_Shape_1.ubulk" 1488
"D:/Desktop/Jam/game-jam/Content/Mixed_Magic_VFX_Pack/Textures/T_Shape_1.uasset" 1489
"D:/Desktop/Jam/game-jam/Content/Mixed_Magic_VFX_Pack/Textures/T_Shape_1.uexp" 1490
"D:/Desktop/Jam/game-jam/Content/Mixed_Magic_VFX_Pack/Materials/Main_Materials/M_Colorful.uasset" 1491
"D:/Desktop/Jam/game-jam/Content/Mixed_Magic_VFX_Pack/Materials/Main_Materials/M_Colorful.uexp" 1492
"D:/Desktop/Jam/game-jam/Content/Mixed_Magic_VFX_Pack/Textures/T_Shape_5.ubulk" 1493
"D:/Desktop/Jam/game-jam/Content/Mixed_Magic_VFX_Pack/Textures/T_Shape_5.uasset" 1494
"D:/Desktop/Jam/game-jam/Content/Mixed_Magic_VFX_Pack/Textures/T_Shape_5.uexp" 1495
"D:/Desktop/Jam/game-jam/Content/Mixed_Magic_VFX_Pack/Materials/Instance_Materials/MI_Colorful_Inst_2.uasset" 1496
"D:/Desktop/Jam/game-jam/Content/Mixed_Magic_VFX_Pack/Materials/Instance_Materials/MI_Colorful_Inst_2.uexp" 1497
"D:/Desktop/Jam/game-jam/Content/Mixed_Magic_VFX_Pack/Materials/Instance_Materials/MI_Colorful_Inst_7.uasset" 1498
"D:/Desktop/Jam/game-jam/Content/Mixed_Magic_VFX_Pack/Materials/Instance_Materials/MI_Colorful_Inst_7.uexp" 1499
"D:/Desktop/Jam/game-jam/Content/Mixed_Magic_VFX_Pack/Materials/Instance_Materials/MI_Colorful_Inst_15.uasset" 1500
"D:/Desktop/Jam/game-jam/Content/Mixed_Magic_VFX_Pack/Materials/Instance_Materials/MI_Colorful_Inst_15.uexp" 1501
"D:/Desktop/Jam/game-jam/Content/Mixed_Magic_VFX_Pack/Textures/T_Shape_12.ubulk" 1502
"D:/Desktop/Jam/game-jam/Content/Mixed_Magic_VFX_Pack/Textures/T_Shape_12.uasset" 1503
"D:/Desktop/Jam/game-jam/Content/Mixed_Magic_VFX_Pack/Textures/T_Shape_12.uexp" 1504
"D:/Desktop/Jam/game-jam/Content/Mixed_Magic_VFX_Pack/Materials/Instance_Materials/MI_Colorful_Inst_18.uasset" 1505
"D:/Desktop/Jam/game-jam/Content/Mixed_Magic_VFX_Pack/Materials/Instance_Materials/MI_Colorful_Inst_18.uexp" 1506
"D:/Desktop/Jam/game-jam/Content/Mixed_Magic_VFX_Pack/Textures/Curve_Color_1.uasset" 1507
"D:/Desktop/Jam/game-jam/Content/Mixed_Magic_VFX_Pack/Textures/Curve_Color_1.uexp" 1508
"D:/Desktop/Jam/game-jam/Content/Mixed_Magic_VFX_Pack/Textures/Curve_Color_2.uasset" 1509
"D:/Desktop/Jam/game-jam/Content/Mixed_Magic_VFX_Pack/Textures/Curve_Color_2.uexp" 1510
"../../../Engine/Content/Functions/Engine_MaterialFunctions03/Procedurals/GeneratedBand.uasset" 1511
"../../../Engine/Content/Functions/Engine_MaterialFunctions03/Procedurals/GeneratedBand.uexp" 1512
"D:/Desktop/Jam/game-jam/Content/Mixed_Magic_VFX_Pack/Textures/Curve_Mask.uasset" 1513
"D:/Desktop/Jam/game-jam/Content/Mixed_Magic_VFX_Pack/Textures/Curve_Mask.uexp" 1514
"D:/Desktop/Jam/game-jam/Content/Mixed_Magic_VFX_Pack/Textures/Curve_Color_3.uasset" 1515
"D:/Desktop/Jam/game-jam/Content/Mixed_Magic_VFX_Pack/Textures/Curve_Color_3.uexp" 1516
"D:/Desktop/Jam/game-jam/Content/Mixed_Magic_VFX_Pack/Textures/Curve_Offset.uasset" 1517
"D:/Desktop/Jam/game-jam/Content/Mixed_Magic_VFX_Pack/Textures/Curve_Offset.uexp" 1518
"D:/Desktop/Jam/game-jam/Content/Mixed_Magic_VFX_Pack/Textures/T_Main_Atlas.uasset" 1519
"D:/Desktop/Jam/game-jam/Content/Mixed_Magic_VFX_Pack/Textures/T_Main_Atlas.uexp" 1520
"D:/Desktop/Jam/game-jam/Content/Mixed_Magic_VFX_Pack/Materials/Main_Materials/M_Lightning.uasset" 1521
"D:/Desktop/Jam/game-jam/Content/Mixed_Magic_VFX_Pack/Materials/Main_Materials/M_Lightning.uexp" 1522
"D:/Desktop/Jam/game-jam/Content/Mixed_Magic_VFX_Pack/Materials/Instance_Materials/MI_Lightning_Inst_1.uasset" 1523
"D:/Desktop/Jam/game-jam/Content/Mixed_Magic_VFX_Pack/Materials/Instance_Materials/MI_Lightning_Inst_1.uexp" 1524
"D:/Desktop/Jam/game-jam/Content/Mixed_Magic_VFX_Pack/Materials/Instance_Materials/MI_Lightning_Inst_2.uasset" 1525
"D:/Desktop/Jam/game-jam/Content/Mixed_Magic_VFX_Pack/Materials/Instance_Materials/MI_Lightning_Inst_2.uexp" 1526
"D:/Desktop/Jam/game-jam/Content/Mixed_Magic_VFX_Pack/Textures/T_Basic_Tile.ubulk" 1527
"D:/Desktop/Jam/game-jam/Content/Mixed_Magic_VFX_Pack/Textures/T_Basic_Tile.uasset" 1528
"D:/Desktop/Jam/game-jam/Content/Mixed_Magic_VFX_Pack/Textures/T_Basic_Tile.uexp" 1529
"D:/Desktop/Jam/game-jam/Content/Mixed_Magic_VFX_Pack/Materials/Main_Materials/M_Basic_Tile.uasset" 1530
"D:/Desktop/Jam/game-jam/Content/Mixed_Magic_VFX_Pack/Materials/Main_Materials/M_Basic_Tile.uexp" 1531
"D:/Desktop/Jam/game-jam/Content/Mixed_Magic_VFX_Pack/Materials/Instance_Materials/MI_Basic_Tile_Inst_1.uasset" 1532
"D:/Desktop/Jam/game-jam/Content/Mixed_Magic_VFX_Pack/Materials/Instance_Materials/MI_Basic_Tile_Inst_1.uexp" 1533
"D:/Desktop/Jam/game-jam/Content/Mixed_Magic_VFX_Pack/Static_Meshes/SM_3.ubulk" 1534
"D:/Desktop/Jam/game-jam/Content/Mixed_Magic_VFX_Pack/Static_Meshes/SM_3.uasset" 1535
"D:/Desktop/Jam/game-jam/Content/Mixed_Magic_VFX_Pack/Static_Meshes/SM_3.uexp" 1536
"D:/Desktop/Jam/game-jam/Content/Mixed_Magic_VFX_Pack/Static_Meshes/SM_4.ubulk" 1537
"D:/Desktop/Jam/game-jam/Content/Mixed_Magic_VFX_Pack/Static_Meshes/SM_4.uasset" 1538
"D:/Desktop/Jam/game-jam/Content/Mixed_Magic_VFX_Pack/Static_Meshes/SM_4.uexp" 1539
"D:/Desktop/Jam/game-jam/Content/Mixed_Magic_VFX_Pack/Textures/T_Shape_16.ubulk" 1540
"D:/Desktop/Jam/game-jam/Content/Mixed_Magic_VFX_Pack/Textures/T_Shape_16.uasset" 1541
"D:/Desktop/Jam/game-jam/Content/Mixed_Magic_VFX_Pack/Textures/T_Shape_16.uexp" 1542
"../../../Engine/Content/Functions/Engine_MaterialFunctions02/Texturing/WorldPositionWithScale.uasset" 1543
"../../../Engine/Content/Functions/Engine_MaterialFunctions02/Texturing/WorldPositionWithScale.uexp" 1544
"../../../Engine/Content/Functions/Engine_MaterialFunctions02/UVs/WorldPositionBehindTranslucency.uasset" 1545
"../../../Engine/Content/Functions/Engine_MaterialFunctions02/UVs/WorldPositionBehindTranslucency.uexp" 1546
"D:/Desktop/Jam/game-jam/Content/Mixed_Magic_VFX_Pack/Materials/Main_Materials/M_Decal_Black.uasset" 1547
"D:/Desktop/Jam/game-jam/Content/Mixed_Magic_VFX_Pack/Materials/Main_Materials/M_Decal_Black.uexp" 1548
"D:/Desktop/Jam/game-jam/Content/Mixed_Magic_VFX_Pack/Materials/Instance_Materials/MI_Decal_Black_Inst_1.uasset" 1549
"D:/Desktop/Jam/game-jam/Content/Mixed_Magic_VFX_Pack/Materials/Instance_Materials/MI_Decal_Black_Inst_1.uexp" 1550
"D:/Desktop/Jam/game-jam/Content/Mixed_Magic_VFX_Pack/Textures/T_Shape_14.uasset" 1551
"D:/Desktop/Jam/game-jam/Content/Mixed_Magic_VFX_Pack/Textures/T_Shape_14.uexp" 1552
"D:/Desktop/Jam/game-jam/Content/Mixed_Magic_VFX_Pack/Materials/Main_Materials/M_Smoke_Sub_UV.uasset" 1553
"D:/Desktop/Jam/game-jam/Content/Mixed_Magic_VFX_Pack/Materials/Main_Materials/M_Smoke_Sub_UV.uexp" 1554
"D:/Desktop/Jam/game-jam/Content/Mixed_Magic_VFX_Pack/Materials/Instance_Materials/MI_Smoke_Sub_UV_Inst_4.uasset" 1555
"D:/Desktop/Jam/game-jam/Content/Mixed_Magic_VFX_Pack/Materials/Instance_Materials/MI_Smoke_Sub_UV_Inst_4.uexp" 1556
"D:/Desktop/Jam/game-jam/Content/Mixed_Magic_VFX_Pack/VFX/NS_Lightning_Strike.uasset" 1557
"D:/Desktop/Jam/game-jam/Content/Mixed_Magic_VFX_Pack/VFX/NS_Lightning_Strike.uexp" 1558
"D:/Desktop/Jam/game-jam/Content/Assets/Dungeon/Materials/CornerSmall/T_SmallCorner_Norm.ubulk" 1559
"D:/Desktop/Jam/game-jam/Content/Assets/Dungeon/Materials/CornerSmall/T_SmallCorner_Norm.uasset" 1560
"D:/Desktop/Jam/game-jam/Content/Assets/Dungeon/Materials/CornerSmall/T_SmallCorner_Norm.uexp" 1561
"D:/Desktop/Jam/game-jam/Content/Assets/Dungeon/Materials/CornerSmall/T_SmallCorner_OcclusionRoughnessMetallic.ubulk" 1562
"D:/Desktop/Jam/game-jam/Content/Assets/Dungeon/Materials/CornerSmall/T_SmallCorner_OcclusionRoughnessMetallic.uasset" 1563
"D:/Desktop/Jam/game-jam/Content/Assets/Dungeon/Materials/CornerSmall/T_SmallCorner_OcclusionRoughnessMetallic.uexp" 1564
"D:/Desktop/Jam/game-jam/Content/Assets/Dungeon/Materials/CornerSmall/T_SmallCorner_Base.ubulk" 1565
"D:/Desktop/Jam/game-jam/Content/Assets/Dungeon/Materials/CornerSmall/T_SmallCorner_Base.uasset" 1566
"D:/Desktop/Jam/game-jam/Content/Assets/Dungeon/Materials/CornerSmall/T_SmallCorner_Base.uexp" 1567
"D:/Desktop/Jam/game-jam/Content/Assets/Dungeon/Materials/CornerSmall/M_CornerSmall.uasset" 1568
"D:/Desktop/Jam/game-jam/Content/Assets/Dungeon/Materials/CornerSmall/M_CornerSmall.uexp" 1569
"D:/Desktop/Jam/game-jam/Content/Assets/Sounds/Potions/Consume/SFX_Potion_Consume_03.ubulk" 1570
"D:/Desktop/Jam/game-jam/Content/Assets/Sounds/Potions/Consume/SFX_Potion_Consume_03.uasset" 1571
"D:/Desktop/Jam/game-jam/Content/Assets/Sounds/Potions/Consume/SFX_Potion_Consume_03.uexp" 1572
"D:/Desktop/Jam/game-jam/Content/MyCharacter/Buff/E_BuffTypes.uasset" 1573
"D:/Desktop/Jam/game-jam/Content/MyCharacter/Buff/E_BuffTypes.uexp" 1574
"D:/Desktop/Jam/game-jam/Content/UI_Icons/T_Frame147.uasset" 1575
"D:/Desktop/Jam/game-jam/Content/UI_Icons/T_Frame147.uexp" 1576
"D:/Desktop/Jam/game-jam/Content/Assets/UI/HealthBar/MediumEnemy/Medium_Enemy_Back.uasset" 1577
"D:/Desktop/Jam/game-jam/Content/Assets/UI/HealthBar/MediumEnemy/Medium_Enemy_Back.uexp" 1578
"D:/Desktop/Jam/game-jam/Content/Maps/Javohir_Map/UI/WBP_Health_Bar.uasset" 1579
"D:/Desktop/Jam/game-jam/Content/Maps/Javohir_Map/UI/WBP_Health_Bar.uexp" 1580
"D:/Desktop/Jam/game-jam/Content/UI_Icons/T_Frame24.uasset" 1581
"D:/Desktop/Jam/game-jam/Content/UI_Icons/T_Frame24.uexp" 1582
"D:/Desktop/Jam/game-jam/Content/UI_Icons/T_Frame30.uasset" 1583
"D:/Desktop/Jam/game-jam/Content/UI_Icons/T_Frame30.uexp" 1584
"D:/Desktop/Jam/game-jam/Content/Assets/UI/Spells/arcane.uasset" 1585
"D:/Desktop/Jam/game-jam/Content/Assets/UI/Spells/arcane.uexp" 1586
"D:/Desktop/Jam/game-jam/Content/Assets/UI/Borders/BorderLarge/Border_Large_png.uasset" 1587
"D:/Desktop/Jam/game-jam/Content/Assets/UI/Borders/BorderLarge/Border_Large_png.uexp" 1588
"D:/Desktop/Jam/game-jam/Content/UI_Icons/T_Frame25.uasset" 1589
"D:/Desktop/Jam/game-jam/Content/UI_Icons/T_Frame25.uexp" 1590
"D:/Desktop/Jam/game-jam/Content/Assets/UI/Spells/revival__1_.uasset" 1591
"D:/Desktop/Jam/game-jam/Content/Assets/UI/Spells/revival__1_.uexp" 1592
"D:/Desktop/Jam/game-jam/Content/Assets/UI/Spells/shock_ability.uasset" 1593
"D:/Desktop/Jam/game-jam/Content/Assets/UI/Spells/shock_ability.uexp" 1594
"D:/Desktop/Jam/game-jam/Content/Assets/UI/HealthBar/Player/HealthBar.uasset" 1595
"D:/Desktop/Jam/game-jam/Content/Assets/UI/HealthBar/Player/HealthBar.uexp" 1596
"D:/Desktop/Jam/game-jam/Content/Assets/UI/HealthMana/HealthMana.uasset" 1597
"D:/Desktop/Jam/game-jam/Content/Assets/UI/HealthMana/HealthMana.uexp" 1598
"D:/Desktop/Jam/game-jam/Content/Assets/UI/HealthMana/AuraRender.uasset" 1599
"D:/Desktop/Jam/game-jam/Content/Assets/UI/HealthMana/AuraRender.uexp" 1600
"D:/Desktop/Jam/game-jam/Content/Assets/UI/ManaBar/ManaBar.uasset" 1601
"D:/Desktop/Jam/game-jam/Content/Assets/UI/ManaBar/ManaBar.uexp" 1602
"D:/Desktop/Jam/game-jam/Content/UI_Icons/T_Frame9.uasset" 1603
"D:/Desktop/Jam/game-jam/Content/UI_Icons/T_Frame9.uexp" 1604
"D:/Desktop/Jam/game-jam/Content/Assets/UI/Spells/FireBolt_white.uasset" 1605
"D:/Desktop/Jam/game-jam/Content/Assets/UI/Spells/FireBolt_white.uexp" 1606
"D:/Desktop/Jam/game-jam/Content/Assets/UI/Borders/BorderLarge_BG/Border_Large_BG.uasset" 1607
"D:/Desktop/Jam/game-jam/Content/Assets/UI/Borders/BorderLarge_BG/Border_Large_BG.uexp" 1608
"D:/Desktop/Jam/game-jam/Content/Maps/Javohir_Map/UI/WBP_AuraGirl_Widjet.uasset" 1609
"D:/Desktop/Jam/game-jam/Content/Maps/Javohir_Map/UI/WBP_AuraGirl_Widjet.uexp" 1610
"D:/Desktop/Jam/game-jam/Content/MyCharacter/Buff/BP_Base_Buff.uasset" 1611
"D:/Desktop/Jam/game-jam/Content/MyCharacter/Buff/BP_Base_Buff.uexp" 1612
"D:/Desktop/Jam/game-jam/Content/Assets/Pickups/Potions/Liquid/T_WhiteLiquid_Normal.ubulk" 1613
"D:/Desktop/Jam/game-jam/Content/Assets/Pickups/Potions/Liquid/T_WhiteLiquid_Normal.uasset" 1614
"D:/Desktop/Jam/game-jam/Content/Assets/Pickups/Potions/Liquid/T_WhiteLiquid_Normal.uexp" 1615
"D:/Desktop/Jam/game-jam/Content/Assets/Pickups/Potions/Liquid/T_WhiteLiquid_OcclusionRoughnessMetallic.ubulk" 1616
"D:/Desktop/Jam/game-jam/Content/Assets/Pickups/Potions/Liquid/T_WhiteLiquid_OcclusionRoughnessMetallic.uasset" 1617
"D:/Desktop/Jam/game-jam/Content/Assets/Pickups/Potions/Liquid/T_WhiteLiquid_OcclusionRoughnessMetallic.uexp" 1618
"D:/Desktop/Jam/game-jam/Content/Assets/Pickups/Potions/Liquid/T_WhiteLiquid_BaseColor.ubulk" 1619
"D:/Desktop/Jam/game-jam/Content/Assets/Pickups/Potions/Liquid/T_WhiteLiquid_BaseColor.uasset" 1620
"D:/Desktop/Jam/game-jam/Content/Assets/Pickups/Potions/Liquid/T_WhiteLiquid_BaseColor.uexp" 1621
"D:/Desktop/Jam/game-jam/Content/Assets/Pickups/Potions/Liquid/T_WhiteLiquid_Emissive.ubulk" 1622
"D:/Desktop/Jam/game-jam/Content/Assets/Pickups/Potions/Liquid/T_WhiteLiquid_Emissive.uasset" 1623
"D:/Desktop/Jam/game-jam/Content/Assets/Pickups/Potions/Liquid/T_WhiteLiquid_Emissive.uexp" 1624
"D:/Desktop/Jam/game-jam/Content/Assets/Pickups/Potions/Liquid/T_WhiteLiquid_Opacity.ubulk" 1625
"D:/Desktop/Jam/game-jam/Content/Assets/Pickups/Potions/Liquid/T_WhiteLiquid_Opacity.uasset" 1626
"D:/Desktop/Jam/game-jam/Content/Assets/Pickups/Potions/Liquid/T_WhiteLiquid_Opacity.uexp" 1627
"D:/Desktop/Jam/game-jam/Content/Assets/Pickups/Potions/Liquid/M_WhiteLiquid.uasset" 1628
"D:/Desktop/Jam/game-jam/Content/Assets/Pickups/Potions/Liquid/M_WhiteLiquid.uexp" 1629
"D:/Desktop/Jam/game-jam/Content/Assets/Pickups/Potions/Liquid/MI_RedLiquid.uasset" 1630
"D:/Desktop/Jam/game-jam/Content/Assets/Pickups/Potions/Liquid/MI_RedLiquid.uexp" 1631
"D:/Desktop/Jam/game-jam/Content/Assets/Pickups/Potions/Bottle/Potion_low_Bottle_Opacity.ubulk" 1632
"D:/Desktop/Jam/game-jam/Content/Assets/Pickups/Potions/Bottle/Potion_low_Bottle_Opacity.uasset" 1633
"D:/Desktop/Jam/game-jam/Content/Assets/Pickups/Potions/Bottle/Potion_low_Bottle_Opacity.uexp" 1634
"D:/Desktop/Jam/game-jam/Content/Assets/Pickups/Potions/Bottle/Potion_low_Bottle_BaseColor.ubulk" 1635
"D:/Desktop/Jam/game-jam/Content/Assets/Pickups/Potions/Bottle/Potion_low_Bottle_BaseColor.uasset" 1636
"D:/Desktop/Jam/game-jam/Content/Assets/Pickups/Potions/Bottle/Potion_low_Bottle_BaseColor.uexp" 1637
"D:/Desktop/Jam/game-jam/Content/Assets/Pickups/Potions/Bottle/Potion_low_Bottle_Emissive.ubulk" 1638
"D:/Desktop/Jam/game-jam/Content/Assets/Pickups/Potions/Bottle/Potion_low_Bottle_Emissive.uasset" 1639
"D:/Desktop/Jam/game-jam/Content/Assets/Pickups/Potions/Bottle/Potion_low_Bottle_Emissive.uexp" 1640
"D:/Desktop/Jam/game-jam/Content/Assets/Pickups/Potions/Bottle/Potion_low_Bottle_Normal.ubulk" 1641
"D:/Desktop/Jam/game-jam/Content/Assets/Pickups/Potions/Bottle/Potion_low_Bottle_Normal.uasset" 1642
"D:/Desktop/Jam/game-jam/Content/Assets/Pickups/Potions/Bottle/Potion_low_Bottle_Normal.uexp" 1643
"D:/Desktop/Jam/game-jam/Content/Assets/Pickups/Potions/Bottle/Potion_low_Bottle_OcclusionRoughnessMetallic.ubulk" 1644
"D:/Desktop/Jam/game-jam/Content/Assets/Pickups/Potions/Bottle/Potion_low_Bottle_OcclusionRoughnessMetallic.uasset" 1645
"D:/Desktop/Jam/game-jam/Content/Assets/Pickups/Potions/Bottle/Potion_low_Bottle_OcclusionRoughnessMetallic.uexp" 1646
"D:/Desktop/Jam/game-jam/Content/Assets/Pickups/Potions/Bottle/M_Bottle.uasset" 1647
"D:/Desktop/Jam/game-jam/Content/Assets/Pickups/Potions/Bottle/M_Bottle.uexp" 1648
"D:/Desktop/Jam/game-jam/Content/Assets/Pickups/Potions/Bottle/MI_Bottle.uasset" 1649
"D:/Desktop/Jam/game-jam/Content/Assets/Pickups/Potions/Bottle/MI_Bottle.uexp" 1650
"D:/Desktop/Jam/game-jam/Content/Assets/Pickups/Potions/Cork/T_Cork_BaseColor.ubulk" 1651
"D:/Desktop/Jam/game-jam/Content/Assets/Pickups/Potions/Cork/T_Cork_BaseColor.uasset" 1652
"D:/Desktop/Jam/game-jam/Content/Assets/Pickups/Potions/Cork/T_Cork_BaseColor.uexp" 1653
"D:/Desktop/Jam/game-jam/Content/Assets/Pickups/Potions/Cork/T_Cork_Normal.ubulk" 1654
"D:/Desktop/Jam/game-jam/Content/Assets/Pickups/Potions/Cork/T_Cork_Normal.uasset" 1655
"D:/Desktop/Jam/game-jam/Content/Assets/Pickups/Potions/Cork/T_Cork_Normal.uexp" 1656
"D:/Desktop/Jam/game-jam/Content/Assets/Pickups/Potions/Cork/T_Cork_OcclusionRoughnessMetallic.ubulk" 1657
"D:/Desktop/Jam/game-jam/Content/Assets/Pickups/Potions/Cork/T_Cork_OcclusionRoughnessMetallic.uasset" 1658
"D:/Desktop/Jam/game-jam/Content/Assets/Pickups/Potions/Cork/T_Cork_OcclusionRoughnessMetallic.uexp" 1659
"D:/Desktop/Jam/game-jam/Content/Assets/Pickups/Potions/Cork/M_Cork.uasset" 1660
"D:/Desktop/Jam/game-jam/Content/Assets/Pickups/Potions/Cork/M_Cork.uexp" 1661
"D:/Desktop/Jam/game-jam/Content/Assets/Pickups/Potions/SM_PotionBottle.ubulk" 1662
"D:/Desktop/Jam/game-jam/Content/Assets/Pickups/Potions/SM_PotionBottle.uasset" 1663
"D:/Desktop/Jam/game-jam/Content/Assets/Pickups/Potions/SM_PotionBottle.uexp" 1664
"D:/Desktop/Jam/game-jam/Content/MyCharacter/Buff/BP_Magic.uasset" 1665
"D:/Desktop/Jam/game-jam/Content/MyCharacter/Buff/BP_Magic.uexp" 1666
"D:/Desktop/Jam/game-jam/Content/Assets/UI/Globes/TilingNoise05.ubulk" 1667
"D:/Desktop/Jam/game-jam/Content/Assets/UI/Globes/TilingNoise05.uasset" 1668
"D:/Desktop/Jam/game-jam/Content/Assets/UI/Globes/TilingNoise05.uexp" 1669
"D:/Desktop/Jam/game-jam/Content/Assets/UI/Globes/M_FlowingGlobe.uasset" 1670
"D:/Desktop/Jam/game-jam/Content/Assets/UI/Globes/M_FlowingGlobe.uexp" 1671
"D:/Desktop/Jam/game-jam/Content/Assets/UI/Globes/MI_ManaGlobe.uasset" 1672
"D:/Desktop/Jam/game-jam/Content/Assets/UI/Globes/MI_ManaGlobe.uexp" 1673
"D:/Desktop/Jam/game-jam/Content/Assets/UI/Globes/MI_ShockSkillBG.uasset" 1674
"D:/Desktop/Jam/game-jam/Content/Assets/UI/Globes/MI_ShockSkillBG.uexp" 1675
"D:/Desktop/Jam/game-jam/Content/MyCharacter/Buff/BP_Magic_Child.uasset" 1676
"D:/Desktop/Jam/game-jam/Content/MyCharacter/Buff/BP_Magic_Child.uexp" 1677
"D:/Desktop/Jam/game-jam/Content/AI/BP_Enemy_Base.uasset" 1678
"D:/Desktop/Jam/game-jam/Content/AI/BP_Enemy_Base.uexp" 1679
"D:/Desktop/Jam/game-jam/Content/Mixed_Magic_VFX_Pack/Materials/Instance_Materials/MI_Ring_Inst_4.uasset" 1680
"D:/Desktop/Jam/game-jam/Content/Mixed_Magic_VFX_Pack/Materials/Instance_Materials/MI_Ring_Inst_4.uexp" 1681
"D:/Desktop/Jam/game-jam/Content/Mixed_Magic_VFX_Pack/Materials/Instance_Materials/MI_Flare_Inst_2.uasset" 1682
"D:/Desktop/Jam/game-jam/Content/Mixed_Magic_VFX_Pack/Materials/Instance_Materials/MI_Flare_Inst_2.uexp" 1683
"D:/Desktop/Jam/game-jam/Content/Mixed_Magic_VFX_Pack/Materials/Instance_Materials/MI_Colorful_Inst_1.uasset" 1684
"D:/Desktop/Jam/game-jam/Content/Mixed_Magic_VFX_Pack/Materials/Instance_Materials/MI_Colorful_Inst_1.uexp" 1685
"D:/Desktop/Jam/game-jam/Content/Mixed_Magic_VFX_Pack/Materials/Instance_Materials/MI_Smoke_Sub_UV_Inst_1.uasset" 1686
"D:/Desktop/Jam/game-jam/Content/Mixed_Magic_VFX_Pack/Materials/Instance_Materials/MI_Smoke_Sub_UV_Inst_1.uexp" 1687
"D:/Desktop/Jam/game-jam/Content/Mixed_Magic_VFX_Pack/Materials/Instance_Materials/MI_Smoke_Sub_UV_Inst_2.uasset" 1688
"D:/Desktop/Jam/game-jam/Content/Mixed_Magic_VFX_Pack/Materials/Instance_Materials/MI_Smoke_Sub_UV_Inst_2.uexp" 1689
"D:/Desktop/Jam/game-jam/Content/Mixed_Magic_VFX_Pack/VFX/NS_Dark_Solo_Impact1.uasset" 1690
"D:/Desktop/Jam/game-jam/Content/Mixed_Magic_VFX_Pack/VFX/NS_Dark_Solo_Impact1.uexp" 1691
"D:/Desktop/Jam/game-jam/Content/Maps/Javohir_Map/SpellArea/BP_Sphere.uasset" 1692
"D:/Desktop/Jam/game-jam/Content/Maps/Javohir_Map/SpellArea/BP_Sphere.uexp" 1693
"D:/Desktop/Jam/game-jam/Content/Assets/Characters/Aura/Animations/Abilities/Cast_ArcaneShards.uasset" 1694
"D:/Desktop/Jam/game-jam/Content/Assets/Characters/Aura/Animations/Abilities/Cast_ArcaneShards.uexp" 1695
"D:/Desktop/Jam/game-jam/Content/Assets/Characters/Aura/Animations/Abilities/AM_Arcane.uasset" 1696
"D:/Desktop/Jam/game-jam/Content/Assets/Characters/Aura/Animations/Abilities/AM_Arcane.uexp" 1697
"D:/Desktop/Jam/game-jam/Content/Maps/Javohir_Map/SpellArea/BPC_SpellArea.uasset" 1698
"D:/Desktop/Jam/game-jam/Content/Maps/Javohir_Map/SpellArea/BPC_SpellArea.uexp" 1699
"D:/Desktop/Jam/game-jam/Content/Assets/Sounds/Abilities/FireBolt/wav/Impact/SFX_SmallFireball_Hit_01.ubulk" 1700
"D:/Desktop/Jam/game-jam/Content/Assets/Sounds/Abilities/FireBolt/wav/Impact/SFX_SmallFireball_Hit_01.uasset" 1701
"D:/Desktop/Jam/game-jam/Content/Assets/Sounds/Abilities/FireBolt/wav/Impact/SFX_SmallFireball_Hit_01.uexp" 1702
"D:/Desktop/Jam/game-jam/Content/Assets/Effects/Shared/Sphere.ubulk" 1703
"D:/Desktop/Jam/game-jam/Content/Assets/Effects/Shared/Sphere.uasset" 1704
"D:/Desktop/Jam/game-jam/Content/Assets/Effects/Shared/Sphere.uexp" 1705
"D:/Desktop/Jam/game-jam/Content/Assets/Effects/Shared/M_DefaultSprite_trans.uasset" 1706
"D:/Desktop/Jam/game-jam/Content/Assets/Effects/Shared/M_DefaultSprite_trans.uexp" 1707
"D:/Desktop/Jam/game-jam/Content/Assets/Effects/Shared/M_Ring.uasset" 1708
"D:/Desktop/Jam/game-jam/Content/Assets/Effects/Shared/M_Ring.uexp" 1709
"D:/Desktop/Jam/game-jam/Content/Assets/Effects/Shared/noise_blur_min.ubulk" 1710
"D:/Desktop/Jam/game-jam/Content/Assets/Effects/Shared/noise_blur_min.uasset" 1711
"D:/Desktop/Jam/game-jam/Content/Assets/Effects/Shared/noise_blur_min.uexp" 1712
"D:/Desktop/Jam/game-jam/Content/Assets/Effects/Projectiles/FireExplosion/M_ExplosionSphere.uasset" 1713
"D:/Desktop/Jam/game-jam/Content/Assets/Effects/Projectiles/FireExplosion/M_ExplosionSphere.uexp" 1714
"D:/Desktop/Jam/game-jam/Content/Assets/Effects/Shared/sparkle_01.ubulk" 1715
"D:/Desktop/Jam/game-jam/Content/Assets/Effects/Shared/sparkle_01.uasset" 1716
"D:/Desktop/Jam/game-jam/Content/Assets/Effects/Shared/sparkle_01.uexp" 1717
"D:/Desktop/Jam/game-jam/Content/Assets/Effects/Shared/M_Spark.uasset" 1718
"D:/Desktop/Jam/game-jam/Content/Assets/Effects/Shared/M_Spark.uexp" 1719
"D:/Desktop/Jam/game-jam/Content/Assets/Effects/Projectiles/FireExplosion/NS_FireExplosion2.uasset" 1720
"D:/Desktop/Jam/game-jam/Content/Assets/Effects/Projectiles/FireExplosion/NS_FireExplosion2.uexp" 1721
"D:/Desktop/Jam/game-jam/Content/Assets/Effects/Projectiles/FireExplosion/NS_FireExplosion.uasset" 1722
"D:/Desktop/Jam/game-jam/Content/Assets/Effects/Projectiles/FireExplosion/NS_FireExplosion.uexp" 1723
"D:/Desktop/Jam/game-jam/Content/Assets/Effects/Projectiles/FireBolt/Materials/Textures/Noise_blur_1.uasset" 1724
"D:/Desktop/Jam/game-jam/Content/Assets/Effects/Projectiles/FireBolt/Materials/Textures/Noise_blur_1.uexp" 1725
"D:/Desktop/Jam/game-jam/Content/Assets/Effects/Projectiles/FireBolt/Materials/M_Fire.uasset" 1726
"D:/Desktop/Jam/game-jam/Content/Assets/Effects/Projectiles/FireBolt/Materials/M_Fire.uexp" 1727
"D:/Desktop/Jam/game-jam/Content/Assets/Effects/Projectiles/FireBolt/NS_Fire_3.uasset" 1728
"D:/Desktop/Jam/game-jam/Content/Assets/Effects/Projectiles/FireBolt/NS_Fire_3.uexp" 1729
"D:/Desktop/Jam/game-jam/Content/Maps/Javohir_Map/Projectile/BP_Projectile.uasset" 1730
"D:/Desktop/Jam/game-jam/Content/Maps/Javohir_Map/Projectile/BP_Projectile.uexp" 1731
"D:/Desktop/Jam/game-jam/Content/Assets/Characters/Aura/Materials/Character_low_Hair_BaseColor.ubulk" 1732
"D:/Desktop/Jam/game-jam/Content/Assets/Characters/Aura/Materials/Character_low_Hair_BaseColor.uasset" 1733
"D:/Desktop/Jam/game-jam/Content/Assets/Characters/Aura/Materials/Character_low_Hair_BaseColor.uexp" 1734
"D:/Desktop/Jam/game-jam/Content/Assets/Characters/Aura/Materials/Character_low_Hair_Normal.ubulk" 1735
"D:/Desktop/Jam/game-jam/Content/Assets/Characters/Aura/Materials/Character_low_Hair_Normal.uasset" 1736
"D:/Desktop/Jam/game-jam/Content/Assets/Characters/Aura/Materials/Character_low_Hair_Normal.uexp" 1737
"D:/Desktop/Jam/game-jam/Content/Assets/Characters/Aura/Materials/Character_low_Hair_OcclusionRoughnessMetallic.ubulk" 1738
"D:/Desktop/Jam/game-jam/Content/Assets/Characters/Aura/Materials/Character_low_Hair_OcclusionRoughnessMetallic.uasset" 1739
"D:/Desktop/Jam/game-jam/Content/Assets/Characters/Aura/Materials/Character_low_Hair_OcclusionRoughnessMetallic.uexp" 1740
"D:/Desktop/Jam/game-jam/Content/Assets/Characters/Aura/Materials/M_Hair.uasset" 1741
"D:/Desktop/Jam/game-jam/Content/Assets/Characters/Aura/Materials/M_Hair.uexp" 1742
"D:/Desktop/Jam/game-jam/Content/Assets/Characters/Aura/PA_Aura.uasset" 1743
"D:/Desktop/Jam/game-jam/Content/Assets/Characters/Aura/PA_Aura.uexp" 1744
"D:/Desktop/Jam/game-jam/Content/Assets/Characters/Aura/Materials/Character_low_Body_OcclusionRoughnessMetallic.ubulk" 1745
"D:/Desktop/Jam/game-jam/Content/Assets/Characters/Aura/Materials/Character_low_Body_OcclusionRoughnessMetallic.uasset" 1746
"D:/Desktop/Jam/game-jam/Content/Assets/Characters/Aura/Materials/Character_low_Body_OcclusionRoughnessMetallic.uexp" 1747
"D:/Desktop/Jam/game-jam/Content/Assets/Characters/Aura/Materials/Character_low_Body_Normal.ubulk" 1748
"D:/Desktop/Jam/game-jam/Content/Assets/Characters/Aura/Materials/Character_low_Body_Normal.uasset" 1749
"D:/Desktop/Jam/game-jam/Content/Assets/Characters/Aura/Materials/Character_low_Body_Normal.uexp" 1750
"D:/Desktop/Jam/game-jam/Content/Assets/Characters/Aura/Materials/Character_low_Body_BaseColor.ubulk" 1751
"D:/Desktop/Jam/game-jam/Content/Assets/Characters/Aura/Materials/Character_low_Body_BaseColor.uasset" 1752
"D:/Desktop/Jam/game-jam/Content/Assets/Characters/Aura/Materials/Character_low_Body_BaseColor.uexp" 1753
"D:/Desktop/Jam/game-jam/Content/Assets/Characters/Aura/Materials/M_Body.uasset" 1754
"D:/Desktop/Jam/game-jam/Content/Assets/Characters/Aura/Materials/M_Body.uexp" 1755
"D:/Desktop/Jam/game-jam/Content/Assets/Characters/Aura/Materials/Character_low_Belt_Normal.ubulk" 1756
"D:/Desktop/Jam/game-jam/Content/Assets/Characters/Aura/Materials/Character_low_Belt_Normal.uasset" 1757
"D:/Desktop/Jam/game-jam/Content/Assets/Characters/Aura/Materials/Character_low_Belt_Normal.uexp" 1758
"D:/Desktop/Jam/game-jam/Content/Assets/Characters/Aura/Materials/Character_low_Belt_BaseColor.ubulk" 1759
"D:/Desktop/Jam/game-jam/Content/Assets/Characters/Aura/Materials/Character_low_Belt_BaseColor.uasset" 1760
"D:/Desktop/Jam/game-jam/Content/Assets/Characters/Aura/Materials/Character_low_Belt_BaseColor.uexp" 1761
"D:/Desktop/Jam/game-jam/Content/Assets/Characters/Aura/Materials/Character_low_Belt_OcclusionRoughnessMetallic.ubulk" 1762
"D:/Desktop/Jam/game-jam/Content/Assets/Characters/Aura/Materials/Character_low_Belt_OcclusionRoughnessMetallic.uasset" 1763
"D:/Desktop/Jam/game-jam/Content/Assets/Characters/Aura/Materials/Character_low_Belt_OcclusionRoughnessMetallic.uexp" 1764
"D:/Desktop/Jam/game-jam/Content/Assets/Characters/Aura/Materials/M_Belt.uasset" 1765
"D:/Desktop/Jam/game-jam/Content/Assets/Characters/Aura/Materials/M_Belt.uexp" 1766
"D:/Desktop/Jam/game-jam/Content/Assets/Characters/Aura/Materials/Character_low_Tunic_BaseColor.ubulk" 1767
"D:/Desktop/Jam/game-jam/Content/Assets/Characters/Aura/Materials/Character_low_Tunic_BaseColor.uasset" 1768
"D:/Desktop/Jam/game-jam/Content/Assets/Characters/Aura/Materials/Character_low_Tunic_BaseColor.uexp" 1769
"D:/Desktop/Jam/game-jam/Content/Assets/Characters/Aura/Materials/Character_low_Tunic_OcclusionRoughnessMetallic.ubulk" 1770
"D:/Desktop/Jam/game-jam/Content/Assets/Characters/Aura/Materials/Character_low_Tunic_OcclusionRoughnessMetallic.uasset" 1771
"D:/Desktop/Jam/game-jam/Content/Assets/Characters/Aura/Materials/Character_low_Tunic_OcclusionRoughnessMetallic.uexp" 1772
"D:/Desktop/Jam/game-jam/Content/Assets/Characters/Aura/Materials/Character_low_Tunic_Normal.ubulk" 1773
"D:/Desktop/Jam/game-jam/Content/Assets/Characters/Aura/Materials/Character_low_Tunic_Normal.uasset" 1774
"D:/Desktop/Jam/game-jam/Content/Assets/Characters/Aura/Materials/Character_low_Tunic_Normal.uexp" 1775
"D:/Desktop/Jam/game-jam/Content/Assets/Characters/Aura/Materials/M_Tunic.uasset" 1776
"D:/Desktop/Jam/game-jam/Content/Assets/Characters/Aura/Materials/M_Tunic.uexp" 1777
"D:/Desktop/Jam/game-jam/Content/Assets/Characters/Aura/Materials/Character_low_Eyes_BaseColor.ubulk" 1778
"D:/Desktop/Jam/game-jam/Content/Assets/Characters/Aura/Materials/Character_low_Eyes_BaseColor.uasset" 1779
"D:/Desktop/Jam/game-jam/Content/Assets/Characters/Aura/Materials/Character_low_Eyes_BaseColor.uexp" 1780
"D:/Desktop/Jam/game-jam/Content/Assets/Characters/Aura/Materials/Character_low_Eyes_Normal.ubulk" 1781
"D:/Desktop/Jam/game-jam/Content/Assets/Characters/Aura/Materials/Character_low_Eyes_Normal.uasset" 1782
"D:/Desktop/Jam/game-jam/Content/Assets/Characters/Aura/Materials/Character_low_Eyes_Normal.uexp" 1783
"D:/Desktop/Jam/game-jam/Content/Assets/Characters/Aura/Materials/Character_low_Eyes_OcclusionRoughnessMetallic.ubulk" 1784
"D:/Desktop/Jam/game-jam/Content/Assets/Characters/Aura/Materials/Character_low_Eyes_OcclusionRoughnessMetallic.uasset" 1785
"D:/Desktop/Jam/game-jam/Content/Assets/Characters/Aura/Materials/Character_low_Eyes_OcclusionRoughnessMetallic.uexp" 1786
"D:/Desktop/Jam/game-jam/Content/Assets/Characters/Aura/Materials/M_Eyes.uasset" 1787
"D:/Desktop/Jam/game-jam/Content/Assets/Characters/Aura/Materials/M_Eyes.uexp" 1788
"D:/Desktop/Jam/game-jam/Content/Assets/Characters/Aura/Materials/Character_low_ArmGuard_BaseColor.ubulk" 1789
"D:/Desktop/Jam/game-jam/Content/Assets/Characters/Aura/Materials/Character_low_ArmGuard_BaseColor.uasset" 1790
"D:/Desktop/Jam/game-jam/Content/Assets/Characters/Aura/Materials/Character_low_ArmGuard_BaseColor.uexp" 1791
"D:/Desktop/Jam/game-jam/Content/Assets/Characters/Aura/Materials/Character_low_ArmGuard_OcclusionRoughnessMetallic.ubulk" 1792
"D:/Desktop/Jam/game-jam/Content/Assets/Characters/Aura/Materials/Character_low_ArmGuard_OcclusionRoughnessMetallic.uasset" 1793
"D:/Desktop/Jam/game-jam/Content/Assets/Characters/Aura/Materials/Character_low_ArmGuard_OcclusionRoughnessMetallic.uexp" 1794
"D:/Desktop/Jam/game-jam/Content/Assets/Characters/Aura/Materials/Character_low_ArmGuard_Normal.ubulk" 1795
"D:/Desktop/Jam/game-jam/Content/Assets/Characters/Aura/Materials/Character_low_ArmGuard_Normal.uasset" 1796
"D:/Desktop/Jam/game-jam/Content/Assets/Characters/Aura/Materials/Character_low_ArmGuard_Normal.uexp" 1797
"D:/Desktop/Jam/game-jam/Content/Assets/Characters/Aura/Materials/M_ArmGuard.uasset" 1798
"D:/Desktop/Jam/game-jam/Content/Assets/Characters/Aura/Materials/M_ArmGuard.uexp" 1799
"D:/Desktop/Jam/game-jam/Content/Assets/Characters/Aura/SKM_Aura.uasset" 1800
"D:/Desktop/Jam/game-jam/Content/Assets/Characters/Aura/SKM_Aura.uexp" 1801
"D:/Desktop/Jam/game-jam/Content/Mixed_Magic_VFX_Pack/VFX/NS_Dark_Solo_Impact.uasset" 1802
"D:/Desktop/Jam/game-jam/Content/Mixed_Magic_VFX_Pack/VFX/NS_Dark_Solo_Impact.uexp" 1803
"D:/Desktop/Jam/game-jam/Content/Mixed_Magic_VFX_Pack/Materials/Instance_Materials/MI_Ring_Inst_5.uasset" 1804
"D:/Desktop/Jam/game-jam/Content/Mixed_Magic_VFX_Pack/Materials/Instance_Materials/MI_Ring_Inst_5.uexp" 1805
"D:/Desktop/Jam/game-jam/Content/Mixed_Magic_VFX_Pack/Materials/Instance_Materials/MI_Flare_Inst_1.uasset" 1806
"D:/Desktop/Jam/game-jam/Content/Mixed_Magic_VFX_Pack/Materials/Instance_Materials/MI_Flare_Inst_1.uexp" 1807
"D:/Desktop/Jam/game-jam/Content/Mixed_Magic_VFX_Pack/Textures/T_Noise_4.ubulk" 1808
"D:/Desktop/Jam/game-jam/Content/Mixed_Magic_VFX_Pack/Textures/T_Noise_4.uasset" 1809
"D:/Desktop/Jam/game-jam/Content/Mixed_Magic_VFX_Pack/Textures/T_Noise_4.uexp" 1810
"D:/Desktop/Jam/game-jam/Content/Mixed_Magic_VFX_Pack/Textures/T_Noise_5.ubulk" 1811
"D:/Desktop/Jam/game-jam/Content/Mixed_Magic_VFX_Pack/Textures/T_Noise_5.uasset" 1812
"D:/Desktop/Jam/game-jam/Content/Mixed_Magic_VFX_Pack/Textures/T_Noise_5.uexp" 1813
"D:/Desktop/Jam/game-jam/Content/Mixed_Magic_VFX_Pack/Textures/T_Noise_6.ubulk" 1814
"D:/Desktop/Jam/game-jam/Content/Mixed_Magic_VFX_Pack/Textures/T_Noise_6.uasset" 1815
"D:/Desktop/Jam/game-jam/Content/Mixed_Magic_VFX_Pack/Textures/T_Noise_6.uexp" 1816
"../../../Engine/Content/Functions/Engine_MaterialFunctions02/Utility/VectorToRadialValue.uasset" 1817
"../../../Engine/Content/Functions/Engine_MaterialFunctions02/Utility/VectorToRadialValue.uexp" 1818
"../../../Engine/Content/Functions/Engine_MaterialFunctions01/WorldPositionOffset/SimpleGrassWind.uasset" 1819
"../../../Engine/Content/Functions/Engine_MaterialFunctions01/WorldPositionOffset/SimpleGrassWind.uexp" 1820
"D:/Desktop/Jam/game-jam/Content/Mixed_Magic_VFX_Pack/Materials/Main_Materials/M_Core.uasset" 1821
"D:/Desktop/Jam/game-jam/Content/Mixed_Magic_VFX_Pack/Materials/Main_Materials/M_Core.uexp" 1822
"D:/Desktop/Jam/game-jam/Content/Mixed_Magic_VFX_Pack/Materials/Instance_Materials/MI_Core_Inst_1.uasset" 1823
"D:/Desktop/Jam/game-jam/Content/Mixed_Magic_VFX_Pack/Materials/Instance_Materials/MI_Core_Inst_1.uexp" 1824
"D:/Desktop/Jam/game-jam/Content/Mixed_Magic_VFX_Pack/VFX/NS_Dark_Solo_Projectile.uasset" 1825
"D:/Desktop/Jam/game-jam/Content/Mixed_Magic_VFX_Pack/VFX/NS_Dark_Solo_Projectile.uexp" 1826
"D:/Desktop/Jam/game-jam/Content/Maps/Javohir_Map/Projectile/BP_Projectile_Shock.uasset" 1827
"D:/Desktop/Jam/game-jam/Content/Maps/Javohir_Map/Projectile/BP_Projectile_Shock.uexp" 1828
"D:/Desktop/Jam/game-jam/Content/Assets/Characters/Aura/Animations/Abilities/Cast_FireBolt.uasset" 1829
"D:/Desktop/Jam/game-jam/Content/Assets/Characters/Aura/Animations/Abilities/Cast_FireBolt.uexp" 1830
"D:/Desktop/Jam/game-jam/Content/Assets/Characters/Aura/Animations/Abilities/Cast_FireBolt_Montage.uasset" 1831
"D:/Desktop/Jam/game-jam/Content/Assets/Characters/Aura/Animations/Abilities/Cast_FireBolt_Montage.uexp" 1832
"D:/Desktop/Jam/game-jam/Content/Assets/Sounds/Abilities/FireBolt/wav/Impact/SFX_Fireball_Hit_01.ubulk" 1833
"D:/Desktop/Jam/game-jam/Content/Assets/Sounds/Abilities/FireBolt/wav/Impact/SFX_Fireball_Hit_01.uasset" 1834
"D:/Desktop/Jam/game-jam/Content/Assets/Sounds/Abilities/FireBolt/wav/Impact/SFX_Fireball_Hit_01.uexp" 1835
"D:/Desktop/Jam/game-jam/Content/Assets/Characters/Aura/Staff/Materials/Staff_low_Top_OcclusionRoughnessMetallic.ubulk" 1836
"D:/Desktop/Jam/game-jam/Content/Assets/Characters/Aura/Staff/Materials/Staff_low_Top_OcclusionRoughnessMetallic.uasset" 1837
"D:/Desktop/Jam/game-jam/Content/Assets/Characters/Aura/Staff/Materials/Staff_low_Top_OcclusionRoughnessMetallic.uexp" 1838
"D:/Desktop/Jam/game-jam/Content/Assets/Characters/Aura/Staff/Materials/Staff_low_Top_Normal.ubulk" 1839
"D:/Desktop/Jam/game-jam/Content/Assets/Characters/Aura/Staff/Materials/Staff_low_Top_Normal.uasset" 1840
"D:/Desktop/Jam/game-jam/Content/Assets/Characters/Aura/Staff/Materials/Staff_low_Top_Normal.uexp" 1841
"D:/Desktop/Jam/game-jam/Content/Assets/Characters/Aura/Staff/Materials/Staff_low_Top_Emissive.ubulk" 1842
"D:/Desktop/Jam/game-jam/Content/Assets/Characters/Aura/Staff/Materials/Staff_low_Top_Emissive.uasset" 1843
"D:/Desktop/Jam/game-jam/Content/Assets/Characters/Aura/Staff/Materials/Staff_low_Top_Emissive.uexp" 1844
"D:/Desktop/Jam/game-jam/Content/Assets/Characters/Aura/Staff/Materials/Staff_low_Top_BaseColor.ubulk" 1845
"D:/Desktop/Jam/game-jam/Content/Assets/Characters/Aura/Staff/Materials/Staff_low_Top_BaseColor.uasset" 1846
"D:/Desktop/Jam/game-jam/Content/Assets/Characters/Aura/Staff/Materials/Staff_low_Top_BaseColor.uexp" 1847
"D:/Desktop/Jam/game-jam/Content/Assets/Characters/Aura/Staff/Materials/M_Staff.uasset" 1848
"D:/Desktop/Jam/game-jam/Content/Assets/Characters/Aura/Staff/Materials/M_Staff.uexp" 1849
"D:/Desktop/Jam/game-jam/Content/Assets/Characters/Aura/Staff/Materials/Staff_low_Floaty_BaseColor.ubulk" 1850
"D:/Desktop/Jam/game-jam/Content/Assets/Characters/Aura/Staff/Materials/Staff_low_Floaty_BaseColor.uasset" 1851
"D:/Desktop/Jam/game-jam/Content/Assets/Characters/Aura/Staff/Materials/Staff_low_Floaty_BaseColor.uexp" 1852
"D:/Desktop/Jam/game-jam/Content/Assets/Characters/Aura/Staff/Materials/Staff_low_Floaty_Normal.ubulk" 1853
"D:/Desktop/Jam/game-jam/Content/Assets/Characters/Aura/Staff/Materials/Staff_low_Floaty_Normal.uasset" 1854
"D:/Desktop/Jam/game-jam/Content/Assets/Characters/Aura/Staff/Materials/Staff_low_Floaty_Normal.uexp" 1855
"D:/Desktop/Jam/game-jam/Content/Assets/Characters/Aura/Staff/Materials/Staff_low_Floaty_Emissive.ubulk" 1856
"D:/Desktop/Jam/game-jam/Content/Assets/Characters/Aura/Staff/Materials/Staff_low_Floaty_Emissive.uasset" 1857
"D:/Desktop/Jam/game-jam/Content/Assets/Characters/Aura/Staff/Materials/Staff_low_Floaty_Emissive.uexp" 1858
"D:/Desktop/Jam/game-jam/Content/Assets/Characters/Aura/Staff/Materials/Staff_low_Floaty_OcclusionRoughnessMetallic.ubulk" 1859
"D:/Desktop/Jam/game-jam/Content/Assets/Characters/Aura/Staff/Materials/Staff_low_Floaty_OcclusionRoughnessMetallic.uasset" 1860
"D:/Desktop/Jam/game-jam/Content/Assets/Characters/Aura/Staff/Materials/Staff_low_Floaty_OcclusionRoughnessMetallic.uexp" 1861
"D:/Desktop/Jam/game-jam/Content/Assets/Characters/Aura/Staff/Materials/M_Floaty.uasset" 1862
"D:/Desktop/Jam/game-jam/Content/Assets/Characters/Aura/Staff/Materials/M_Floaty.uexp" 1863
"D:/Desktop/Jam/game-jam/Content/Assets/Characters/Aura/Staff/SM_Staff.ubulk" 1864
"D:/Desktop/Jam/game-jam/Content/Assets/Characters/Aura/Staff/SM_Staff.uasset" 1865
"D:/Desktop/Jam/game-jam/Content/Assets/Characters/Aura/Staff/SM_Staff.uexp" 1866
"D:/Desktop/Jam/game-jam/Content/Assets/Characters/Aura/Animations/Abilities/Cast_Shock1.uasset" 1867
"D:/Desktop/Jam/game-jam/Content/Assets/Characters/Aura/Animations/Abilities/Cast_Shock1.uexp" 1868
"D:/Desktop/Jam/game-jam/Content/Assets/Characters/Aura/Animations/Abilities/AM_Cast_Shock.uasset" 1869
"D:/Desktop/Jam/game-jam/Content/Assets/Characters/Aura/Animations/Abilities/AM_Cast_Shock.uexp" 1870
"D:/Desktop/Jam/game-jam/Content/Assets/Sounds/FootSteps/wav/SFX_Footsteps_Stone_06.ubulk" 1871
"D:/Desktop/Jam/game-jam/Content/Assets/Sounds/FootSteps/wav/SFX_Footsteps_Stone_06.uasset" 1872
"D:/Desktop/Jam/game-jam/Content/Assets/Sounds/FootSteps/wav/SFX_Footsteps_Stone_06.uexp" 1873
"D:/Desktop/Jam/game-jam/Content/Assets/Sounds/Abilities/FireBolt/att_InWorld.uasset" 1874
"D:/Desktop/Jam/game-jam/Content/Assets/Sounds/Abilities/FireBolt/att_InWorld.uexp" 1875
"D:/Desktop/Jam/game-jam/Content/Assets/Sounds/FootSteps/wav/SFX_Footsteps_Stone_02.ubulk" 1876
"D:/Desktop/Jam/game-jam/Content/Assets/Sounds/FootSteps/wav/SFX_Footsteps_Stone_02.uasset" 1877
"D:/Desktop/Jam/game-jam/Content/Assets/Sounds/FootSteps/wav/SFX_Footsteps_Stone_02.uexp" 1878
"D:/Desktop/Jam/game-jam/Content/Assets/Sounds/FootSteps/wav/SFX_Footsteps_Stone_05.ubulk" 1879
"D:/Desktop/Jam/game-jam/Content/Assets/Sounds/FootSteps/wav/SFX_Footsteps_Stone_05.uasset" 1880
"D:/Desktop/Jam/game-jam/Content/Assets/Sounds/FootSteps/wav/SFX_Footsteps_Stone_05.uexp" 1881
"D:/Desktop/Jam/game-jam/Content/Assets/Sounds/FootSteps/wav/SFX_Footsteps_Stone_04.ubulk" 1882
"D:/Desktop/Jam/game-jam/Content/Assets/Sounds/FootSteps/wav/SFX_Footsteps_Stone_04.uasset" 1883
"D:/Desktop/Jam/game-jam/Content/Assets/Sounds/FootSteps/wav/SFX_Footsteps_Stone_04.uexp" 1884
"D:/Desktop/Jam/game-jam/Content/Assets/Sounds/FootSteps/wav/SFX_Footsteps_Stone_09.ubulk" 1885
"D:/Desktop/Jam/game-jam/Content/Assets/Sounds/FootSteps/wav/SFX_Footsteps_Stone_09.uasset" 1886
"D:/Desktop/Jam/game-jam/Content/Assets/Sounds/FootSteps/wav/SFX_Footsteps_Stone_09.uexp" 1887
"D:/Desktop/Jam/game-jam/Content/Assets/Sounds/FootSteps/wav/SFX_Footsteps_Stone_07.ubulk" 1888
"D:/Desktop/Jam/game-jam/Content/Assets/Sounds/FootSteps/wav/SFX_Footsteps_Stone_07.uasset" 1889
"D:/Desktop/Jam/game-jam/Content/Assets/Sounds/FootSteps/wav/SFX_Footsteps_Stone_07.uexp" 1890
"D:/Desktop/Jam/game-jam/Content/Assets/Sounds/FootSteps/wav/SFX_Footsteps_Stone_08.ubulk" 1891
"D:/Desktop/Jam/game-jam/Content/Assets/Sounds/FootSteps/wav/SFX_Footsteps_Stone_08.uasset" 1892
"D:/Desktop/Jam/game-jam/Content/Assets/Sounds/FootSteps/wav/SFX_Footsteps_Stone_08.uexp" 1893
"D:/Desktop/Jam/game-jam/Content/Assets/Sounds/FootSteps/wav/SFX_Footsteps_Stone_01.ubulk" 1894
"D:/Desktop/Jam/game-jam/Content/Assets/Sounds/FootSteps/wav/SFX_Footsteps_Stone_01.uasset" 1895
"D:/Desktop/Jam/game-jam/Content/Assets/Sounds/FootSteps/wav/SFX_Footsteps_Stone_01.uexp" 1896
"D:/Desktop/Jam/game-jam/Content/Assets/Sounds/FootSteps/wav/SFX_Footsteps_Stone_03.ubulk" 1897
"D:/Desktop/Jam/game-jam/Content/Assets/Sounds/FootSteps/wav/SFX_Footsteps_Stone_03.uasset" 1898
"D:/Desktop/Jam/game-jam/Content/Assets/Sounds/FootSteps/wav/SFX_Footsteps_Stone_03.uexp" 1899
"D:/Desktop/Jam/game-jam/Content/Assets/Sounds/FootSteps/wav/SFX_Footsteps_Stone_10.ubulk" 1900
"D:/Desktop/Jam/game-jam/Content/Assets/Sounds/FootSteps/wav/SFX_Footsteps_Stone_10.uasset" 1901
"D:/Desktop/Jam/game-jam/Content/Assets/Sounds/FootSteps/wav/SFX_Footsteps_Stone_10.uexp" 1902
"D:/Desktop/Jam/game-jam/Content/Assets/Sounds/FootSteps/sfx_Footsteps.uasset" 1903
"D:/Desktop/Jam/game-jam/Content/Assets/Sounds/FootSteps/sfx_Footsteps.uexp" 1904
"D:/Desktop/Jam/game-jam/Content/Assets/Characters/Aura/Animations/Run.uasset" 1905
"D:/Desktop/Jam/game-jam/Content/Assets/Characters/Aura/Animations/Run.uexp" 1906
"D:/Desktop/Jam/game-jam/Content/Assets/Characters/Aura/Animations/Walk.uasset" 1907
"D:/Desktop/Jam/game-jam/Content/Assets/Characters/Aura/Animations/Walk.uexp" 1908
"D:/Desktop/Jam/game-jam/Content/Assets/Characters/Aura/Animations/Idle.uasset" 1909
"D:/Desktop/Jam/game-jam/Content/Assets/Characters/Aura/Animations/Idle.uexp" 1910
"D:/Desktop/Jam/game-jam/Content/MyCharacter/Animations/BS_Aura_Girl.uasset" 1911
"D:/Desktop/Jam/game-jam/Content/MyCharacter/Animations/BS_Aura_Girl.uexp" 1912
"D:/Desktop/Jam/game-jam/Content/MyCharacter/Animations/ABP_Aura_Girl.uasset" 1913
"D:/Desktop/Jam/game-jam/Content/MyCharacter/Animations/ABP_Aura_Girl.uexp" 1914
"D:/Desktop/Jam/game-jam/Content/MyCharacter/Characters/BP_Aura_Girl_Character.uasset" 1915
"D:/Desktop/Jam/game-jam/Content/MyCharacter/Characters/BP_Aura_Girl_Character.uexp" 1916
"D:/Desktop/Jam/game-jam/Content/LowerSector_Mod/Models/BG_Buildings/SM_BG_Building03.ubulk" 1917
"D:/Desktop/Jam/game-jam/Content/LowerSector_Mod/Models/BG_Buildings/SM_BG_Building03.uasset" 1918
"D:/Desktop/Jam/game-jam/Content/LowerSector_Mod/Models/BG_Buildings/SM_BG_Building03.uexp" 1919
"D:/Desktop/Jam/game-jam/Content/LowerSector_Mod/Models/Wall6x/SM_Wall6x_01.ubulk" 1920
"D:/Desktop/Jam/game-jam/Content/LowerSector_Mod/Models/Wall6x/SM_Wall6x_01.uasset" 1921
"D:/Desktop/Jam/game-jam/Content/LowerSector_Mod/Models/Wall6x/SM_Wall6x_01.uexp" 1922
"D:/Desktop/Jam/game-jam/Content/LowerSector_Mod/Models/Workshop/SM_Workshop_Cont4.ubulk" 1923
"D:/Desktop/Jam/game-jam/Content/LowerSector_Mod/Models/Workshop/SM_Workshop_Cont4.uasset" 1924
"D:/Desktop/Jam/game-jam/Content/LowerSector_Mod/Models/Workshop/SM_Workshop_Cont4.uexp" 1925
"D:/Desktop/Jam/game-jam/Content/LowerSector_Mod/Models/BG_Buildings/SM_BG_Building04.ubulk" 1926
"D:/Desktop/Jam/game-jam/Content/LowerSector_Mod/Models/BG_Buildings/SM_BG_Building04.uasset" 1927
"D:/Desktop/Jam/game-jam/Content/LowerSector_Mod/Models/BG_Buildings/SM_BG_Building04.uexp" 1928
"D:/Desktop/Jam/game-jam/Content/LowerSector_Mod/Models/Workshop/SM_Workshop_Tool4.ubulk" 1929
"D:/Desktop/Jam/game-jam/Content/LowerSector_Mod/Models/Workshop/SM_Workshop_Tool4.uasset" 1930
"D:/Desktop/Jam/game-jam/Content/LowerSector_Mod/Models/Workshop/SM_Workshop_Tool4.uexp" 1931
"D:/Desktop/Jam/game-jam/Content/LowerSector_Mod/Models/Tower8x/SM_Tower8x.ubulk" 1932
"D:/Desktop/Jam/game-jam/Content/LowerSector_Mod/Models/Tower8x/SM_Tower8x.uasset" 1933
"D:/Desktop/Jam/game-jam/Content/LowerSector_Mod/Models/Tower8x/SM_Tower8x.uexp" 1934
"D:/Desktop/Jam/game-jam/Content/LowerSector_Mod/Models/BG_Buildings/SM_BG_Building02.ubulk" 1935
"D:/Desktop/Jam/game-jam/Content/LowerSector_Mod/Models/BG_Buildings/SM_BG_Building02.uasset" 1936
"D:/Desktop/Jam/game-jam/Content/LowerSector_Mod/Models/BG_Buildings/SM_BG_Building02.uexp" 1937
"D:/Desktop/Jam/game-jam/Content/LowerSector_Mod/Models/RoofTop/Textures/T_RoofTop_OcclusionRoughnessMetallic.ubulk" 1938
"D:/Desktop/Jam/game-jam/Content/LowerSector_Mod/Models/RoofTop/Textures/T_RoofTop_OcclusionRoughnessMetallic.uasset" 1939
"D:/Desktop/Jam/game-jam/Content/LowerSector_Mod/Models/RoofTop/Textures/T_RoofTop_OcclusionRoughnessMetallic.uexp" 1940
"D:/Desktop/Jam/game-jam/Content/LowerSector_Mod/Models/RoofTop/Textures/T_RoofTop_BaseColor.ubulk" 1941
"D:/Desktop/Jam/game-jam/Content/LowerSector_Mod/Models/RoofTop/Textures/T_RoofTop_BaseColor.uasset" 1942
"D:/Desktop/Jam/game-jam/Content/LowerSector_Mod/Models/RoofTop/Textures/T_RoofTop_BaseColor.uexp" 1943
"D:/Desktop/Jam/game-jam/Content/LowerSector_Mod/Models/RoofTop/Textures/T_RoofTop_Emissive.ubulk" 1944
"D:/Desktop/Jam/game-jam/Content/LowerSector_Mod/Models/RoofTop/Textures/T_RoofTop_Emissive.uasset" 1945
"D:/Desktop/Jam/game-jam/Content/LowerSector_Mod/Models/RoofTop/Textures/T_RoofTop_Emissive.uexp" 1946
"D:/Desktop/Jam/game-jam/Content/LowerSector_Mod/Models/RoofTop/Textures/T_RoofTop_Normal.ubulk" 1947
"D:/Desktop/Jam/game-jam/Content/LowerSector_Mod/Models/RoofTop/Textures/T_RoofTop_Normal.uasset" 1948
"D:/Desktop/Jam/game-jam/Content/LowerSector_Mod/Models/RoofTop/Textures/T_RoofTop_Normal.uexp" 1949
"D:/Desktop/Jam/game-jam/Content/LowerSector_Mod/Models/RoofTop/Materials/M_RoofTop.uasset" 1950
"D:/Desktop/Jam/game-jam/Content/LowerSector_Mod/Models/RoofTop/Materials/M_RoofTop.uexp" 1951
"D:/Desktop/Jam/game-jam/Content/LowerSector_Mod/Models/RoofTop/SM_RoofTop_vent.ubulk" 1952
"D:/Desktop/Jam/game-jam/Content/LowerSector_Mod/Models/RoofTop/SM_RoofTop_vent.uasset" 1953
"D:/Desktop/Jam/game-jam/Content/LowerSector_Mod/Models/RoofTop/SM_RoofTop_vent.uexp" 1954
"D:/Desktop/Jam/game-jam/Content/LowerSector_Mod/Models/RollDoor01/SM_RollDoor01_B.ubulk" 1955
"D:/Desktop/Jam/game-jam/Content/LowerSector_Mod/Models/RollDoor01/SM_RollDoor01_B.uasset" 1956
"D:/Desktop/Jam/game-jam/Content/LowerSector_Mod/Models/RollDoor01/SM_RollDoor01_B.uexp" 1957
"D:/Desktop/Jam/game-jam/Content/LowerSector_Mod/Models/Entrance02/SM_EntranceTrim2.ubulk" 1958
"D:/Desktop/Jam/game-jam/Content/LowerSector_Mod/Models/Entrance02/SM_EntranceTrim2.uasset" 1959
"D:/Desktop/Jam/game-jam/Content/LowerSector_Mod/Models/Entrance02/SM_EntranceTrim2.uexp" 1960
"D:/Desktop/Jam/game-jam/Content/LowerSector_Mod/Models/Cables/SM_CablesLarge.ubulk" 1961
"D:/Desktop/Jam/game-jam/Content/LowerSector_Mod/Models/Cables/SM_CablesLarge.uasset" 1962
"D:/Desktop/Jam/game-jam/Content/LowerSector_Mod/Models/Cables/SM_CablesLarge.uexp" 1963
"../../../Engine/Content/MapTemplates/SM_Template_Map_Floor.ubulk" 1964
"../../../Engine/Content/MapTemplates/SM_Template_Map_Floor.uasset" 1965
"../../../Engine/Content/MapTemplates/SM_Template_Map_Floor.uexp" 1966
"D:/Desktop/Jam/game-jam/Content/LowerSector_Mod/Models/Tower8x/Materials/MI_Tower8x_Inst3.uasset" 1967
"D:/Desktop/Jam/game-jam/Content/LowerSector_Mod/Models/Tower8x/Materials/MI_Tower8x_Inst3.uexp" 1968
"D:/Desktop/Jam/game-jam/Content/LowerSector_Mod/Models/Decals/Textures/T_CC0.ubulk" 1969
"D:/Desktop/Jam/game-jam/Content/LowerSector_Mod/Models/Decals/Textures/T_CC0.uasset" 1970
"D:/Desktop/Jam/game-jam/Content/LowerSector_Mod/Models/Decals/Textures/T_CC0.uexp" 1971
"D:/Desktop/Jam/game-jam/Content/LowerSector_Mod/Models/Decals/Materials/M_Decal_CC0.uasset" 1972
"D:/Desktop/Jam/game-jam/Content/LowerSector_Mod/Models/Decals/Materials/M_Decal_CC0.uexp" 1973
"D:/Desktop/Jam/game-jam/Content/LowerSector_Mod/Models/Cables/Materials/M_Material_005.uasset" 1974
"D:/Desktop/Jam/game-jam/Content/LowerSector_Mod/Models/Cables/Materials/M_Material_005.uexp" 1975
"D:/Desktop/Jam/game-jam/Content/LowerSector_Mod/Models/Workshop/SM_Workshop_Tool3.ubulk" 1976
"D:/Desktop/Jam/game-jam/Content/LowerSector_Mod/Models/Workshop/SM_Workshop_Tool3.uasset" 1977
"D:/Desktop/Jam/game-jam/Content/LowerSector_Mod/Models/Workshop/SM_Workshop_Tool3.uexp" 1978
"D:/Desktop/Jam/game-jam/Content/LowerSector_Mod/Models/Workshop/SM_Workshop_Tool5.ubulk" 1979
"D:/Desktop/Jam/game-jam/Content/LowerSector_Mod/Models/Workshop/SM_Workshop_Tool5.uasset" 1980
"D:/Desktop/Jam/game-jam/Content/LowerSector_Mod/Models/Workshop/SM_Workshop_Tool5.uexp" 1981
"D:/Desktop/Jam/game-jam/Content/LowerSector_Mod/Models/Skybridge/SM_SkyBridge_panel.ubulk" 1982
"D:/Desktop/Jam/game-jam/Content/LowerSector_Mod/Models/Skybridge/SM_SkyBridge_panel.uasset" 1983
"D:/Desktop/Jam/game-jam/Content/LowerSector_Mod/Models/Skybridge/SM_SkyBridge_panel.uexp" 1984
"D:/Desktop/Jam/game-jam/Content/LowerSector_Mod/Models/Decals/Materials/M_DecalFace1.uasset" 1985
"D:/Desktop/Jam/game-jam/Content/LowerSector_Mod/Models/Decals/Materials/M_DecalFace1.uexp" 1986
"D:/Desktop/Jam/game-jam/Content/LowerSector_Mod/Models/Workshop/SM_Workshop_drawers.ubulk" 1987
"D:/Desktop/Jam/game-jam/Content/LowerSector_Mod/Models/Workshop/SM_Workshop_drawers.uasset" 1988
"D:/Desktop/Jam/game-jam/Content/LowerSector_Mod/Models/Workshop/SM_Workshop_drawers.uexp" 1989
"D:/Desktop/Jam/game-jam/Content/LowerSector_Mod/Maps/LowerSector_Mod_BuiltData.ubulk" 1990
"D:/Desktop/Jam/game-jam/Content/LowerSector_Mod/Maps/LowerSector_Mod_BuiltData.uasset" 1991
"D:/Desktop/Jam/game-jam/Content/LowerSector_Mod/Maps/LowerSector_Mod_BuiltData.uexp" 1992
"D:/Desktop/Jam/game-jam/Content/LowerSector_Mod/Models/Entrance01/Textures/T_Entrance01_Normal.ubulk" 1993
"D:/Desktop/Jam/game-jam/Content/LowerSector_Mod/Models/Entrance01/Textures/T_Entrance01_Normal.uasset" 1994
"D:/Desktop/Jam/game-jam/Content/LowerSector_Mod/Models/Entrance01/Textures/T_Entrance01_Normal.uexp" 1995
"D:/Desktop/Jam/game-jam/Content/LowerSector_Mod/Models/Entrance01/Textures/T_Entrance01_Emissive.ubulk" 1996
"D:/Desktop/Jam/game-jam/Content/LowerSector_Mod/Models/Entrance01/Textures/T_Entrance01_Emissive.uasset" 1997
"D:/Desktop/Jam/game-jam/Content/LowerSector_Mod/Models/Entrance01/Textures/T_Entrance01_Emissive.uexp" 1998
"D:/Desktop/Jam/game-jam/Content/LowerSector_Mod/Models/Entrance01/Textures/T_Entrance01_OcclusionRoughnessMetallic.ubulk" 1999
"D:/Desktop/Jam/game-jam/Content/LowerSector_Mod/Models/Entrance01/Textures/T_Entrance01_OcclusionRoughnessMetallic.uasset" 2000
"D:/Desktop/Jam/game-jam/Content/LowerSector_Mod/Models/Entrance01/Textures/T_Entrance01_OcclusionRoughnessMetallic.uexp" 2001
"D:/Desktop/Jam/game-jam/Content/LowerSector_Mod/Models/Entrance01/Textures/T_Entrance01_BaseColor.ubulk" 2002
"D:/Desktop/Jam/game-jam/Content/LowerSector_Mod/Models/Entrance01/Textures/T_Entrance01_BaseColor.uasset" 2003
"D:/Desktop/Jam/game-jam/Content/LowerSector_Mod/Models/Entrance01/Textures/T_Entrance01_BaseColor.uexp" 2004
"D:/Desktop/Jam/game-jam/Content/LowerSector_Mod/Models/Entrance01/Materials/M_Entrance01.uasset" 2005
"D:/Desktop/Jam/game-jam/Content/LowerSector_Mod/Models/Entrance01/Materials/M_Entrance01.uexp" 2006
"D:/Desktop/Jam/game-jam/Content/LowerSector_Mod/Models/Entrance01/SM_Entrance01_Door.ubulk" 2007
"D:/Desktop/Jam/game-jam/Content/LowerSector_Mod/Models/Entrance01/SM_Entrance01_Door.uasset" 2008
"D:/Desktop/Jam/game-jam/Content/LowerSector_Mod/Models/Entrance01/SM_Entrance01_Door.uexp" 2009
"D:/Desktop/Jam/game-jam/Content/LowerSector_Mod/Models/Cables/Materials/M_Material_008.uasset" 2010
"D:/Desktop/Jam/game-jam/Content/LowerSector_Mod/Models/Cables/Materials/M_Material_008.uexp" 2011
"D:/Desktop/Jam/game-jam/Content/Spider_Robot/Mesh/Spider_Robot_Skeleton.uasset" 2012
"D:/Desktop/Jam/game-jam/Content/Spider_Robot/Mesh/Spider_Robot_Skeleton.uexp" 2013
"D:/Desktop/Jam/game-jam/Content/Spider_Robot/Animations/Anim_Hit1.uasset" 2014
"D:/Desktop/Jam/game-jam/Content/Spider_Robot/Animations/Anim_Hit1.uexp" 2015
"D:/Desktop/Jam/game-jam/Content/Spider_Robot/Animations/AM_Hit1.uasset" 2016
"D:/Desktop/Jam/game-jam/Content/Spider_Robot/Animations/AM_Hit1.uexp" 2017
"D:/Desktop/Jam/game-jam/Content/Spider_Robot/Spider_Robot_ShootingSound.ubulk" 2018
"D:/Desktop/Jam/game-jam/Content/Spider_Robot/Spider_Robot_ShootingSound.uasset" 2019
"D:/Desktop/Jam/game-jam/Content/Spider_Robot/Spider_Robot_ShootingSound.uexp" 2020
"D:/Desktop/Jam/game-jam/Content/Maps/Shahriyor_Map/AI/BB_Archer.uasset" 2021
"D:/Desktop/Jam/game-jam/Content/Maps/Shahriyor_Map/AI/BB_Archer.uexp" 2022
"D:/Desktop/Jam/game-jam/Content/AI/Mishas/Tasks/BTTask_Find_Patrol_Point.uasset" 2023
"D:/Desktop/Jam/game-jam/Content/AI/Mishas/Tasks/BTTask_Find_Patrol_Point.uexp" 2024
"D:/Desktop/Jam/game-jam/Content/Maps/Abrorbek/EQS/EQS_Context.uasset" 2025
"D:/Desktop/Jam/game-jam/Content/Maps/Abrorbek/EQS/EQS_Context.uexp" 2026
"D:/Desktop/Jam/game-jam/Content/Maps/Shahriyor_Map/EQS_ContextArcher.uasset" 2027
"D:/Desktop/Jam/game-jam/Content/Maps/Shahriyor_Map/EQS_ContextArcher.uexp" 2028
"D:/Desktop/Jam/game-jam/Content/Maps/Shahriyor_Map/AI/EQS_Archer.uasset" 2029
"D:/Desktop/Jam/game-jam/Content/Maps/Shahriyor_Map/AI/EQS_Archer.uexp" 2030
"D:/Desktop/Jam/game-jam/Content/Maps/Shahriyor_Map/AI/Tasks/BTT_Get_EQS.uasset" 2031
"D:/Desktop/Jam/game-jam/Content/Maps/Shahriyor_Map/AI/Tasks/BTT_Get_EQS.uexp" 2032
"D:/Desktop/Jam/game-jam/Content/Assets/Enemies/Goblin/Slingshot/Materials/Green/Slingshot_low_M_Slingshot_Normal.ubulk" 2033
"D:/Desktop/Jam/game-jam/Content/Assets/Enemies/Goblin/Slingshot/Materials/Green/Slingshot_low_M_Slingshot_Normal.uasset" 2034
"D:/Desktop/Jam/game-jam/Content/Assets/Enemies/Goblin/Slingshot/Materials/Green/Slingshot_low_M_Slingshot_Normal.uexp" 2035
"D:/Desktop/Jam/game-jam/Content/Assets/Enemies/Goblin/Slingshot/Materials/Green/Slingshot_low_M_Slingshot_OcclusionRoughnessMetallic.ubulk" 2036
"D:/Desktop/Jam/game-jam/Content/Assets/Enemies/Goblin/Slingshot/Materials/Green/Slingshot_low_M_Slingshot_OcclusionRoughnessMetallic.uasset" 2037
"D:/Desktop/Jam/game-jam/Content/Assets/Enemies/Goblin/Slingshot/Materials/Green/Slingshot_low_M_Slingshot_OcclusionRoughnessMetallic.uexp" 2038
"D:/Desktop/Jam/game-jam/Content/Assets/Enemies/Goblin/Slingshot/Materials/Green/Slingshot_low_M_Slingshot_BaseColor.ubulk" 2039
"D:/Desktop/Jam/game-jam/Content/Assets/Enemies/Goblin/Slingshot/Materials/Green/Slingshot_low_M_Slingshot_BaseColor.uasset" 2040
"D:/Desktop/Jam/game-jam/Content/Assets/Enemies/Goblin/Slingshot/Materials/Green/Slingshot_low_M_Slingshot_BaseColor.uexp" 2041
"D:/Desktop/Jam/game-jam/Content/Maps/Shahriyor/Shahriyor_Map/Goblin/Animations/Slingshot/Materials/Green/M_Slingshot_Green.uasset" 2042
"D:/Desktop/Jam/game-jam/Content/Maps/Shahriyor/Shahriyor_Map/Goblin/Animations/Slingshot/Materials/Green/M_Slingshot_Green.uexp" 2043
"D:/Desktop/Jam/game-jam/Content/Assets/Enemies/Goblin/Slingshot/Materials/SlingshotRock/SlingshotRock_low_DefaultMaterial_Normal.ubulk" 2044
"D:/Desktop/Jam/game-jam/Content/Assets/Enemies/Goblin/Slingshot/Materials/SlingshotRock/SlingshotRock_low_DefaultMaterial_Normal.uasset" 2045
"D:/Desktop/Jam/game-jam/Content/Assets/Enemies/Goblin/Slingshot/Materials/SlingshotRock/SlingshotRock_low_DefaultMaterial_Normal.uexp" 2046
"D:/Desktop/Jam/game-jam/Content/Assets/Enemies/Goblin/Slingshot/Materials/SlingshotRock/SlingshotRock_low_DefaultMaterial_BaseColor.ubulk" 2047
"D:/Desktop/Jam/game-jam/Content/Assets/Enemies/Goblin/Slingshot/Materials/SlingshotRock/SlingshotRock_low_DefaultMaterial_BaseColor.uasset" 2048
"D:/Desktop/Jam/game-jam/Content/Assets/Enemies/Goblin/Slingshot/Materials/SlingshotRock/SlingshotRock_low_DefaultMaterial_BaseColor.uexp" 2049
"D:/Desktop/Jam/game-jam/Content/Assets/Enemies/Goblin/Slingshot/Materials/SlingshotRock/SlingshotRock_low_DefaultMaterial_OcclusionRoughnessMetallic.ubulk" 2050
"D:/Desktop/Jam/game-jam/Content/Assets/Enemies/Goblin/Slingshot/Materials/SlingshotRock/SlingshotRock_low_DefaultMaterial_OcclusionRoughnessMetallic.uasset" 2051
"D:/Desktop/Jam/game-jam/Content/Assets/Enemies/Goblin/Slingshot/Materials/SlingshotRock/SlingshotRock_low_DefaultMaterial_OcclusionRoughnessMetallic.uexp" 2052
"D:/Desktop/Jam/game-jam/Content/Assets/Enemies/Goblin/Slingshot/Materials/SlingshotRock/M_SlingshotRock.uasset" 2053
"D:/Desktop/Jam/game-jam/Content/Assets/Enemies/Goblin/Slingshot/Materials/SlingshotRock/M_SlingshotRock.uexp" 2054
"D:/Desktop/Jam/game-jam/Content/Maps/Shahriyor_Map/Goblin/Slingshot/SM_SlingshotRock.ubulk" 2055
"D:/Desktop/Jam/game-jam/Content/Maps/Shahriyor_Map/Goblin/Slingshot/SM_SlingshotRock.uasset" 2056
"D:/Desktop/Jam/game-jam/Content/Maps/Shahriyor_Map/Goblin/Slingshot/SM_SlingshotRock.uexp" 2057
"D:/Desktop/Jam/game-jam/Content/Characters/Enemy/UndeadPack/Lich/BP_Spell_Shot.uasset" 2058
"D:/Desktop/Jam/game-jam/Content/Characters/Enemy/UndeadPack/Lich/BP_Spell_Shot.uexp" 2059
"../../../Engine/Plugins/Animation/ACLPlugin/Content/ACLAnimBoneCompressionSettings.uasset" 2060
"../../../Engine/Plugins/Animation/ACLPlugin/Content/ACLAnimBoneCompressionSettings.uexp" 2061
"D:/Desktop/Jam/game-jam/Content/Characters/Enemy/UndeadPack/Lich/Mesh/SK_Lich_Full_Skeleton.uasset" 2062
"D:/Desktop/Jam/game-jam/Content/Characters/Enemy/UndeadPack/Lich/Mesh/SK_Lich_Full_Skeleton.uexp" 2063
"../../../Engine/Plugins/Animation/ACLPlugin/Content/ACLAnimCurveCompressionSettings.uasset" 2064
"../../../Engine/Plugins/Animation/ACLPlugin/Content/ACLAnimCurveCompressionSettings.uexp" 2065
"D:/Desktop/Jam/game-jam/Content/Characters/Enemy/UndeadPack/Lich/Animations/Anim_Death.uasset" 2066
"D:/Desktop/Jam/game-jam/Content/Characters/Enemy/UndeadPack/Lich/Animations/Anim_Death.uexp" 2067
"D:/Desktop/Jam/game-jam/Content/Characters/Enemy/UndeadPack/Lich/Animations/AM_Lich_Death.uasset" 2068
"D:/Desktop/Jam/game-jam/Content/Characters/Enemy/UndeadPack/Lich/Animations/AM_Lich_Death.uexp" 2069
"D:/Desktop/Jam/game-jam/Content/Characters/Enemy/UndeadPack/Lich/Mesh/SK_Lich_Full_PhysicsAsset.uasset" 2070
"D:/Desktop/Jam/game-jam/Content/Characters/Enemy/UndeadPack/Lich/Mesh/SK_Lich_Full_PhysicsAsset.uexp" 2071
"D:/Desktop/Jam/game-jam/Content/Characters/Enemy/UndeadPack/Lich/Textures/T_Lich_AORM.ubulk" 2072
"D:/Desktop/Jam/game-jam/Content/Characters/Enemy/UndeadPack/Lich/Textures/T_Lich_AORM.uasset" 2073
"D:/Desktop/Jam/game-jam/Content/Characters/Enemy/UndeadPack/Lich/Textures/T_Lich_AORM.uexp" 2074
"../../../Engine/Content/MaterialTemplates/Textures/T_Noise01.ubulk" 2075
"../../../Engine/Content/MaterialTemplates/Textures/T_Noise01.uasset" 2076
"../../../Engine/Content/MaterialTemplates/Textures/T_Noise01.uexp" 2077
"D:/Desktop/Jam/game-jam/Content/Characters/Enemy/UndeadPack/Lich/Textures/T_Lich_Full_Mask.ubulk" 2078
"D:/Desktop/Jam/game-jam/Content/Characters/Enemy/UndeadPack/Lich/Textures/T_Lich_Full_Mask.uasset" 2079
"D:/Desktop/Jam/game-jam/Content/Characters/Enemy/UndeadPack/Lich/Textures/T_Lich_Full_Mask.uexp" 2080
"D:/Desktop/Jam/game-jam/Content/Characters/Enemy/UndeadPack/Lich/Textures/T_Lich_E.ubulk" 2081
"D:/Desktop/Jam/game-jam/Content/Characters/Enemy/UndeadPack/Lich/Textures/T_Lich_E.uasset" 2082
"D:/Desktop/Jam/game-jam/Content/Characters/Enemy/UndeadPack/Lich/Textures/T_Lich_E.uexp" 2083
"../../../Engine/Content/Functions/Engine_MaterialFunctions01/Gradient/LinearGradient.uasset" 2084
"../../../Engine/Content/Functions/Engine_MaterialFunctions01/Gradient/LinearGradient.uexp" 2085
"D:/Desktop/Jam/game-jam/Content/Characters/Enemy/UndeadPack/Lich/Textures/T_Lich_N.ubulk" 2086
"D:/Desktop/Jam/game-jam/Content/Characters/Enemy/UndeadPack/Lich/Textures/T_Lich_N.uasset" 2087
"D:/Desktop/Jam/game-jam/Content/Characters/Enemy/UndeadPack/Lich/Textures/T_Lich_N.uexp" 2088
"../../../Engine/Content/Functions/Engine_MaterialFunctions01/ImageAdjustment/CheapContrast.uasset" 2089
"../../../Engine/Content/Functions/Engine_MaterialFunctions01/ImageAdjustment/CheapContrast.uexp" 2090
"D:/Desktop/Jam/game-jam/Content/Characters/Enemy/UndeadPack/Lich/Textures/T_Lich_1_D.ubulk" 2091
"D:/Desktop/Jam/game-jam/Content/Characters/Enemy/UndeadPack/Lich/Textures/T_Lich_1_D.uasset" 2092
"D:/Desktop/Jam/game-jam/Content/Characters/Enemy/UndeadPack/Lich/Textures/T_Lich_1_D.uexp" 2093
"D:/Desktop/Jam/game-jam/Content/Characters/Enemy/UndeadPack/Lich/Materials/M_Lich.uasset" 2094
"D:/Desktop/Jam/game-jam/Content/Characters/Enemy/UndeadPack/Lich/Materials/M_Lich.uexp" 2095
"D:/Desktop/Jam/game-jam/Content/Characters/Enemy/UndeadPack/Lich/Materials/MI_Lich_1.uasset" 2096
"D:/Desktop/Jam/game-jam/Content/Characters/Enemy/UndeadPack/Lich/Materials/MI_Lich_1.uexp" 2097
"D:/Desktop/Jam/game-jam/Content/Characters/Enemy/UndeadPack/Lich/Mesh/SK_Lich_Full.uasset" 2098
"D:/Desktop/Jam/game-jam/Content/Characters/Enemy/UndeadPack/Lich/Mesh/SK_Lich_Full.uexp" 2099
"D:/Desktop/Jam/game-jam/Content/Characters/Enemy/UndeadPack/Lich/Animations/Anim_Hit.uasset" 2100
"D:/Desktop/Jam/game-jam/Content/Characters/Enemy/UndeadPack/Lich/Animations/Anim_Hit.uexp" 2101
"D:/Desktop/Jam/game-jam/Content/Characters/Enemy/UndeadPack/Lich/Animations/AM_Lich_Hit_Montage.uasset" 2102
"D:/Desktop/Jam/game-jam/Content/Characters/Enemy/UndeadPack/Lich/Animations/AM_Lich_Hit_Montage.uexp" 2103
"D:/Desktop/Jam/game-jam/Content/Assets/Enemies/Goblin/Slingshot/Centered/SK_Slingshot.uasset" 2104
"D:/Desktop/Jam/game-jam/Content/Assets/Enemies/Goblin/Slingshot/Centered/SK_Slingshot.uexp" 2105
"D:/Desktop/Jam/game-jam/Content/Assets/Enemies/Goblin/Slingshot/Centered/Slingshot_Attack.uasset" 2106
"D:/Desktop/Jam/game-jam/Content/Assets/Enemies/Goblin/Slingshot/Centered/Slingshot_Attack.uexp" 2107
"D:/Desktop/Jam/game-jam/Content/Assets/Enemies/Goblin/Slingshot/Centered/AM_Slingshot.uasset" 2108
"D:/Desktop/Jam/game-jam/Content/Assets/Enemies/Goblin/Slingshot/Centered/AM_Slingshot.uexp" 2109
"D:/Desktop/Jam/game-jam/Content/Characters/Enemy/UndeadPack/Lich/Animations/Anim_Spell.uasset" 2110
"D:/Desktop/Jam/game-jam/Content/Characters/Enemy/UndeadPack/Lich/Animations/Anim_Spell.uexp" 2111
"D:/Desktop/Jam/game-jam/Content/Characters/Enemy/UndeadPack/Lich/Animations/AM_Lich_Spell.uasset" 2112
"D:/Desktop/Jam/game-jam/Content/Characters/Enemy/UndeadPack/Lich/Animations/AM_Lich_Spell.uexp" 2113
"D:/Desktop/Jam/game-jam/Content/Characters/Enemy/UndeadPack/Lich/Animations/Anim_Idle.uasset" 2114
"D:/Desktop/Jam/game-jam/Content/Characters/Enemy/UndeadPack/Lich/Animations/Anim_Idle.uexp" 2115
"D:/Desktop/Jam/game-jam/Content/Characters/Enemy/UndeadPack/Lich/Animations/Anim_Walk.uasset" 2116
"D:/Desktop/Jam/game-jam/Content/Characters/Enemy/UndeadPack/Lich/Animations/Anim_Walk.uexp" 2117
"D:/Desktop/Jam/game-jam/Content/Characters/Enemy/UndeadPack/Lich/BS_1D_Lich.uasset" 2118
"D:/Desktop/Jam/game-jam/Content/Characters/Enemy/UndeadPack/Lich/BS_1D_Lich.uexp" 2119
"D:/Desktop/Jam/game-jam/Content/Characters/Enemy/UndeadPack/Lich/ABP_Lich.uasset" 2120
"D:/Desktop/Jam/game-jam/Content/Characters/Enemy/UndeadPack/Lich/ABP_Lich.uexp" 2121
"../../../Engine/Content/VREditor/Sounds/VR_teleport.ubulk" 2122
"../../../Engine/Content/VREditor/Sounds/VR_teleport.uasset" 2123
"../../../Engine/Content/VREditor/Sounds/VR_teleport.uexp" 2124
"D:/Desktop/Jam/game-jam/Content/Characters/Enemy/UndeadPack/Lich/BP_Lich.uasset" 2125
"D:/Desktop/Jam/game-jam/Content/Characters/Enemy/UndeadPack/Lich/BP_Lich.uexp" 2126
"D:/Desktop/Jam/game-jam/Content/Assets/Enemies/Goblin/Slingshot/Centered/PA_Slingshot.uasset" 2127
"D:/Desktop/Jam/game-jam/Content/Assets/Enemies/Goblin/Slingshot/Centered/PA_Slingshot.uexp" 2128
"D:/Desktop/Jam/game-jam/Content/Assets/Enemies/Goblin/Slingshot/Materials/Red/Slingshot_low_M_Slingshot_OcclusionRoughnessMetallic.ubulk" 2129
"D:/Desktop/Jam/game-jam/Content/Assets/Enemies/Goblin/Slingshot/Materials/Red/Slingshot_low_M_Slingshot_OcclusionRoughnessMetallic.uasset" 2130
"D:/Desktop/Jam/game-jam/Content/Assets/Enemies/Goblin/Slingshot/Materials/Red/Slingshot_low_M_Slingshot_OcclusionRoughnessMetallic.uexp" 2131
"D:/Desktop/Jam/game-jam/Content/Assets/Enemies/Goblin/Slingshot/Materials/Red/Slingshot_low_M_Slingshot_Normal.ubulk" 2132
"D:/Desktop/Jam/game-jam/Content/Assets/Enemies/Goblin/Slingshot/Materials/Red/Slingshot_low_M_Slingshot_Normal.uasset" 2133
"D:/Desktop/Jam/game-jam/Content/Assets/Enemies/Goblin/Slingshot/Materials/Red/Slingshot_low_M_Slingshot_Normal.uexp" 2134
"D:/Desktop/Jam/game-jam/Content/Assets/Enemies/Goblin/Slingshot/Materials/Red/Slingshot_low_M_Slingshot_BaseColor.ubulk" 2135
"D:/Desktop/Jam/game-jam/Content/Assets/Enemies/Goblin/Slingshot/Materials/Red/Slingshot_low_M_Slingshot_BaseColor.uasset" 2136
"D:/Desktop/Jam/game-jam/Content/Assets/Enemies/Goblin/Slingshot/Materials/Red/Slingshot_low_M_Slingshot_BaseColor.uexp" 2137
"D:/Desktop/Jam/game-jam/Content/Assets/Enemies/Goblin/Slingshot/Materials/Red/M_Slingshot_Red.uasset" 2138
"D:/Desktop/Jam/game-jam/Content/Assets/Enemies/Goblin/Slingshot/Materials/Red/M_Slingshot_Red.uexp" 2139
"D:/Desktop/Jam/game-jam/Content/Assets/Enemies/Goblin/Slingshot/Centered/SKM_Slingshot.uasset" 2140
"D:/Desktop/Jam/game-jam/Content/Assets/Enemies/Goblin/Slingshot/Centered/SKM_Slingshot.uexp" 2141
"D:/Desktop/Jam/game-jam/Content/Assets/Enemies/Goblin/SK_Goblin.uasset" 2142
"D:/Desktop/Jam/game-jam/Content/Assets/Enemies/Goblin/SK_Goblin.uexp" 2143
"D:/Desktop/Jam/game-jam/Content/Maps/Shahriyor_Map/Goblin/Slingshot/Attack_Slingshot.uasset" 2144
"D:/Desktop/Jam/game-jam/Content/Maps/Shahriyor_Map/Goblin/Slingshot/Attack_Slingshot.uexp" 2145
"D:/Desktop/Jam/game-jam/Content/Maps/Shahriyor_Map/Goblin/Slingshot/AM_Attack.uasset" 2146
"D:/Desktop/Jam/game-jam/Content/Maps/Shahriyor_Map/Goblin/Slingshot/AM_Attack.uexp" 2147
"D:/Desktop/Jam/game-jam/Content/Assets/Sounds/Enemies/Goblin/Death/SFX_Goblin_Death_01.ubulk" 2148
"D:/Desktop/Jam/game-jam/Content/Assets/Sounds/Enemies/Goblin/Death/SFX_Goblin_Death_01.uasset" 2149
"D:/Desktop/Jam/game-jam/Content/Assets/Sounds/Enemies/Goblin/Death/SFX_Goblin_Death_01.uexp" 2150
"D:/Desktop/Jam/game-jam/Content/Assets/Enemies/Goblin/Animations/Spear/Idle_Spear2.uasset" 2151
"D:/Desktop/Jam/game-jam/Content/Assets/Enemies/Goblin/Animations/Spear/Idle_Spear2.uexp" 2152
"D:/Desktop/Jam/game-jam/Content/Maps/Shahriyor_Map/Goblin/Animations/Spear/Run_Spear2.uasset" 2153
"D:/Desktop/Jam/game-jam/Content/Maps/Shahriyor_Map/Goblin/Animations/Spear/Run_Spear2.uexp" 2154
"D:/Desktop/Jam/game-jam/Content/Assets/Enemies/Goblin/Animations/Slingshot/Idle_Slingshot.uasset" 2155
"D:/Desktop/Jam/game-jam/Content/Assets/Enemies/Goblin/Animations/Slingshot/Idle_Slingshot.uexp" 2156
"D:/Desktop/Jam/game-jam/Content/Maps/Shahriyor_Map/Goblin/BS_1D_Goblin_A.uasset" 2157
"D:/Desktop/Jam/game-jam/Content/Maps/Shahriyor_Map/Goblin/BS_1D_Goblin_A.uexp" 2158
"D:/Desktop/Jam/game-jam/Content/Maps/Shahriyor/Shahriyor_Map/Goblin/ABP_Goblin_SlingShot.uasset" 2159
"D:/Desktop/Jam/game-jam/Content/Maps/Shahriyor/Shahriyor_Map/Goblin/ABP_Goblin_SlingShot.uexp" 2160
"D:/Desktop/Jam/game-jam/Content/Assets/Enemies/Goblin/Animations/Spear/HitReact_Spear.uasset" 2161
"D:/Desktop/Jam/game-jam/Content/Assets/Enemies/Goblin/Animations/Spear/HitReact_Spear.uexp" 2162
"D:/Desktop/Jam/game-jam/Content/Assets/Enemies/Goblin/Animations/Spear/AM_Hit.uasset" 2163
"D:/Desktop/Jam/game-jam/Content/Assets/Enemies/Goblin/Animations/Spear/AM_Hit.uexp" 2164
"D:/Desktop/Jam/game-jam/Content/Assets/Enemies/Goblin/Animations/Slingshot/Death_Slingshot1.uasset" 2165
"D:/Desktop/Jam/game-jam/Content/Assets/Enemies/Goblin/Animations/Slingshot/Death_Slingshot1.uexp" 2166
"D:/Desktop/Jam/game-jam/Content/Assets/Enemies/Goblin/Animations/Slingshot/AM_Death.uasset" 2167
"D:/Desktop/Jam/game-jam/Content/Assets/Enemies/Goblin/Animations/Slingshot/AM_Death.uexp" 2168
"D:/Desktop/Jam/game-jam/Content/Assets/Enemies/Goblin/Materials/Goblin_low_M_Goblin_OcclusionRoughnessMetallic.ubulk" 2169
"D:/Desktop/Jam/game-jam/Content/Assets/Enemies/Goblin/Materials/Goblin_low_M_Goblin_OcclusionRoughnessMetallic.uasset" 2170
"D:/Desktop/Jam/game-jam/Content/Assets/Enemies/Goblin/Materials/Goblin_low_M_Goblin_OcclusionRoughnessMetallic.uexp" 2171
"D:/Desktop/Jam/game-jam/Content/Assets/Enemies/Goblin/Materials/Goblin_low_M_Goblin_BaseColor.ubulk" 2172
"D:/Desktop/Jam/game-jam/Content/Assets/Enemies/Goblin/Materials/Goblin_low_M_Goblin_BaseColor.uasset" 2173
"D:/Desktop/Jam/game-jam/Content/Assets/Enemies/Goblin/Materials/Goblin_low_M_Goblin_BaseColor.uexp" 2174
"D:/Desktop/Jam/game-jam/Content/Assets/Enemies/Goblin/Materials/Goblin_low_M_Goblin_Normal.ubulk" 2175
"D:/Desktop/Jam/game-jam/Content/Assets/Enemies/Goblin/Materials/Goblin_low_M_Goblin_Normal.uasset" 2176
"D:/Desktop/Jam/game-jam/Content/Assets/Enemies/Goblin/Materials/Goblin_low_M_Goblin_Normal.uexp" 2177
"D:/Desktop/Jam/game-jam/Content/Assets/Enemies/Goblin/Materials/M_Goblin.uasset" 2178
"D:/Desktop/Jam/game-jam/Content/Assets/Enemies/Goblin/Materials/M_Goblin.uexp" 2179
"D:/Desktop/Jam/game-jam/Content/Assets/Enemies/Goblin/PA_Goblin.uasset" 2180
"D:/Desktop/Jam/game-jam/Content/Assets/Enemies/Goblin/PA_Goblin.uexp" 2181
"D:/Desktop/Jam/game-jam/Content/Assets/Enemies/Goblin/SKM_Goblin.uasset" 2182
"D:/Desktop/Jam/game-jam/Content/Assets/Enemies/Goblin/SKM_Goblin.uexp" 2183
"D:/Desktop/Jam/game-jam/Content/Maps/Shahriyor_Map/Goblin/Animations/Slingshot/Materials/SlingshotRock/M_SlingshotRock.uasset" 2184
"D:/Desktop/Jam/game-jam/Content/Maps/Shahriyor_Map/Goblin/Animations/Slingshot/Materials/SlingshotRock/M_SlingshotRock.uexp" 2185
"D:/Desktop/Jam/game-jam/Content/Assets/Enemies/Goblin/Slingshot/SM_SlingshotRock.ubulk" 2186
"D:/Desktop/Jam/game-jam/Content/Assets/Enemies/Goblin/Slingshot/SM_SlingshotRock.uasset" 2187
"D:/Desktop/Jam/game-jam/Content/Assets/Enemies/Goblin/Slingshot/SM_SlingshotRock.uexp" 2188
"D:/Desktop/Jam/game-jam/Content/Assets/Effects/Combat/NS_SlingshotImpact.uasset" 2189
"D:/Desktop/Jam/game-jam/Content/Assets/Effects/Combat/NS_SlingshotImpact.uexp" 2190
"D:/Desktop/Jam/game-jam/Content/Maps/Shahriyor_Map/Goblin/BP_Arrow.uasset" 2191
"D:/Desktop/Jam/game-jam/Content/Maps/Shahriyor_Map/Goblin/BP_Arrow.uexp" 2192
"D:/Desktop/Jam/game-jam/Content/Assets/Enemies/Goblin/Animations/Spear/ShockLoop1.uasset" 2193
"D:/Desktop/Jam/game-jam/Content/Assets/Enemies/Goblin/Animations/Spear/ShockLoop1.uexp" 2194
"D:/Desktop/Jam/game-jam/Content/Assets/Enemies/Goblin/Animations/Spear/AM_Shock.uasset" 2195
"D:/Desktop/Jam/game-jam/Content/Assets/Enemies/Goblin/Animations/Spear/AM_Shock.uexp" 2196
"D:/Desktop/Jam/game-jam/Content/Assets/Sounds/Slingshot/wav/SFX_BowDraw_FastShot_Full_01.ubulk" 2197
"D:/Desktop/Jam/game-jam/Content/Assets/Sounds/Slingshot/wav/SFX_BowDraw_FastShot_Full_01.uasset" 2198
"D:/Desktop/Jam/game-jam/Content/Assets/Sounds/Slingshot/wav/SFX_BowDraw_FastShot_Full_01.uexp" 2199
"D:/Desktop/Jam/game-jam/Content/Maps/Shahriyor/Shahriyor_Map/Goblin/BP_Goblin_SlingShot.uasset" 2200
"D:/Desktop/Jam/game-jam/Content/Maps/Shahriyor/Shahriyor_Map/Goblin/BP_Goblin_SlingShot.uexp" 2201
"D:/Desktop/Jam/game-jam/Content/Characters/Enemy/UndeadPack/SkeletonEnemy/Mesh/SK_Skeleton_Physics.uasset" 2202
"D:/Desktop/Jam/game-jam/Content/Characters/Enemy/UndeadPack/SkeletonEnemy/Mesh/SK_Skeleton_Physics.uexp" 2203
"D:/Desktop/Jam/game-jam/Content/Characters/Enemy/UndeadPack/SkeletonEnemy/Mesh/SK_Skeleton_Skeleton.uasset" 2204
"D:/Desktop/Jam/game-jam/Content/Characters/Enemy/UndeadPack/SkeletonEnemy/Mesh/SK_Skeleton_Skeleton.uexp" 2205
"D:/Desktop/Jam/game-jam/Content/Characters/Enemy/UndeadPack/SkeletonEnemy/Textures/T_Skeleton_N.ubulk" 2206
"D:/Desktop/Jam/game-jam/Content/Characters/Enemy/UndeadPack/SkeletonEnemy/Textures/T_Skeleton_N.uasset" 2207
"D:/Desktop/Jam/game-jam/Content/Characters/Enemy/UndeadPack/SkeletonEnemy/Textures/T_Skeleton_N.uexp" 2208
"D:/Desktop/Jam/game-jam/Content/Characters/Enemy/UndeadPack/SkeletonEnemy/Textures/T_Skeleton_AORM.ubulk" 2209
"D:/Desktop/Jam/game-jam/Content/Characters/Enemy/UndeadPack/SkeletonEnemy/Textures/T_Skeleton_AORM.uasset" 2210
"D:/Desktop/Jam/game-jam/Content/Characters/Enemy/UndeadPack/SkeletonEnemy/Textures/T_Skeleton_AORM.uexp" 2211
"D:/Desktop/Jam/game-jam/Content/Characters/Enemy/UndeadPack/SkeletonEnemy/Textures/T_Skeleton_1_D.ubulk" 2212
"D:/Desktop/Jam/game-jam/Content/Characters/Enemy/UndeadPack/SkeletonEnemy/Textures/T_Skeleton_1_D.uasset" 2213
"D:/Desktop/Jam/game-jam/Content/Characters/Enemy/UndeadPack/SkeletonEnemy/Textures/T_Skeleton_1_D.uexp" 2214
"D:/Desktop/Jam/game-jam/Content/Characters/Enemy/UndeadPack/SkeletonEnemy/Textures/T_Skeleton_E.ubulk" 2215
"D:/Desktop/Jam/game-jam/Content/Characters/Enemy/UndeadPack/SkeletonEnemy/Textures/T_Skeleton_E.uasset" 2216
"D:/Desktop/Jam/game-jam/Content/Characters/Enemy/UndeadPack/SkeletonEnemy/Textures/T_Skeleton_E.uexp" 2217
"D:/Desktop/Jam/game-jam/Content/Characters/Enemy/UndeadPack/SkeletonEnemy/Materials/M_Skeleton.uasset" 2218
"D:/Desktop/Jam/game-jam/Content/Characters/Enemy/UndeadPack/SkeletonEnemy/Materials/M_Skeleton.uexp" 2219
"D:/Desktop/Jam/game-jam/Content/Characters/Enemy/UndeadPack/SkeletonEnemy/Materials/MI_Skeleton_01.uasset" 2220
"D:/Desktop/Jam/game-jam/Content/Characters/Enemy/UndeadPack/SkeletonEnemy/Materials/MI_Skeleton_01.uexp" 2221
"D:/Desktop/Jam/game-jam/Content/Characters/Enemy/UndeadPack/SkeletonEnemy/Mesh/SK_Skeleton.uasset" 2222
"D:/Desktop/Jam/game-jam/Content/Characters/Enemy/UndeadPack/SkeletonEnemy/Mesh/SK_Skeleton.uexp" 2223
"D:/Desktop/Jam/game-jam/Content/Characters/Enemy/UndeadPack/SkeletonEnemy/Animations/Anim_Walk_Bow.uasset" 2224
"D:/Desktop/Jam/game-jam/Content/Characters/Enemy/UndeadPack/SkeletonEnemy/Animations/Anim_Walk_Bow.uexp" 2225
"D:/Desktop/Jam/game-jam/Content/Characters/Enemy/UndeadPack/SkeletonEnemy/Animations/Anim_Idle.uasset" 2226
"D:/Desktop/Jam/game-jam/Content/Characters/Enemy/UndeadPack/SkeletonEnemy/Animations/Anim_Idle.uexp" 2227
"D:/Desktop/Jam/game-jam/Content/Characters/Enemy/UndeadPack/SkeletonEnemy/BS_1D_Skeleton.uasset" 2228
"D:/Desktop/Jam/game-jam/Content/Characters/Enemy/UndeadPack/SkeletonEnemy/BS_1D_Skeleton.uexp" 2229
"D:/Desktop/Jam/game-jam/Content/Characters/Enemy/UndeadPack/SkeletonEnemy/Animations/Anim_Attack.uasset" 2230
"D:/Desktop/Jam/game-jam/Content/Characters/Enemy/UndeadPack/SkeletonEnemy/Animations/Anim_Attack.uexp" 2231
"D:/Desktop/Jam/game-jam/Content/Characters/Enemy/UndeadPack/SkeletonEnemy/Animations/AM_Skeleton_Attack_Montage.uasset" 2232
"D:/Desktop/Jam/game-jam/Content/Characters/Enemy/UndeadPack/SkeletonEnemy/Animations/AM_Skeleton_Attack_Montage.uexp" 2233
"D:/Desktop/Jam/game-jam/Content/Characters/Enemy/UndeadPack/SkeletonEnemy/ABP_Skeleton.uasset" 2234
"D:/Desktop/Jam/game-jam/Content/Characters/Enemy/UndeadPack/SkeletonEnemy/ABP_Skeleton.uexp" 2235
"D:/Desktop/Jam/game-jam/Content/Characters/Enemy/UndeadPack/SkeletonEnemy/Mesh/Weapon/Bow/Sk_Bow_Skeleton.uasset" 2236
"D:/Desktop/Jam/game-jam/Content/Characters/Enemy/UndeadPack/SkeletonEnemy/Mesh/Weapon/Bow/Sk_Bow_Skeleton.uexp" 2237
"D:/Desktop/Jam/game-jam/Content/Characters/Enemy/UndeadPack/SkeletonEnemy/Animations/Anim_Bow_Attack.uasset" 2238
"D:/Desktop/Jam/game-jam/Content/Characters/Enemy/UndeadPack/SkeletonEnemy/Animations/Anim_Bow_Attack.uexp" 2239
"D:/Desktop/Jam/game-jam/Content/Characters/Enemy/UndeadPack/SkeletonEnemy/Animations/Anim_Death.uasset" 2240
"D:/Desktop/Jam/game-jam/Content/Characters/Enemy/UndeadPack/SkeletonEnemy/Animations/Anim_Death.uexp" 2241
"D:/Desktop/Jam/game-jam/Content/Characters/Enemy/UndeadPack/SkeletonEnemy/Animations/AM_Skeleton_Death.uasset" 2242
"D:/Desktop/Jam/game-jam/Content/Characters/Enemy/UndeadPack/SkeletonEnemy/Animations/AM_Skeleton_Death.uexp" 2243
"D:/Desktop/Jam/game-jam/Content/Characters/Enemy/UndeadPack/SkeletonEnemy/Animations/Anim_Hit.uasset" 2244
"D:/Desktop/Jam/game-jam/Content/Characters/Enemy/UndeadPack/SkeletonEnemy/Animations/Anim_Hit.uexp" 2245
"D:/Desktop/Jam/game-jam/Content/Characters/Enemy/UndeadPack/SkeletonEnemy/Animations/AM_Skeleton_Hit.uasset" 2246
"D:/Desktop/Jam/game-jam/Content/Characters/Enemy/UndeadPack/SkeletonEnemy/Animations/AM_Skeleton_Hit.uexp" 2247
"D:/Desktop/Jam/game-jam/Content/Characters/Enemy/UndeadPack/SkeletonEnemy/Mesh/Weapon/Bow/SK_Bow_PhysicsAsset.uasset" 2248
"D:/Desktop/Jam/game-jam/Content/Characters/Enemy/UndeadPack/SkeletonEnemy/Mesh/Weapon/Bow/SK_Bow_PhysicsAsset.uexp" 2249
"D:/Desktop/Jam/game-jam/Content/Characters/Enemy/UndeadPack/SkeletonEnemy/Textures/T_Weapon_D.ubulk" 2250
"D:/Desktop/Jam/game-jam/Content/Characters/Enemy/UndeadPack/SkeletonEnemy/Textures/T_Weapon_D.uasset" 2251
"D:/Desktop/Jam/game-jam/Content/Characters/Enemy/UndeadPack/SkeletonEnemy/Textures/T_Weapon_D.uexp" 2252
"D:/Desktop/Jam/game-jam/Content/Characters/Enemy/UndeadPack/SkeletonEnemy/Textures/T_Weapon_AORM.ubulk" 2253
"D:/Desktop/Jam/game-jam/Content/Characters/Enemy/UndeadPack/SkeletonEnemy/Textures/T_Weapon_AORM.uasset" 2254
"D:/Desktop/Jam/game-jam/Content/Characters/Enemy/UndeadPack/SkeletonEnemy/Textures/T_Weapon_AORM.uexp" 2255
"D:/Desktop/Jam/game-jam/Content/Characters/Enemy/UndeadPack/SkeletonEnemy/Textures/T_Weapon_N.ubulk" 2256
"D:/Desktop/Jam/game-jam/Content/Characters/Enemy/UndeadPack/SkeletonEnemy/Textures/T_Weapon_N.uasset" 2257
"D:/Desktop/Jam/game-jam/Content/Characters/Enemy/UndeadPack/SkeletonEnemy/Textures/T_Weapon_N.uexp" 2258
"D:/Desktop/Jam/game-jam/Content/Characters/Enemy/UndeadPack/SkeletonEnemy/Materials/M_Weapon.uasset" 2259
"D:/Desktop/Jam/game-jam/Content/Characters/Enemy/UndeadPack/SkeletonEnemy/Materials/M_Weapon.uexp" 2260
"D:/Desktop/Jam/game-jam/Content/Characters/Enemy/UndeadPack/SkeletonEnemy/Mesh/Weapon/Bow/SK_Bow.uasset" 2261
"D:/Desktop/Jam/game-jam/Content/Characters/Enemy/UndeadPack/SkeletonEnemy/Mesh/Weapon/Bow/SK_Bow.uexp" 2262
"D:/Desktop/Jam/game-jam/Content/Characters/Enemy/UndeadPack/SkeletonEnemy/Mesh/Weapon/Bow/Arrow/SM_Arrow.ubulk" 2263
"D:/Desktop/Jam/game-jam/Content/Characters/Enemy/UndeadPack/SkeletonEnemy/Mesh/Weapon/Bow/Arrow/SM_Arrow.uasset" 2264
"D:/Desktop/Jam/game-jam/Content/Characters/Enemy/UndeadPack/SkeletonEnemy/Mesh/Weapon/Bow/Arrow/SM_Arrow.uexp" 2265
"D:/Desktop/Jam/game-jam/Content/Characters/Enemy/UndeadPack/SkeletonEnemy/BP_Arrow_Skeleton.uasset" 2266
"D:/Desktop/Jam/game-jam/Content/Characters/Enemy/UndeadPack/SkeletonEnemy/BP_Arrow_Skeleton.uexp" 2267
"D:/Desktop/Jam/game-jam/Content/Characters/Enemy/UndeadPack/SkeletonEnemy/BP_Skeleton.uasset" 2268
"D:/Desktop/Jam/game-jam/Content/Characters/Enemy/UndeadPack/SkeletonEnemy/BP_Skeleton.uexp" 2269
"D:/Desktop/Jam/game-jam/Content/Maps/Shahriyor_Map/AI/BTT_Attack.uasset" 2270
"D:/Desktop/Jam/game-jam/Content/Maps/Shahriyor_Map/AI/BTT_Attack.uexp" 2271
"D:/Desktop/Jam/game-jam/Content/Maps/Shahriyor_Map/AI/BTS_Check_Distance.uasset" 2272
"D:/Desktop/Jam/game-jam/Content/Maps/Shahriyor_Map/AI/BTS_Check_Distance.uexp" 2273
"D:/Desktop/Jam/game-jam/Content/Maps/Shahriyor_Map/AI/BTT_Set_Move.uasset" 2274
"D:/Desktop/Jam/game-jam/Content/Maps/Shahriyor_Map/AI/BTT_Set_Move.uexp" 2275
"D:/Desktop/Jam/game-jam/Content/Maps/Shahriyor_Map/AI/BT_Archer.uasset" 2276
"D:/Desktop/Jam/game-jam/Content/Maps/Shahriyor_Map/AI/BT_Archer.uexp" 2277
"D:/Desktop/Jam/game-jam/Content/Maps/Shahriyor_Map/AI/AICRC_Archer.uasset" 2278
"D:/Desktop/Jam/game-jam/Content/Maps/Shahriyor_Map/AI/AICRC_Archer.uexp" 2279
"D:/Desktop/Jam/game-jam/Content/Spider_Robot/Animations/Anim_Shot_Fast.uasset" 2280
"D:/Desktop/Jam/game-jam/Content/Spider_Robot/Animations/Anim_Shot_Fast.uexp" 2281
"D:/Desktop/Jam/game-jam/Content/Spider_Robot/Animations/AM_Shot_Fast.uasset" 2282
"D:/Desktop/Jam/game-jam/Content/Spider_Robot/Animations/AM_Shot_Fast.uexp" 2283
"D:/Desktop/Jam/game-jam/Content/Spider_Robot/Animations/Anim_Idle1.uasset" 2284
"D:/Desktop/Jam/game-jam/Content/Spider_Robot/Animations/Anim_Idle1.uexp" 2285
"D:/Desktop/Jam/game-jam/Content/Brute_Robot/Brute_robot_walking_sound.ubulk" 2286
"D:/Desktop/Jam/game-jam/Content/Brute_Robot/Brute_robot_walking_sound.uasset" 2287
"D:/Desktop/Jam/game-jam/Content/Brute_Robot/Brute_robot_walking_sound.uexp" 2288
"D:/Desktop/Jam/game-jam/Content/Spider_Robot/Animations/Anim_Walk_Fwd.uasset" 2289
"D:/Desktop/Jam/game-jam/Content/Spider_Robot/Animations/Anim_Walk_Fwd.uexp" 2290
"D:/Desktop/Jam/game-jam/Content/Spider_Robot/BS_1D_Spider_robot.uasset" 2291
"D:/Desktop/Jam/game-jam/Content/Spider_Robot/BS_1D_Spider_robot.uexp" 2292
"D:/Desktop/Jam/game-jam/Content/Spider_Robot/Spider_Talking_sound.ubulk" 2293
"D:/Desktop/Jam/game-jam/Content/Spider_Robot/Spider_Talking_sound.uasset" 2294
"D:/Desktop/Jam/game-jam/Content/Spider_Robot/Spider_Talking_sound.uexp" 2295
"D:/Desktop/Jam/game-jam/Content/Spider_Robot/ABP_Spider_Robot.uasset" 2296
"D:/Desktop/Jam/game-jam/Content/Spider_Robot/ABP_Spider_Robot.uexp" 2297
"D:/Desktop/Jam/game-jam/Content/Spider_Robot/Animations/Anim_Shot_Hard.uasset" 2298
"D:/Desktop/Jam/game-jam/Content/Spider_Robot/Animations/Anim_Shot_Hard.uexp" 2299
"D:/Desktop/Jam/game-jam/Content/Spider_Robot/Animations/AM_Shot_Hard.uasset" 2300
"D:/Desktop/Jam/game-jam/Content/Spider_Robot/Animations/AM_Shot_Hard.uexp" 2301
"D:/Desktop/Jam/game-jam/Content/Spider_Robot/Mesh/Spider_Robot_PhysicsAsset.uasset" 2302
"D:/Desktop/Jam/game-jam/Content/Spider_Robot/Mesh/Spider_Robot_PhysicsAsset.uexp" 2303
"D:/Desktop/Jam/game-jam/Content/Spider_Robot/Textures/SpiderRobot_TOP_Emissive.ubulk" 2304
"D:/Desktop/Jam/game-jam/Content/Spider_Robot/Textures/SpiderRobot_TOP_Emissive.uasset" 2305
"D:/Desktop/Jam/game-jam/Content/Spider_Robot/Textures/SpiderRobot_TOP_Emissive.uexp" 2306
"D:/Desktop/Jam/game-jam/Content/Spider_Robot/Textures/SpiderRobot_TOP_Normal.ubulk" 2307
"D:/Desktop/Jam/game-jam/Content/Spider_Robot/Textures/SpiderRobot_TOP_Normal.uasset" 2308
"D:/Desktop/Jam/game-jam/Content/Spider_Robot/Textures/SpiderRobot_TOP_Normal.uexp" 2309
"D:/Desktop/Jam/game-jam/Content/Spider_Robot/Textures/SpiderRobot_TOP_OcclusionRoughnessMetallic.ubulk" 2310
"D:/Desktop/Jam/game-jam/Content/Spider_Robot/Textures/SpiderRobot_TOP_OcclusionRoughnessMetallic.uasset" 2311
"D:/Desktop/Jam/game-jam/Content/Spider_Robot/Textures/SpiderRobot_TOP_OcclusionRoughnessMetallic.uexp" 2312
"D:/Desktop/Jam/game-jam/Content/Spider_Robot/Textures/SpiderRobot_TOP_BaseColor1.ubulk" 2313
"D:/Desktop/Jam/game-jam/Content/Spider_Robot/Textures/SpiderRobot_TOP_BaseColor1.uasset" 2314
"D:/Desktop/Jam/game-jam/Content/Spider_Robot/Textures/SpiderRobot_TOP_BaseColor1.uexp" 2315
"D:/Desktop/Jam/game-jam/Content/Spider_Robot/Materials/Spider_TOP_PARENT.uasset" 2316
"D:/Desktop/Jam/game-jam/Content/Spider_Robot/Materials/Spider_TOP_PARENT.uexp" 2317
"D:/Desktop/Jam/game-jam/Content/Spider_Robot/Materials/Spider_TOP_1.uasset" 2318
"D:/Desktop/Jam/game-jam/Content/Spider_Robot/Materials/Spider_TOP_1.uexp" 2319
"D:/Desktop/Jam/game-jam/Content/Spider_Robot/Textures/SpiderRobot_BOTTOM_BaseColor1.ubulk" 2320
"D:/Desktop/Jam/game-jam/Content/Spider_Robot/Textures/SpiderRobot_BOTTOM_BaseColor1.uasset" 2321
"D:/Desktop/Jam/game-jam/Content/Spider_Robot/Textures/SpiderRobot_BOTTOM_BaseColor1.uexp" 2322
"D:/Desktop/Jam/game-jam/Content/Spider_Robot/Textures/SpiderRobot_BOTTOM_Normal.ubulk" 2323
"D:/Desktop/Jam/game-jam/Content/Spider_Robot/Textures/SpiderRobot_BOTTOM_Normal.uasset" 2324
"D:/Desktop/Jam/game-jam/Content/Spider_Robot/Textures/SpiderRobot_BOTTOM_Normal.uexp" 2325
"D:/Desktop/Jam/game-jam/Content/Spider_Robot/Textures/SpiderRobot_BOTTOM_OcclusionRoughnessMetallic.ubulk" 2326
"D:/Desktop/Jam/game-jam/Content/Spider_Robot/Textures/SpiderRobot_BOTTOM_OcclusionRoughnessMetallic.uasset" 2327
"D:/Desktop/Jam/game-jam/Content/Spider_Robot/Textures/SpiderRobot_BOTTOM_OcclusionRoughnessMetallic.uexp" 2328
"D:/Desktop/Jam/game-jam/Content/Spider_Robot/Materials/Spider_BOTTOM_PARENT.uasset" 2329
"D:/Desktop/Jam/game-jam/Content/Spider_Robot/Materials/Spider_BOTTOM_PARENT.uexp" 2330
"D:/Desktop/Jam/game-jam/Content/Spider_Robot/Materials/Spider_BOTTOM_1.uasset" 2331
"D:/Desktop/Jam/game-jam/Content/Spider_Robot/Materials/Spider_BOTTOM_1.uexp" 2332
"D:/Desktop/Jam/game-jam/Content/Spider_Robot/Mesh/Spider_Robot.uasset" 2333
"D:/Desktop/Jam/game-jam/Content/Spider_Robot/Mesh/Spider_Robot.uexp" 2334
"D:/Desktop/Jam/game-jam/Content/Mixed_Magic_VFX_Pack/Textures/T_Shape_6.ubulk" 2335
"D:/Desktop/Jam/game-jam/Content/Mixed_Magic_VFX_Pack/Textures/T_Shape_6.uasset" 2336
"D:/Desktop/Jam/game-jam/Content/Mixed_Magic_VFX_Pack/Textures/T_Shape_6.uexp" 2337
"D:/Desktop/Jam/game-jam/Content/Mixed_Magic_VFX_Pack/Materials/Instance_Materials/MI_Colorful_Inst_5.uasset" 2338
"D:/Desktop/Jam/game-jam/Content/Mixed_Magic_VFX_Pack/Materials/Instance_Materials/MI_Colorful_Inst_5.uexp" 2339
"D:/Desktop/Jam/game-jam/Content/Mixed_Magic_VFX_Pack/Materials/Instance_Materials/MI_Colorful_Inst_10.uasset" 2340
"D:/Desktop/Jam/game-jam/Content/Mixed_Magic_VFX_Pack/Materials/Instance_Materials/MI_Colorful_Inst_10.uexp" 2341
"D:/Desktop/Jam/game-jam/Content/Mixed_Magic_VFX_Pack/Materials/Instance_Materials/MI_Colorful_Inst_19.uasset" 2342
"D:/Desktop/Jam/game-jam/Content/Mixed_Magic_VFX_Pack/Materials/Instance_Materials/MI_Colorful_Inst_19.uexp" 2343
"D:/Desktop/Jam/game-jam/Content/Mixed_Magic_VFX_Pack/Materials/Instance_Materials/MI_Lightning_Inst_3.uasset" 2344
"D:/Desktop/Jam/game-jam/Content/Mixed_Magic_VFX_Pack/Materials/Instance_Materials/MI_Lightning_Inst_3.uexp" 2345
"D:/Desktop/Jam/game-jam/Content/Mixed_Magic_VFX_Pack/VFX/NS_Lightning_Owner_Cast.uasset" 2346
"D:/Desktop/Jam/game-jam/Content/Mixed_Magic_VFX_Pack/VFX/NS_Lightning_Owner_Cast.uexp" 2347
"D:/Desktop/Jam/game-jam/Content/Mixed_Magic_VFX_Pack/Materials/Instance_Materials/MI_Rock_Inst_3.uasset" 2348
"D:/Desktop/Jam/game-jam/Content/Mixed_Magic_VFX_Pack/Materials/Instance_Materials/MI_Rock_Inst_3.uexp" 2349
"D:/Desktop/Jam/game-jam/Content/Mixed_Magic_VFX_Pack/Textures/T_Noise_7.ubulk" 2350
"D:/Desktop/Jam/game-jam/Content/Mixed_Magic_VFX_Pack/Textures/T_Noise_7.uasset" 2351
"D:/Desktop/Jam/game-jam/Content/Mixed_Magic_VFX_Pack/Textures/T_Noise_7.uexp" 2352
"D:/Desktop/Jam/game-jam/Content/Mixed_Magic_VFX_Pack/Textures/T_Shape_13.ubulk" 2353
"D:/Desktop/Jam/game-jam/Content/Mixed_Magic_VFX_Pack/Textures/T_Shape_13.uasset" 2354
"D:/Desktop/Jam/game-jam/Content/Mixed_Magic_VFX_Pack/Textures/T_Shape_13.uexp" 2355
"D:/Desktop/Jam/game-jam/Content/Mixed_Magic_VFX_Pack/Materials/Main_Materials/M_Decal.uasset" 2356
"D:/Desktop/Jam/game-jam/Content/Mixed_Magic_VFX_Pack/Materials/Main_Materials/M_Decal.uexp" 2357
"D:/Desktop/Jam/game-jam/Content/Mixed_Magic_VFX_Pack/Materials/Instance_Materials/MI_Decal_Inst_1.uasset" 2358
"D:/Desktop/Jam/game-jam/Content/Mixed_Magic_VFX_Pack/Materials/Instance_Materials/MI_Decal_Inst_1.uexp" 2359
"D:/Desktop/Jam/game-jam/Content/Mixed_Magic_VFX_Pack/Textures/T_Shape_2.ubulk" 2360
"D:/Desktop/Jam/game-jam/Content/Mixed_Magic_VFX_Pack/Textures/T_Shape_2.uasset" 2361
"D:/Desktop/Jam/game-jam/Content/Mixed_Magic_VFX_Pack/Textures/T_Shape_2.uexp" 2362
"D:/Desktop/Jam/game-jam/Content/Mixed_Magic_VFX_Pack/Materials/Instance_Materials/MI_Decal_Inst_2.uasset" 2363
"D:/Desktop/Jam/game-jam/Content/Mixed_Magic_VFX_Pack/Materials/Instance_Materials/MI_Decal_Inst_2.uexp" 2364
"D:/Desktop/Jam/game-jam/Content/Mixed_Magic_VFX_Pack/Textures/T_Shape_8.ubulk" 2365
"D:/Desktop/Jam/game-jam/Content/Mixed_Magic_VFX_Pack/Textures/T_Shape_8.uasset" 2366
"D:/Desktop/Jam/game-jam/Content/Mixed_Magic_VFX_Pack/Textures/T_Shape_8.uexp" 2367
"D:/Desktop/Jam/game-jam/Content/Mixed_Magic_VFX_Pack/Materials/Instance_Materials/MI_Colorful_Inst_3.uasset" 2368
"D:/Desktop/Jam/game-jam/Content/Mixed_Magic_VFX_Pack/Materials/Instance_Materials/MI_Colorful_Inst_3.uexp" 2369
"D:/Desktop/Jam/game-jam/Content/Mixed_Magic_VFX_Pack/Materials/Instance_Materials/MI_Colorful_Inst_4.uasset" 2370
"D:/Desktop/Jam/game-jam/Content/Mixed_Magic_VFX_Pack/Materials/Instance_Materials/MI_Colorful_Inst_4.uexp" 2371
"D:/Desktop/Jam/game-jam/Content/Mixed_Magic_VFX_Pack/Materials/Instance_Materials/MI_Colorful_Inst_9.uasset" 2372
"D:/Desktop/Jam/game-jam/Content/Mixed_Magic_VFX_Pack/Materials/Instance_Materials/MI_Colorful_Inst_9.uexp" 2373
"D:/Desktop/Jam/game-jam/Content/Mixed_Magic_VFX_Pack/VFX/NS_Gelmir_Wizard_Spider_robot.uasset" 2374
"D:/Desktop/Jam/game-jam/Content/Mixed_Magic_VFX_Pack/VFX/NS_Gelmir_Wizard_Spider_robot.uexp" 2375
"D:/Desktop/Jam/game-jam/Content/Spider_Robot/BP_Spider_Spell_Shot.uasset" 2376
"D:/Desktop/Jam/game-jam/Content/Spider_Robot/BP_Spider_Spell_Shot.uexp" 2377
"D:/Desktop/Jam/game-jam/Content/Spider_Robot/Animations/Anim_Death.uasset" 2378
"D:/Desktop/Jam/game-jam/Content/Spider_Robot/Animations/Anim_Death.uexp" 2379
"D:/Desktop/Jam/game-jam/Content/Spider_Robot/Animations/AM_Death.uasset" 2380
"D:/Desktop/Jam/game-jam/Content/Spider_Robot/Animations/AM_Death.uexp" 2381
"D:/Desktop/Jam/game-jam/Content/Spider_Robot/BP_Spider_Robot.uasset" 2382
"D:/Desktop/Jam/game-jam/Content/Spider_Robot/BP_Spider_Robot.uexp" 2383
"D:/Desktop/Jam/game-jam/Content/LowerSector_Mod/Models/SkyTower/SM_SkyTower3.ubulk" 2384
"D:/Desktop/Jam/game-jam/Content/LowerSector_Mod/Models/SkyTower/SM_SkyTower3.uasset" 2385
"D:/Desktop/Jam/game-jam/Content/LowerSector_Mod/Models/SkyTower/SM_SkyTower3.uexp" 2386
"D:/Desktop/Jam/game-jam/Content/LowerSector_Mod/Models/Workshop/SM_Workshop_Tool2.ubulk" 2387
"D:/Desktop/Jam/game-jam/Content/LowerSector_Mod/Models/Workshop/SM_Workshop_Tool2.uasset" 2388
"D:/Desktop/Jam/game-jam/Content/LowerSector_Mod/Models/Workshop/SM_Workshop_Tool2.uexp" 2389
"D:/Desktop/Jam/game-jam/Content/LowerSector_Mod/Models/Apartment01/SM_Apartment01_balcony.ubulk" 2390
"D:/Desktop/Jam/game-jam/Content/LowerSector_Mod/Models/Apartment01/SM_Apartment01_balcony.uasset" 2391
"D:/Desktop/Jam/game-jam/Content/LowerSector_Mod/Models/Apartment01/SM_Apartment01_balcony.uexp" 2392
"D:/Desktop/Jam/game-jam/Content/LowerSector_Mod/Models/Decals/Textures/T_Decal_PaintLine01.ubulk" 2393
"D:/Desktop/Jam/game-jam/Content/LowerSector_Mod/Models/Decals/Textures/T_Decal_PaintLine01.uasset" 2394
"D:/Desktop/Jam/game-jam/Content/LowerSector_Mod/Models/Decals/Textures/T_Decal_PaintLine01.uexp" 2395
"D:/Desktop/Jam/game-jam/Content/LowerSector_Mod/Models/Decals/Materials/M_Decal_Paintline_red.uasset" 2396
"D:/Desktop/Jam/game-jam/Content/LowerSector_Mod/Models/Decals/Materials/M_Decal_Paintline_red.uexp" 2397
"D:/Desktop/Jam/game-jam/Content/LowerSector_Mod/Models/Decals/Materials/MI_Decal_Paintline_white_Inst.uasset" 2398
"D:/Desktop/Jam/game-jam/Content/LowerSector_Mod/Models/Decals/Materials/MI_Decal_Paintline_white_Inst.uexp" 2399
"D:/Desktop/Jam/game-jam/Content/LowerSector_Mod/Models/SkyTower/SM_SkyTower1.ubulk" 2400
"D:/Desktop/Jam/game-jam/Content/LowerSector_Mod/Models/SkyTower/SM_SkyTower1.uasset" 2401
"D:/Desktop/Jam/game-jam/Content/LowerSector_Mod/Models/SkyTower/SM_SkyTower1.uexp" 2402
"D:/Desktop/Jam/game-jam/Content/LowerSector_Mod/Models/Pipes/SM_PipeSM5.ubulk" 2403
"D:/Desktop/Jam/game-jam/Content/LowerSector_Mod/Models/Pipes/SM_PipeSM5.uasset" 2404
"D:/Desktop/Jam/game-jam/Content/LowerSector_Mod/Models/Pipes/SM_PipeSM5.uexp" 2405
"D:/Desktop/Jam/game-jam/Content/LowerSector_Mod/Models/Entrance01/SM_Entrance01.ubulk" 2406
"D:/Desktop/Jam/game-jam/Content/LowerSector_Mod/Models/Entrance01/SM_Entrance01.uasset" 2407
"D:/Desktop/Jam/game-jam/Content/LowerSector_Mod/Models/Entrance01/SM_Entrance01.uexp" 2408
"D:/Desktop/Jam/game-jam/Content/LowerSector_Mod/Models/Pipes/SM_PipeSM3.ubulk" 2409
"D:/Desktop/Jam/game-jam/Content/LowerSector_Mod/Models/Pipes/SM_PipeSM3.uasset" 2410
"D:/Desktop/Jam/game-jam/Content/LowerSector_Mod/Models/Pipes/SM_PipeSM3.uexp" 2411
"D:/Desktop/Jam/game-jam/Content/LowerSector_Mod/Models/PowerBox/Textures/T_PowerBox_OcclusionRoughnessMetallic.ubulk" 2412
"D:/Desktop/Jam/game-jam/Content/LowerSector_Mod/Models/PowerBox/Textures/T_PowerBox_OcclusionRoughnessMetallic.uasset" 2413
"D:/Desktop/Jam/game-jam/Content/LowerSector_Mod/Models/PowerBox/Textures/T_PowerBox_OcclusionRoughnessMetallic.uexp" 2414
"D:/Desktop/Jam/game-jam/Content/LowerSector_Mod/Models/PowerBox/Textures/T_PowerBox_BaseColor.ubulk" 2415
"D:/Desktop/Jam/game-jam/Content/LowerSector_Mod/Models/PowerBox/Textures/T_PowerBox_BaseColor.uasset" 2416
"D:/Desktop/Jam/game-jam/Content/LowerSector_Mod/Models/PowerBox/Textures/T_PowerBox_BaseColor.uexp" 2417
"D:/Desktop/Jam/game-jam/Content/LowerSector_Mod/Models/PowerBox/Textures/T_PowerBox_Emissive.ubulk" 2418
"D:/Desktop/Jam/game-jam/Content/LowerSector_Mod/Models/PowerBox/Textures/T_PowerBox_Emissive.uasset" 2419
"D:/Desktop/Jam/game-jam/Content/LowerSector_Mod/Models/PowerBox/Textures/T_PowerBox_Emissive.uexp" 2420
"D:/Desktop/Jam/game-jam/Content/LowerSector_Mod/Models/PowerBox/Textures/T_PowerBox_Normal.ubulk" 2421
"D:/Desktop/Jam/game-jam/Content/LowerSector_Mod/Models/PowerBox/Textures/T_PowerBox_Normal.uasset" 2422
"D:/Desktop/Jam/game-jam/Content/LowerSector_Mod/Models/PowerBox/Textures/T_PowerBox_Normal.uexp" 2423
"D:/Desktop/Jam/game-jam/Content/LowerSector_Mod/Models/PowerBox/Materials/M_PowerBox.uasset" 2424
"D:/Desktop/Jam/game-jam/Content/LowerSector_Mod/Models/PowerBox/Materials/M_PowerBox.uexp" 2425
"D:/Desktop/Jam/game-jam/Content/LowerSector_Mod/Models/PowerBox/SM_PowerBox.ubulk" 2426
"D:/Desktop/Jam/game-jam/Content/LowerSector_Mod/Models/PowerBox/SM_PowerBox.uasset" 2427
"D:/Desktop/Jam/game-jam/Content/LowerSector_Mod/Models/PowerBox/SM_PowerBox.uexp" 2428
"D:/Desktop/Jam/game-jam/Content/LowerSector_Mod/Models/Building01/SM_BuildMid01_low.ubulk" 2429
"D:/Desktop/Jam/game-jam/Content/LowerSector_Mod/Models/Building01/SM_BuildMid01_low.uasset" 2430
"D:/Desktop/Jam/game-jam/Content/LowerSector_Mod/Models/Building01/SM_BuildMid01_low.uexp" 2431
"D:/Desktop/Jam/game-jam/Content/LowerSector_Mod/Models/PowerCar/Textures/T_PowerCar_Normal.ubulk" 2432
"D:/Desktop/Jam/game-jam/Content/LowerSector_Mod/Models/PowerCar/Textures/T_PowerCar_Normal.uasset" 2433
"D:/Desktop/Jam/game-jam/Content/LowerSector_Mod/Models/PowerCar/Textures/T_PowerCar_Normal.uexp" 2434
"D:/Desktop/Jam/game-jam/Content/LowerSector_Mod/Models/PowerCar/Textures/T_PowerCar_BaseColor.ubulk" 2435
"D:/Desktop/Jam/game-jam/Content/LowerSector_Mod/Models/PowerCar/Textures/T_PowerCar_BaseColor.uasset" 2436
"D:/Desktop/Jam/game-jam/Content/LowerSector_Mod/Models/PowerCar/Textures/T_PowerCar_BaseColor.uexp" 2437
"D:/Desktop/Jam/game-jam/Content/LowerSector_Mod/Models/PowerCar/Textures/T_PowerCar_OcclusionRoughnessMetallic.ubulk" 2438
"D:/Desktop/Jam/game-jam/Content/LowerSector_Mod/Models/PowerCar/Textures/T_PowerCar_OcclusionRoughnessMetallic.uasset" 2439
"D:/Desktop/Jam/game-jam/Content/LowerSector_Mod/Models/PowerCar/Textures/T_PowerCar_OcclusionRoughnessMetallic.uexp" 2440
"D:/Desktop/Jam/game-jam/Content/LowerSector_Mod/Models/PowerCar/Textures/T_PowerCar_Emissive.ubulk" 2441
"D:/Desktop/Jam/game-jam/Content/LowerSector_Mod/Models/PowerCar/Textures/T_PowerCar_Emissive.uasset" 2442
"D:/Desktop/Jam/game-jam/Content/LowerSector_Mod/Models/PowerCar/Textures/T_PowerCar_Emissive.uexp" 2443
"D:/Desktop/Jam/game-jam/Content/LowerSector_Mod/Models/PowerCar/Materials/M_PowerCar.uasset" 2444
"D:/Desktop/Jam/game-jam/Content/LowerSector_Mod/Models/PowerCar/Materials/M_PowerCar.uexp" 2445
"D:/Desktop/Jam/game-jam/Content/LowerSector_Mod/Models/PowerCar/SM_PowerCar.ubulk" 2446
"D:/Desktop/Jam/game-jam/Content/LowerSector_Mod/Models/PowerCar/SM_PowerCar.uasset" 2447
"D:/Desktop/Jam/game-jam/Content/LowerSector_Mod/Models/PowerCar/SM_PowerCar.uexp" 2448
"D:/Desktop/Jam/game-jam/Content/LowerSector_Mod/Models/Cables/SM_Girder.ubulk" 2449
"D:/Desktop/Jam/game-jam/Content/LowerSector_Mod/Models/Cables/SM_Girder.uasset" 2450
"D:/Desktop/Jam/game-jam/Content/LowerSector_Mod/Models/Cables/SM_Girder.uexp" 2451
"D:/Desktop/Jam/game-jam/Content/Brute_Robot/Meshes/Brute_Robot_Skeleton.uasset" 2452
"D:/Desktop/Jam/game-jam/Content/Brute_Robot/Meshes/Brute_Robot_Skeleton.uexp" 2453
"D:/Desktop/Jam/game-jam/Content/Brute_Robot/Meshes/Brute_Robot_PhysicsAsset.uasset" 2454
"D:/Desktop/Jam/game-jam/Content/Brute_Robot/Meshes/Brute_Robot_PhysicsAsset.uexp" 2455
"D:/Desktop/Jam/game-jam/Content/Brute_Robot/Textures/Rough/T_Brute_Robot_Normal_Rough.ubulk" 2456
"D:/Desktop/Jam/game-jam/Content/Brute_Robot/Textures/Rough/T_Brute_Robot_Normal_Rough.uasset" 2457
"D:/Desktop/Jam/game-jam/Content/Brute_Robot/Textures/Rough/T_Brute_Robot_Normal_Rough.uexp" 2458
"D:/Desktop/Jam/game-jam/Content/Brute_Robot/Textures/Rough/T_Brute_Robot_OccRoughMetallic_Rough.ubulk" 2459
"D:/Desktop/Jam/game-jam/Content/Brute_Robot/Textures/Rough/T_Brute_Robot_OccRoughMetallic_Rough.uasset" 2460
"D:/Desktop/Jam/game-jam/Content/Brute_Robot/Textures/Rough/T_Brute_Robot_OccRoughMetallic_Rough.uexp" 2461
"D:/Desktop/Jam/game-jam/Content/Brute_Robot/Textures/Rough/T_Brute_Robot_BaseColor_Rough_1.ubulk" 2462
"D:/Desktop/Jam/game-jam/Content/Brute_Robot/Textures/Rough/T_Brute_Robot_BaseColor_Rough_1.uasset" 2463
"D:/Desktop/Jam/game-jam/Content/Brute_Robot/Textures/Rough/T_Brute_Robot_BaseColor_Rough_1.uexp" 2464
"D:/Desktop/Jam/game-jam/Content/Brute_Robot/Textures/T_Brute_Robot_Emissive_1.ubulk" 2465
"D:/Desktop/Jam/game-jam/Content/Brute_Robot/Textures/T_Brute_Robot_Emissive_1.uasset" 2466
"D:/Desktop/Jam/game-jam/Content/Brute_Robot/Textures/T_Brute_Robot_Emissive_1.uexp" 2467
"D:/Desktop/Jam/game-jam/Content/Brute_Robot/Materials/M_Brute_Robot_Parent.uasset" 2468
"D:/Desktop/Jam/game-jam/Content/Brute_Robot/Materials/M_Brute_Robot_Parent.uexp" 2469
"D:/Desktop/Jam/game-jam/Content/Brute_Robot/Meshes/Brute_Robot.uasset" 2470
"D:/Desktop/Jam/game-jam/Content/Brute_Robot/Meshes/Brute_Robot.uexp" 2471
"D:/Desktop/Jam/game-jam/Content/AI/Mishas/Services/BTS_SetPlayerLoc.uasset" 2472
"D:/Desktop/Jam/game-jam/Content/AI/Mishas/Services/BTS_SetPlayerLoc.uexp" 2473
"D:/Desktop/Jam/game-jam/Content/AI/Mishas/Tasks/BTTask_Find_Random_Location.uasset" 2474
"D:/Desktop/Jam/game-jam/Content/AI/Mishas/Tasks/BTTask_Find_Random_Location.uexp" 2475
"D:/Desktop/Jam/game-jam/Content/AI/Mishas/BB_Enemy.uasset" 2476
"D:/Desktop/Jam/game-jam/Content/AI/Mishas/BB_Enemy.uexp" 2477
"D:/Desktop/Jam/game-jam/Content/AI/Mishas/Services/BTS_SetTarget.uasset" 2478
"D:/Desktop/Jam/game-jam/Content/AI/Mishas/Services/BTS_SetTarget.uexp" 2479
"D:/Desktop/Jam/game-jam/Content/AI/Mishas/Tasks/BTTask_CanAttack.uasset" 2480
"D:/Desktop/Jam/game-jam/Content/AI/Mishas/Tasks/BTTask_CanAttack.uexp" 2481
"D:/Desktop/Jam/game-jam/Content/AI/Mishas/BT_Enemy.uasset" 2482
"D:/Desktop/Jam/game-jam/Content/AI/Mishas/BT_Enemy.uexp" 2483
"D:/Desktop/Jam/game-jam/Content/AI/Mishas/AI_MController.uasset" 2484
"D:/Desktop/Jam/game-jam/Content/AI/Mishas/AI_MController.uexp" 2485
"D:/Desktop/Jam/game-jam/Content/Brute_Robot/Animations/Anim_Hit1.uasset" 2486
"D:/Desktop/Jam/game-jam/Content/Brute_Robot/Animations/Anim_Hit1.uexp" 2487
"D:/Desktop/Jam/game-jam/Content/Brute_Robot/Animations/AM_Hit1.uasset" 2488
"D:/Desktop/Jam/game-jam/Content/Brute_Robot/Animations/AM_Hit1.uexp" 2489
"D:/Desktop/Jam/game-jam/Content/Brute_Robot/Animations/Brute_Robot_Death.uasset" 2490
"D:/Desktop/Jam/game-jam/Content/Brute_Robot/Animations/Brute_Robot_Death.uexp" 2491
"D:/Desktop/Jam/game-jam/Content/Brute_Robot/Animations/AM_Brute_Robot_Death.uasset" 2492
"D:/Desktop/Jam/game-jam/Content/Brute_Robot/Animations/AM_Brute_Robot_Death.uexp" 2493
"D:/Desktop/Jam/game-jam/Content/Brute_Robot/Walking_Brute_sound.ubulk" 2494
"D:/Desktop/Jam/game-jam/Content/Brute_Robot/Walking_Brute_sound.uasset" 2495
"D:/Desktop/Jam/game-jam/Content/Brute_Robot/Walking_Brute_sound.uexp" 2496
"D:/Desktop/Jam/game-jam/Content/Brute_Robot/Animations/Anim_Walk.uasset" 2497
"D:/Desktop/Jam/game-jam/Content/Brute_Robot/Animations/Anim_Walk.uexp" 2498
"D:/Desktop/Jam/game-jam/Content/Brute_Robot/Animations/Anim_Idle1.uasset" 2499
"D:/Desktop/Jam/game-jam/Content/Brute_Robot/Animations/Anim_Idle1.uexp" 2500
"D:/Desktop/Jam/game-jam/Content/Brute_Robot/BS_1D_Brute_Robot.uasset" 2501
"D:/Desktop/Jam/game-jam/Content/Brute_Robot/BS_1D_Brute_Robot.uexp" 2502
"D:/Desktop/Jam/game-jam/Content/Brute_Robot/Animations/Anim_Punch.uasset" 2503
"D:/Desktop/Jam/game-jam/Content/Brute_Robot/Animations/Anim_Punch.uexp" 2504
"D:/Desktop/Jam/game-jam/Content/Brute_Robot/Animations/AM_Punch.uasset" 2505
"D:/Desktop/Jam/game-jam/Content/Brute_Robot/Animations/AM_Punch.uexp" 2506
"D:/Desktop/Jam/game-jam/Content/Brute_Robot/Animations/Anim_Kick.uasset" 2507
"D:/Desktop/Jam/game-jam/Content/Brute_Robot/Animations/Anim_Kick.uexp" 2508
"D:/Desktop/Jam/game-jam/Content/Brute_Robot/Animations/AM_Kick.uasset" 2509
"D:/Desktop/Jam/game-jam/Content/Brute_Robot/Animations/AM_Kick.uexp" 2510
"D:/Desktop/Jam/game-jam/Content/Brute_Robot/ABP_Brute_Robot.uasset" 2511
"D:/Desktop/Jam/game-jam/Content/Brute_Robot/ABP_Brute_Robot.uexp" 2512
"D:/Desktop/Jam/game-jam/Content/Brute_Robot/BP_Brute_robot.uasset" 2513
"D:/Desktop/Jam/game-jam/Content/Brute_Robot/BP_Brute_robot.uexp" 2514
"D:/Desktop/Jam/game-jam/Content/LowerSector_Mod/Materials/BlockoutMaterials/M_Glass.uasset" 2515
"D:/Desktop/Jam/game-jam/Content/LowerSector_Mod/Materials/BlockoutMaterials/M_Glass.uexp" 2516
"D:/Desktop/Jam/game-jam/Content/LowerSector_Mod/Models/Cables/SM_Cable_Vent.ubulk" 2517
"D:/Desktop/Jam/game-jam/Content/LowerSector_Mod/Models/Cables/SM_Cable_Vent.uasset" 2518
"D:/Desktop/Jam/game-jam/Content/LowerSector_Mod/Models/Cables/SM_Cable_Vent.uexp" 2519
"D:/Desktop/Jam/game-jam/Content/LowerSector_Mod/Materials/BlockoutMaterials/M_FlickerlIght.uasset" 2520
"D:/Desktop/Jam/game-jam/Content/LowerSector_Mod/Materials/BlockoutMaterials/M_FlickerlIght.uexp" 2521
"D:/Desktop/Jam/game-jam/Content/LowerSector_Mod/Models/Entrance02/SM_Entrance02.ubulk" 2522
"D:/Desktop/Jam/game-jam/Content/LowerSector_Mod/Models/Entrance02/SM_Entrance02.uasset" 2523
"D:/Desktop/Jam/game-jam/Content/LowerSector_Mod/Models/Entrance02/SM_Entrance02.uexp" 2524
"D:/Desktop/Jam/game-jam/Content/LowerSector_Mod/Models/Decals/Textures/T_Decal_Skellyface.uasset" 2525
"D:/Desktop/Jam/game-jam/Content/LowerSector_Mod/Models/Decals/Textures/T_Decal_Skellyface.uexp" 2526
"D:/Desktop/Jam/game-jam/Content/LowerSector_Mod/Models/Decals/Materials/T_Decal_Skelly_Emis.uasset" 2527
"D:/Desktop/Jam/game-jam/Content/LowerSector_Mod/Models/Decals/Materials/T_Decal_Skelly_Emis.uexp" 2528
"D:/Desktop/Jam/game-jam/Content/LowerSector_Mod/Models/Pipes/SM_Pipe1_T.ubulk" 2529
"D:/Desktop/Jam/game-jam/Content/LowerSector_Mod/Models/Pipes/SM_Pipe1_T.uasset" 2530
"D:/Desktop/Jam/game-jam/Content/LowerSector_Mod/Models/Pipes/SM_Pipe1_T.uexp" 2531
"D:/Desktop/Jam/game-jam/Content/LowerSector_Mod/Models/Workshop/SM_Workshop_Tool6.ubulk" 2532
"D:/Desktop/Jam/game-jam/Content/LowerSector_Mod/Models/Workshop/SM_Workshop_Tool6.uasset" 2533
"D:/Desktop/Jam/game-jam/Content/LowerSector_Mod/Models/Workshop/SM_Workshop_Tool6.uexp" 2534
"D:/Desktop/Jam/game-jam/Content/LowerSector_Mod/Models/PowerCar/SM_PowerCar_02.ubulk" 2535
"D:/Desktop/Jam/game-jam/Content/LowerSector_Mod/Models/PowerCar/SM_PowerCar_02.uasset" 2536
"D:/Desktop/Jam/game-jam/Content/LowerSector_Mod/Models/PowerCar/SM_PowerCar_02.uexp" 2537
"D:/Desktop/Jam/game-jam/Content/LowerSector_Mod/Models/RollDoor01/SM_DoorLight01.ubulk" 2538
"D:/Desktop/Jam/game-jam/Content/LowerSector_Mod/Models/RollDoor01/SM_DoorLight01.uasset" 2539
"D:/Desktop/Jam/game-jam/Content/LowerSector_Mod/Models/RollDoor01/SM_DoorLight01.uexp" 2540
"D:/Desktop/Jam/game-jam/Content/LowerSector_Mod/Models/BG_Buildings/SM_BG_Building01.ubulk" 2541
"D:/Desktop/Jam/game-jam/Content/LowerSector_Mod/Models/BG_Buildings/SM_BG_Building01.uasset" 2542
"D:/Desktop/Jam/game-jam/Content/LowerSector_Mod/Models/BG_Buildings/SM_BG_Building01.uexp" 2543
"D:/Desktop/Jam/game-jam/Content/LowerSector_Mod/Models/Apartment01/SM_Apartments01_trim2.ubulk" 2544
"D:/Desktop/Jam/game-jam/Content/LowerSector_Mod/Models/Apartment01/SM_Apartments01_trim2.uasset" 2545
"D:/Desktop/Jam/game-jam/Content/LowerSector_Mod/Models/Apartment01/SM_Apartments01_trim2.uexp" 2546
"D:/Desktop/Jam/game-jam/Content/LowerSector_Mod/Models/Tower8x/Materials/MI_Tower8x_Inst.uasset" 2547
"D:/Desktop/Jam/game-jam/Content/LowerSector_Mod/Models/Tower8x/Materials/MI_Tower8x_Inst.uexp" 2548
"D:/Desktop/Jam/game-jam/Content/LowerSector_Mod/Models/Wall01/Textures/T_Wall01_BaseColor.ubulk" 2549
"D:/Desktop/Jam/game-jam/Content/LowerSector_Mod/Models/Wall01/Textures/T_Wall01_BaseColor.uasset" 2550
"D:/Desktop/Jam/game-jam/Content/LowerSector_Mod/Models/Wall01/Textures/T_Wall01_BaseColor.uexp" 2551
"D:/Desktop/Jam/game-jam/Content/LowerSector_Mod/Models/Wall01/Textures/T_Wall01_OcclusionRoughnessMetallic.ubulk" 2552
"D:/Desktop/Jam/game-jam/Content/LowerSector_Mod/Models/Wall01/Textures/T_Wall01_OcclusionRoughnessMetallic.uasset" 2553
"D:/Desktop/Jam/game-jam/Content/LowerSector_Mod/Models/Wall01/Textures/T_Wall01_OcclusionRoughnessMetallic.uexp" 2554
"D:/Desktop/Jam/game-jam/Content/LowerSector_Mod/Models/Wall01/Textures/T_Wall01_Normal.ubulk" 2555
"D:/Desktop/Jam/game-jam/Content/LowerSector_Mod/Models/Wall01/Textures/T_Wall01_Normal.uasset" 2556
"D:/Desktop/Jam/game-jam/Content/LowerSector_Mod/Models/Wall01/Textures/T_Wall01_Normal.uexp" 2557
"D:/Desktop/Jam/game-jam/Content/LowerSector_Mod/Models/Wall01/Materials/M_Wall01.uasset" 2558
"D:/Desktop/Jam/game-jam/Content/LowerSector_Mod/Models/Wall01/Materials/M_Wall01.uexp" 2559
"D:/Desktop/Jam/game-jam/Content/LowerSector_Mod/Models/Wall01/SM_Wall01_L0.ubulk" 2560
"D:/Desktop/Jam/game-jam/Content/LowerSector_Mod/Models/Wall01/SM_Wall01_L0.uasset" 2561
"D:/Desktop/Jam/game-jam/Content/LowerSector_Mod/Models/Wall01/SM_Wall01_L0.uexp" 2562
"D:/Desktop/Jam/game-jam/Content/LowerSector_Mod/Models/Workshop/SM_Workshop_Tool1.ubulk" 2563
"D:/Desktop/Jam/game-jam/Content/LowerSector_Mod/Models/Workshop/SM_Workshop_Tool1.uasset" 2564
"D:/Desktop/Jam/game-jam/Content/LowerSector_Mod/Models/Workshop/SM_Workshop_Tool1.uexp" 2565
"D:/Desktop/Jam/game-jam/Content/LowerSector_Mod/Models/Workshop/SM_Table01_Shelf.ubulk" 2566
"D:/Desktop/Jam/game-jam/Content/LowerSector_Mod/Models/Workshop/SM_Table01_Shelf.uasset" 2567
"D:/Desktop/Jam/game-jam/Content/LowerSector_Mod/Models/Workshop/SM_Table01_Shelf.uexp" 2568
"D:/Desktop/Jam/game-jam/Content/LowerSector_Mod/Models/RoofTop/SM_RoofTop_sign.ubulk" 2569
"D:/Desktop/Jam/game-jam/Content/LowerSector_Mod/Models/RoofTop/SM_RoofTop_sign.uasset" 2570
"D:/Desktop/Jam/game-jam/Content/LowerSector_Mod/Models/RoofTop/SM_RoofTop_sign.uexp" 2571
"D:/Desktop/Jam/game-jam/Content/LowerSector_Mod/Models/Pipes/SM_Pipes_Frame.ubulk" 2572
"D:/Desktop/Jam/game-jam/Content/LowerSector_Mod/Models/Pipes/SM_Pipes_Frame.uasset" 2573
"D:/Desktop/Jam/game-jam/Content/LowerSector_Mod/Models/Pipes/SM_Pipes_Frame.uexp" 2574
"D:/Desktop/Jam/game-jam/Content/LowerSector_Mod/Models/Workshop/SM_Workshop_Cont3.ubulk" 2575
"D:/Desktop/Jam/game-jam/Content/LowerSector_Mod/Models/Workshop/SM_Workshop_Cont3.uasset" 2576
"D:/Desktop/Jam/game-jam/Content/LowerSector_Mod/Models/Workshop/SM_Workshop_Cont3.uexp" 2577
"D:/Desktop/Jam/game-jam/Content/LowerSector_Mod/Models/Decals/Textures/T_Decal_WallGraphic01.uasset" 2578
"D:/Desktop/Jam/game-jam/Content/LowerSector_Mod/Models/Decals/Textures/T_Decal_WallGraphic01.uexp" 2579
"D:/Desktop/Jam/game-jam/Content/LowerSector_Mod/Models/Decals/Materials/M_Decal_WallGraphic1.uasset" 2580
"D:/Desktop/Jam/game-jam/Content/LowerSector_Mod/Models/Decals/Materials/M_Decal_WallGraphic1.uexp" 2581
"D:/Desktop/Jam/game-jam/Content/LowerSector_Mod/Models/Building01/Textures/T_B_01_corner01_OcclusionRoughnessMetallic.ubulk" 2582
"D:/Desktop/Jam/game-jam/Content/LowerSector_Mod/Models/Building01/Textures/T_B_01_corner01_OcclusionRoughnessMetallic.uasset" 2583
"D:/Desktop/Jam/game-jam/Content/LowerSector_Mod/Models/Building01/Textures/T_B_01_corner01_OcclusionRoughnessMetallic.uexp" 2584
"D:/Desktop/Jam/game-jam/Content/LowerSector_Mod/Models/Building01/Textures/T_B_01_corner01_Normal.ubulk" 2585
"D:/Desktop/Jam/game-jam/Content/LowerSector_Mod/Models/Building01/Textures/T_B_01_corner01_Normal.uasset" 2586
"D:/Desktop/Jam/game-jam/Content/LowerSector_Mod/Models/Building01/Textures/T_B_01_corner01_Normal.uexp" 2587
"D:/Desktop/Jam/game-jam/Content/LowerSector_Mod/Models/Building01/Textures/T_B_01_corner01_BaseColor.ubulk" 2588
"D:/Desktop/Jam/game-jam/Content/LowerSector_Mod/Models/Building01/Textures/T_B_01_corner01_BaseColor.uasset" 2589
"D:/Desktop/Jam/game-jam/Content/LowerSector_Mod/Models/Building01/Textures/T_B_01_corner01_BaseColor.uexp" 2590
"D:/Desktop/Jam/game-jam/Content/LowerSector_Mod/Models/Building01/Materials/M_B01_Corner01.uasset" 2591
"D:/Desktop/Jam/game-jam/Content/LowerSector_Mod/Models/Building01/Materials/M_B01_Corner01.uexp" 2592
"D:/Desktop/Jam/game-jam/Content/LowerSector_Mod/Models/Building01/SM_BuildCorner01_low.ubulk" 2593
"D:/Desktop/Jam/game-jam/Content/LowerSector_Mod/Models/Building01/SM_BuildCorner01_low.uasset" 2594
"D:/Desktop/Jam/game-jam/Content/LowerSector_Mod/Models/Building01/SM_BuildCorner01_low.uexp" 2595
"D:/Desktop/Jam/game-jam/Content/LowerSector_Mod/Models/SideWalk/SM_SideWalk01.ubulk" 2596
"D:/Desktop/Jam/game-jam/Content/LowerSector_Mod/Models/SideWalk/SM_SideWalk01.uasset" 2597
"D:/Desktop/Jam/game-jam/Content/LowerSector_Mod/Models/SideWalk/SM_SideWalk01.uexp" 2598
"D:/Desktop/Jam/game-jam/Content/LowerSector_Mod/Models/Tower8x/Materials/MI_Tower8x_Inst1.uasset" 2599
"D:/Desktop/Jam/game-jam/Content/LowerSector_Mod/Models/Tower8x/Materials/MI_Tower8x_Inst1.uexp" 2600
"D:/Desktop/Jam/game-jam/Content/LowerSector_Mod/Models/SideWalk/SM_Sidewalk02.ubulk" 2601
"D:/Desktop/Jam/game-jam/Content/LowerSector_Mod/Models/SideWalk/SM_Sidewalk02.uasset" 2602
"D:/Desktop/Jam/game-jam/Content/LowerSector_Mod/Models/SideWalk/SM_Sidewalk02.uexp" 2603
"D:/Desktop/Jam/game-jam/Content/LowerSector_Mod/Models/Entrance02/SM_EntranceTrim1.ubulk" 2604
"D:/Desktop/Jam/game-jam/Content/LowerSector_Mod/Models/Entrance02/SM_EntranceTrim1.uasset" 2605
"D:/Desktop/Jam/game-jam/Content/LowerSector_Mod/Models/Entrance02/SM_EntranceTrim1.uexp" 2606
"D:/Desktop/Jam/game-jam/Content/LowerSector_Mod/Models/BuildingPaneling01/SM_BuildingPaneling01A.ubulk" 2607
"D:/Desktop/Jam/game-jam/Content/LowerSector_Mod/Models/BuildingPaneling01/SM_BuildingPaneling01A.uasset" 2608
"D:/Desktop/Jam/game-jam/Content/LowerSector_Mod/Models/BuildingPaneling01/SM_BuildingPaneling01A.uexp" 2609
"D:/Desktop/Jam/game-jam/Content/PortalSystem/FX/BP_Portal_LowerSection_to_dungel.uasset" 2610
"D:/Desktop/Jam/game-jam/Content/PortalSystem/FX/BP_Portal_LowerSection_to_dungel.uexp" 2611
"D:/Desktop/Jam/game-jam/Content/LowerSector_Mod/Materials/BlockoutMaterials/M_Emiss_blue.uasset" 2612
"D:/Desktop/Jam/game-jam/Content/LowerSector_Mod/Materials/BlockoutMaterials/M_Emiss_blue.uexp" 2613
"D:/Desktop/Jam/game-jam/Content/LowerSector_Mod/Models/Decals/Materials/T_Decal_Skelly.uasset" 2614
"D:/Desktop/Jam/game-jam/Content/LowerSector_Mod/Models/Decals/Materials/T_Decal_Skelly.uexp" 2615
"D:/Desktop/Jam/game-jam/Content/LowerSector_Mod/Models/Cables/SM_CableTower01_box2.ubulk" 2616
"D:/Desktop/Jam/game-jam/Content/LowerSector_Mod/Models/Cables/SM_CableTower01_box2.uasset" 2617
"D:/Desktop/Jam/game-jam/Content/LowerSector_Mod/Models/Cables/SM_CableTower01_box2.uexp" 2618
"D:/Desktop/Jam/game-jam/Content/LowerSector_Mod/Models/Cables/SM_Cable_Port.ubulk" 2619
"D:/Desktop/Jam/game-jam/Content/LowerSector_Mod/Models/Cables/SM_Cable_Port.uasset" 2620
"D:/Desktop/Jam/game-jam/Content/LowerSector_Mod/Models/Cables/SM_Cable_Port.uexp" 2621
"D:/Desktop/Jam/game-jam/Content/LowerSector_Mod/Models/RoofTop/SM_RoofTop_Wall.ubulk" 2622
"D:/Desktop/Jam/game-jam/Content/LowerSector_Mod/Models/RoofTop/SM_RoofTop_Wall.uasset" 2623
"D:/Desktop/Jam/game-jam/Content/LowerSector_Mod/Models/RoofTop/SM_RoofTop_Wall.uexp" 2624
"D:/Desktop/Jam/game-jam/Content/LowerSector_Mod/Models/Pipes/SM_PipeCon.ubulk" 2625
"D:/Desktop/Jam/game-jam/Content/LowerSector_Mod/Models/Pipes/SM_PipeCon.uasset" 2626
"D:/Desktop/Jam/game-jam/Content/LowerSector_Mod/Models/Pipes/SM_PipeCon.uexp" 2627
"D:/Desktop/Jam/game-jam/Content/LowerSector_Mod/Models/Workshop/SM_Workshop_Cont6.ubulk" 2628
"D:/Desktop/Jam/game-jam/Content/LowerSector_Mod/Models/Workshop/SM_Workshop_Cont6.uasset" 2629
"D:/Desktop/Jam/game-jam/Content/LowerSector_Mod/Models/Workshop/SM_Workshop_Cont6.uexp" 2630
"D:/Desktop/Jam/game-jam/Content/LowerSector_Mod/Models/Workshop/SM_Table01.ubulk" 2631
"D:/Desktop/Jam/game-jam/Content/LowerSector_Mod/Models/Workshop/SM_Table01.uasset" 2632
"D:/Desktop/Jam/game-jam/Content/LowerSector_Mod/Models/Workshop/SM_Table01.uexp" 2633
"D:/Desktop/Jam/game-jam/Content/LowerSector_Mod/Models/Decals/Textures/T_Ground_Decal01.ubulk" 2634
"D:/Desktop/Jam/game-jam/Content/LowerSector_Mod/Models/Decals/Textures/T_Ground_Decal01.uasset" 2635
"D:/Desktop/Jam/game-jam/Content/LowerSector_Mod/Models/Decals/Textures/T_Ground_Decal01.uexp" 2636
"D:/Desktop/Jam/game-jam/Content/LowerSector_Mod/Models/Decals/Materials/M_Decal_Ground01.uasset" 2637
"D:/Desktop/Jam/game-jam/Content/LowerSector_Mod/Models/Decals/Materials/M_Decal_Ground01.uexp" 2638
"D:/Desktop/Jam/game-jam/Content/LowerSector_Mod/Models/RollDoor01/SM_RollDoor01.ubulk" 2639
"D:/Desktop/Jam/game-jam/Content/LowerSector_Mod/Models/RollDoor01/SM_RollDoor01.uasset" 2640
"D:/Desktop/Jam/game-jam/Content/LowerSector_Mod/Models/RollDoor01/SM_RollDoor01.uexp" 2641
"D:/Desktop/Jam/game-jam/Content/LowerSector_Mod/Maps/LowerSector_Mod.uexp" 2642
"D:/Desktop/Jam/game-jam/Content/LowerSector_Mod/Maps/LowerSector_Mod.umap" 2643
"D:/Desktop/Jam/game-jam/Content/Fantastic_Dungeon_Pack/textures/T_wood_planks_dungeon_03_BC.ubulk" 2644
"D:/Desktop/Jam/game-jam/Content/Fantastic_Dungeon_Pack/textures/T_wood_planks_dungeon_03_BC.uasset" 2645
"D:/Desktop/Jam/game-jam/Content/Fantastic_Dungeon_Pack/textures/T_wood_planks_dungeon_03_BC.uexp" 2646
"D:/Desktop/Jam/game-jam/Content/Fantastic_Dungeon_Pack/textures/T_wood_planks_dungeon_03_MTSM_nometal.ubulk" 2647
"D:/Desktop/Jam/game-jam/Content/Fantastic_Dungeon_Pack/textures/T_wood_planks_dungeon_03_MTSM_nometal.uasset" 2648
"D:/Desktop/Jam/game-jam/Content/Fantastic_Dungeon_Pack/textures/T_wood_planks_dungeon_03_MTSM_nometal.uexp" 2649
"D:/Desktop/Jam/game-jam/Content/Fantastic_Dungeon_Pack/textures/T_metal_dungeon_N.ubulk" 2650
"D:/Desktop/Jam/game-jam/Content/Fantastic_Dungeon_Pack/textures/T_metal_dungeon_N.uasset" 2651
"D:/Desktop/Jam/game-jam/Content/Fantastic_Dungeon_Pack/textures/T_metal_dungeon_N.uexp" 2652
"D:/Desktop/Jam/game-jam/Content/Fantastic_Dungeon_Pack/textures/T_metal_dungeon_MTSM_nometal.ubulk" 2653
"D:/Desktop/Jam/game-jam/Content/Fantastic_Dungeon_Pack/textures/T_metal_dungeon_MTSM_nometal.uasset" 2654
"D:/Desktop/Jam/game-jam/Content/Fantastic_Dungeon_Pack/textures/T_metal_dungeon_MTSM_nometal.uexp" 2655
"D:/Desktop/Jam/game-jam/Content/Fantastic_Dungeon_Pack/textures/T_metal_dungeon_01_BC.ubulk" 2656
"D:/Desktop/Jam/game-jam/Content/Fantastic_Dungeon_Pack/textures/T_metal_dungeon_01_BC.uasset" 2657
"D:/Desktop/Jam/game-jam/Content/Fantastic_Dungeon_Pack/textures/T_metal_dungeon_01_BC.uexp" 2658
"D:/Desktop/Jam/game-jam/Content/Fantastic_Dungeon_Pack/materials/master_materials/M_Master_opaque_normal_metallic_dungeon.uasset" 2659
"D:/Desktop/Jam/game-jam/Content/Fantastic_Dungeon_Pack/materials/master_materials/M_Master_opaque_normal_metallic_dungeon.uexp" 2660
"D:/Desktop/Jam/game-jam/Content/Fantastic_Dungeon_Pack/textures/T_wood_planks_dungeon_03_N.ubulk" 2661
"D:/Desktop/Jam/game-jam/Content/Fantastic_Dungeon_Pack/textures/T_wood_planks_dungeon_03_N.uasset" 2662
"D:/Desktop/Jam/game-jam/Content/Fantastic_Dungeon_Pack/textures/T_wood_planks_dungeon_03_N.uexp" 2663
"D:/Desktop/Jam/game-jam/Content/Fantastic_Dungeon_Pack/materials/MI_wood_planks_dungeon_03.uasset" 2664
"D:/Desktop/Jam/game-jam/Content/Fantastic_Dungeon_Pack/materials/MI_wood_planks_dungeon_03.uexp" 2665
"D:/Desktop/Jam/game-jam/Content/Fantastic_Dungeon_Pack/meshes/props/container/SM_PROP_barrel_dungeon_05.ubulk" 2666
"D:/Desktop/Jam/game-jam/Content/Fantastic_Dungeon_Pack/meshes/props/container/SM_PROP_barrel_dungeon_05.uasset" 2667
"D:/Desktop/Jam/game-jam/Content/Fantastic_Dungeon_Pack/meshes/props/container/SM_PROP_barrel_dungeon_05.uexp" 2668
"D:/Desktop/Jam/game-jam/Content/Fantastic_Dungeon_Pack/textures/T_ENV_MOD_Wall_01_v3_MTSM.ubulk" 2669
"D:/Desktop/Jam/game-jam/Content/Fantastic_Dungeon_Pack/textures/T_ENV_MOD_Wall_01_v3_MTSM.uasset" 2670
"D:/Desktop/Jam/game-jam/Content/Fantastic_Dungeon_Pack/textures/T_ENV_MOD_Wall_01_v3_MTSM.uexp" 2671
"D:/Desktop/Jam/game-jam/Content/Fantastic_Dungeon_Pack/textures/T_ENV_MOD_Wall_01_v3_N.ubulk" 2672
"D:/Desktop/Jam/game-jam/Content/Fantastic_Dungeon_Pack/textures/T_ENV_MOD_Wall_01_v3_N.uasset" 2673
"D:/Desktop/Jam/game-jam/Content/Fantastic_Dungeon_Pack/textures/T_ENV_MOD_Wall_01_v3_N.uexp" 2674
"D:/Desktop/Jam/game-jam/Content/Fantastic_Dungeon_Pack/textures/T_ENV_MOD_Wall_01_v3_BC.ubulk" 2675
"D:/Desktop/Jam/game-jam/Content/Fantastic_Dungeon_Pack/textures/T_ENV_MOD_Wall_01_v3_BC.uasset" 2676
"D:/Desktop/Jam/game-jam/Content/Fantastic_Dungeon_Pack/textures/T_ENV_MOD_Wall_01_v3_BC.uexp" 2677
"D:/Desktop/Jam/game-jam/Content/Fantastic_Dungeon_Pack/materials/MI_MOD_Wall_01_v3.uasset" 2678
"D:/Desktop/Jam/game-jam/Content/Fantastic_Dungeon_Pack/materials/MI_MOD_Wall_01_v3.uexp" 2679
"D:/Desktop/Jam/game-jam/Content/Fantastic_Dungeon_Pack/meshes/modular/wall/pivotMiddle/MOD_Wall_01_M_straight_large.ubulk" 2680
"D:/Desktop/Jam/game-jam/Content/Fantastic_Dungeon_Pack/meshes/modular/wall/pivotMiddle/MOD_Wall_01_M_straight_large.uasset" 2681
"D:/Desktop/Jam/game-jam/Content/Fantastic_Dungeon_Pack/meshes/modular/wall/pivotMiddle/MOD_Wall_01_M_straight_large.uexp" 2682
"D:/Desktop/Jam/game-jam/Content/Fantastic_Dungeon_Pack/textures/T_ENV_MOD_StoneStack_01_v3_N.ubulk" 2683
"D:/Desktop/Jam/game-jam/Content/Fantastic_Dungeon_Pack/textures/T_ENV_MOD_StoneStack_01_v3_N.uasset" 2684
"D:/Desktop/Jam/game-jam/Content/Fantastic_Dungeon_Pack/textures/T_ENV_MOD_StoneStack_01_v3_N.uexp" 2685
"D:/Desktop/Jam/game-jam/Content/Fantastic_Dungeon_Pack/textures/T_ENV_MOD_StoneStack_01_v3_BC.ubulk" 2686
"D:/Desktop/Jam/game-jam/Content/Fantastic_Dungeon_Pack/textures/T_ENV_MOD_StoneStack_01_v3_BC.uasset" 2687
"D:/Desktop/Jam/game-jam/Content/Fantastic_Dungeon_Pack/textures/T_ENV_MOD_StoneStack_01_v3_BC.uexp" 2688
"D:/Desktop/Jam/game-jam/Content/Fantastic_Dungeon_Pack/textures/T_ENV_MOD_StoneStack_01_v3_MTSM.ubulk" 2689
"D:/Desktop/Jam/game-jam/Content/Fantastic_Dungeon_Pack/textures/T_ENV_MOD_StoneStack_01_v3_MTSM.uasset" 2690
"D:/Desktop/Jam/game-jam/Content/Fantastic_Dungeon_Pack/textures/T_ENV_MOD_StoneStack_01_v3_MTSM.uexp" 2691
"D:/Desktop/Jam/game-jam/Content/Fantastic_Dungeon_Pack/materials/MI_MOD_Trim_Stone_01_v3.uasset" 2692
"D:/Desktop/Jam/game-jam/Content/Fantastic_Dungeon_Pack/materials/MI_MOD_Trim_Stone_01_v3.uexp" 2693
"D:/Desktop/Jam/game-jam/Content/Fantastic_Dungeon_Pack/meshes/modular/railing/MOD_Railing_01_angle.ubulk" 2694
"D:/Desktop/Jam/game-jam/Content/Fantastic_Dungeon_Pack/meshes/modular/railing/MOD_Railing_01_angle.uasset" 2695
"D:/Desktop/Jam/game-jam/Content/Fantastic_Dungeon_Pack/meshes/modular/railing/MOD_Railing_01_angle.uexp" 2696
"D:/Desktop/Jam/game-jam/Content/Fantastic_Dungeon_Pack/meshes/modular/wall/oneSided/MOD_Wall_01_O_straight_small_half.ubulk" 2697
"D:/Desktop/Jam/game-jam/Content/Fantastic_Dungeon_Pack/meshes/modular/wall/oneSided/MOD_Wall_01_O_straight_small_half.uasset" 2698
"D:/Desktop/Jam/game-jam/Content/Fantastic_Dungeon_Pack/meshes/modular/wall/oneSided/MOD_Wall_01_O_straight_small_half.uexp" 2699
"D:/Desktop/Jam/game-jam/Content/Fantastic_Dungeon_Pack/meshes/modular/stairs/wallTrim/MOD_Stairs_01_WallTrim_L_3.ubulk" 2700
"D:/Desktop/Jam/game-jam/Content/Fantastic_Dungeon_Pack/meshes/modular/stairs/wallTrim/MOD_Stairs_01_WallTrim_L_3.uasset" 2701
"D:/Desktop/Jam/game-jam/Content/Fantastic_Dungeon_Pack/meshes/modular/stairs/wallTrim/MOD_Stairs_01_WallTrim_L_3.uexp" 2702
"D:/Desktop/Jam/game-jam/Content/Fantastic_Dungeon_Pack/meshes/modular/stairs/wallTrim/MOD_Stairs_01_WallTrim_L_4.ubulk" 2703
"D:/Desktop/Jam/game-jam/Content/Fantastic_Dungeon_Pack/meshes/modular/stairs/wallTrim/MOD_Stairs_01_WallTrim_L_4.uasset" 2704
"D:/Desktop/Jam/game-jam/Content/Fantastic_Dungeon_Pack/meshes/modular/stairs/wallTrim/MOD_Stairs_01_WallTrim_L_4.uexp" 2705
"D:/Desktop/Jam/game-jam/Content/Fantastic_Dungeon_Pack/meshes/modular/trim/wallTrim/pivotMiddle/MOD_WallTrim_01_M_corner_1.ubulk" 2706
"D:/Desktop/Jam/game-jam/Content/Fantastic_Dungeon_Pack/meshes/modular/trim/wallTrim/pivotMiddle/MOD_WallTrim_01_M_corner_1.uasset" 2707
"D:/Desktop/Jam/game-jam/Content/Fantastic_Dungeon_Pack/meshes/modular/trim/wallTrim/pivotMiddle/MOD_WallTrim_01_M_corner_1.uexp" 2708
"D:/Desktop/Jam/game-jam/Content/Fantastic_Dungeon_Pack/meshes/modular/trim/wallTrim/pivotMiddle/MOD_WallTrim_01_M_corner_2.ubulk" 2709
"D:/Desktop/Jam/game-jam/Content/Fantastic_Dungeon_Pack/meshes/modular/trim/wallTrim/pivotMiddle/MOD_WallTrim_01_M_corner_2.uasset" 2710
"D:/Desktop/Jam/game-jam/Content/Fantastic_Dungeon_Pack/meshes/modular/trim/wallTrim/pivotMiddle/MOD_WallTrim_01_M_corner_2.uexp" 2711
"D:/Desktop/Jam/game-jam/Content/Fantastic_Dungeon_Pack/meshes/modular/wall/pivotMiddle/MOD_Wall_01_M_corner_large.ubulk" 2712
"D:/Desktop/Jam/game-jam/Content/Fantastic_Dungeon_Pack/meshes/modular/wall/pivotMiddle/MOD_Wall_01_M_corner_large.uasset" 2713
"D:/Desktop/Jam/game-jam/Content/Fantastic_Dungeon_Pack/meshes/modular/wall/pivotMiddle/MOD_Wall_01_M_corner_large.uexp" 2714
"D:/Desktop/Jam/game-jam/Content/Fantastic_Dungeon_Pack/meshes/modular/trim/wallCover/pivotMiddle/MOD_WallCover_01_M_corner.ubulk" 2715
"D:/Desktop/Jam/game-jam/Content/Fantastic_Dungeon_Pack/meshes/modular/trim/wallCover/pivotMiddle/MOD_WallCover_01_M_corner.uasset" 2716
"D:/Desktop/Jam/game-jam/Content/Fantastic_Dungeon_Pack/meshes/modular/trim/wallCover/pivotMiddle/MOD_WallCover_01_M_corner.uexp" 2717
"D:/Desktop/Jam/game-jam/Content/Fantastic_Dungeon_Pack/blueprints/modular/comps/wall/PivotMiddle/BP_COMP_Wall_01_M_corner_large.uasset" 2718
"D:/Desktop/Jam/game-jam/Content/Fantastic_Dungeon_Pack/blueprints/modular/comps/wall/PivotMiddle/BP_COMP_Wall_01_M_corner_large.uexp" 2719
"D:/Desktop/Jam/game-jam/Content/Fantastic_Dungeon_Pack/meshes/modular/trim/wallTrim/oneSided/MOD_WallTrim_01_O_straight_half.ubulk" 2720
"D:/Desktop/Jam/game-jam/Content/Fantastic_Dungeon_Pack/meshes/modular/trim/wallTrim/oneSided/MOD_WallTrim_01_O_straight_half.uasset" 2721
"D:/Desktop/Jam/game-jam/Content/Fantastic_Dungeon_Pack/meshes/modular/trim/wallTrim/oneSided/MOD_WallTrim_01_O_straight_half.uexp" 2722
"D:/Desktop/Jam/game-jam/Content/Fantastic_Dungeon_Pack/meshes/modular/trim/wallCover/pivotMiddle/MOD_WallCover_01_M_straight_half_R.ubulk" 2723
"D:/Desktop/Jam/game-jam/Content/Fantastic_Dungeon_Pack/meshes/modular/trim/wallCover/pivotMiddle/MOD_WallCover_01_M_straight_half_R.uasset" 2724
"D:/Desktop/Jam/game-jam/Content/Fantastic_Dungeon_Pack/meshes/modular/trim/wallCover/pivotMiddle/MOD_WallCover_01_M_straight_half_R.uexp" 2725
"D:/Desktop/Jam/game-jam/Content/Fantastic_Dungeon_Pack/meshes/modular/wall/oneSided/MOD_Wall_01_O_straight_med_half.ubulk" 2726
"D:/Desktop/Jam/game-jam/Content/Fantastic_Dungeon_Pack/meshes/modular/wall/oneSided/MOD_Wall_01_O_straight_med_half.uasset" 2727
"D:/Desktop/Jam/game-jam/Content/Fantastic_Dungeon_Pack/meshes/modular/wall/oneSided/MOD_Wall_01_O_straight_med_half.uexp" 2728
"D:/Desktop/Jam/game-jam/Content/Fantastic_Dungeon_Pack/blueprints/modular/comps/wall/OneSided/BP_COMP_Wall_01_O_straight_med_half.uasset" 2729
"D:/Desktop/Jam/game-jam/Content/Fantastic_Dungeon_Pack/blueprints/modular/comps/wall/OneSided/BP_COMP_Wall_01_O_straight_med_half.uexp" 2730
"D:/Desktop/Jam/game-jam/Content/Fantastic_Dungeon_Pack/textures/T_PROP_stone_deco_dungeon_N.ubulk" 2731
"D:/Desktop/Jam/game-jam/Content/Fantastic_Dungeon_Pack/textures/T_PROP_stone_deco_dungeon_N.uasset" 2732
"D:/Desktop/Jam/game-jam/Content/Fantastic_Dungeon_Pack/textures/T_PROP_stone_deco_dungeon_N.uexp" 2733
"D:/Desktop/Jam/game-jam/Content/Fantastic_Dungeon_Pack/textures/T_PROP_stone_deco_dungeon_MTSM.ubulk" 2734
"D:/Desktop/Jam/game-jam/Content/Fantastic_Dungeon_Pack/textures/T_PROP_stone_deco_dungeon_MTSM.uasset" 2735
"D:/Desktop/Jam/game-jam/Content/Fantastic_Dungeon_Pack/textures/T_PROP_stone_deco_dungeon_MTSM.uexp" 2736
"D:/Desktop/Jam/game-jam/Content/Fantastic_Dungeon_Pack/textures/T_PROP_stone_deco_dungeon_BC.ubulk" 2737
"D:/Desktop/Jam/game-jam/Content/Fantastic_Dungeon_Pack/textures/T_PROP_stone_deco_dungeon_BC.uasset" 2738
"D:/Desktop/Jam/game-jam/Content/Fantastic_Dungeon_Pack/textures/T_PROP_stone_deco_dungeon_BC.uexp" 2739
"D:/Desktop/Jam/game-jam/Content/Fantastic_Dungeon_Pack/materials/MI_PROP_stone_deco_dungeon.uasset" 2740
"D:/Desktop/Jam/game-jam/Content/Fantastic_Dungeon_Pack/materials/MI_PROP_stone_deco_dungeon.uexp" 2741
"D:/Desktop/Jam/game-jam/Content/Fantastic_Dungeon_Pack/meshes/props/construct/SM_PROP_platform_dungeon.ubulk" 2742
"D:/Desktop/Jam/game-jam/Content/Fantastic_Dungeon_Pack/meshes/props/construct/SM_PROP_platform_dungeon.uasset" 2743
"D:/Desktop/Jam/game-jam/Content/Fantastic_Dungeon_Pack/meshes/props/construct/SM_PROP_platform_dungeon.uexp" 2744
"D:/Desktop/Jam/game-jam/Content/Fantastic_Dungeon_Pack/textures/T_PROP_orevein_dungeon_MTSM.ubulk" 2745
"D:/Desktop/Jam/game-jam/Content/Fantastic_Dungeon_Pack/textures/T_PROP_orevein_dungeon_MTSM.uasset" 2746
"D:/Desktop/Jam/game-jam/Content/Fantastic_Dungeon_Pack/textures/T_PROP_orevein_dungeon_MTSM.uexp" 2747
"D:/Desktop/Jam/game-jam/Content/Fantastic_Dungeon_Pack/textures/T_PROP_orevein_dungeon_N.ubulk" 2748
"D:/Desktop/Jam/game-jam/Content/Fantastic_Dungeon_Pack/textures/T_PROP_orevein_dungeon_N.uasset" 2749
"D:/Desktop/Jam/game-jam/Content/Fantastic_Dungeon_Pack/textures/T_PROP_orevein_dungeon_N.uexp" 2750
"D:/Desktop/Jam/game-jam/Content/Fantastic_Dungeon_Pack/textures/T_PROP_orevein_dungeon_BC.ubulk" 2751
"D:/Desktop/Jam/game-jam/Content/Fantastic_Dungeon_Pack/textures/T_PROP_orevein_dungeon_BC.uasset" 2752
"D:/Desktop/Jam/game-jam/Content/Fantastic_Dungeon_Pack/textures/T_PROP_orevein_dungeon_BC.uexp" 2753
"D:/Desktop/Jam/game-jam/Content/Fantastic_Dungeon_Pack/materials/MI_PROP_orevein_dungeon.uasset" 2754
"D:/Desktop/Jam/game-jam/Content/Fantastic_Dungeon_Pack/materials/MI_PROP_orevein_dungeon.uexp" 2755
"D:/Desktop/Jam/game-jam/Content/Fantastic_Dungeon_Pack/meshes/props/environment/SM_PROP_orevein_gold_dungeon.ubulk" 2756
"D:/Desktop/Jam/game-jam/Content/Fantastic_Dungeon_Pack/meshes/props/environment/SM_PROP_orevein_gold_dungeon.uasset" 2757
"D:/Desktop/Jam/game-jam/Content/Fantastic_Dungeon_Pack/meshes/props/environment/SM_PROP_orevein_gold_dungeon.uexp" 2758
"D:/Desktop/Jam/game-jam/Content/PortalSystem/FX/BP_Portal_dungel_to_LowerSection.uasset" 2759
"D:/Desktop/Jam/game-jam/Content/PortalSystem/FX/BP_Portal_dungel_to_LowerSection.uexp" 2760
"D:/Desktop/Jam/game-jam/Content/Fantastic_Dungeon_Pack/textures/T_wood_planks_dungeon_02_N.ubulk" 2761
"D:/Desktop/Jam/game-jam/Content/Fantastic_Dungeon_Pack/textures/T_wood_planks_dungeon_02_N.uasset" 2762
"D:/Desktop/Jam/game-jam/Content/Fantastic_Dungeon_Pack/textures/T_wood_planks_dungeon_02_N.uexp" 2763
"D:/Desktop/Jam/game-jam/Content/Fantastic_Dungeon_Pack/textures/T_wood_planks_dungeon_02_MTSM_nometal.ubulk" 2764
"D:/Desktop/Jam/game-jam/Content/Fantastic_Dungeon_Pack/textures/T_wood_planks_dungeon_02_MTSM_nometal.uasset" 2765
"D:/Desktop/Jam/game-jam/Content/Fantastic_Dungeon_Pack/textures/T_wood_planks_dungeon_02_MTSM_nometal.uexp" 2766
"D:/Desktop/Jam/game-jam/Content/Fantastic_Dungeon_Pack/textures/T_wood_planks_dungeon_02_BC.ubulk" 2767
"D:/Desktop/Jam/game-jam/Content/Fantastic_Dungeon_Pack/textures/T_wood_planks_dungeon_02_BC.uasset" 2768
"D:/Desktop/Jam/game-jam/Content/Fantastic_Dungeon_Pack/textures/T_wood_planks_dungeon_02_BC.uexp" 2769
"D:/Desktop/Jam/game-jam/Content/Fantastic_Dungeon_Pack/materials/MI_wood_planks_dungeon_02.uasset" 2770
"D:/Desktop/Jam/game-jam/Content/Fantastic_Dungeon_Pack/materials/MI_wood_planks_dungeon_02.uexp" 2771
"D:/Desktop/Jam/game-jam/Content/Fantastic_Dungeon_Pack/meshes/props/container/SM_PROP_chest_top_dungeon_02.ubulk" 2772
"D:/Desktop/Jam/game-jam/Content/Fantastic_Dungeon_Pack/meshes/props/container/SM_PROP_chest_top_dungeon_02.uasset" 2773
"D:/Desktop/Jam/game-jam/Content/Fantastic_Dungeon_Pack/meshes/props/container/SM_PROP_chest_top_dungeon_02.uexp" 2774
"D:/Desktop/Jam/game-jam/Content/Fantastic_Dungeon_Pack/meshes/props/container/SM_PROP_chest_dungeon_02.ubulk" 2775
"D:/Desktop/Jam/game-jam/Content/Fantastic_Dungeon_Pack/meshes/props/container/SM_PROP_chest_dungeon_02.uasset" 2776
"D:/Desktop/Jam/game-jam/Content/Fantastic_Dungeon_Pack/meshes/props/container/SM_PROP_chest_dungeon_02.uexp" 2777
"D:/Desktop/Jam/game-jam/Content/Fantastic_Dungeon_Pack/blueprints/props/BP_PROP_chest_dungeon_02.uasset" 2778
"D:/Desktop/Jam/game-jam/Content/Fantastic_Dungeon_Pack/blueprints/props/BP_PROP_chest_dungeon_02.uexp" 2779
"D:/Desktop/Jam/game-jam/Content/Fantastic_Dungeon_Pack/meshes/modular/stairs/stairs/MOD_Stairs_01_E_straight_1.ubulk" 2780
"D:/Desktop/Jam/game-jam/Content/Fantastic_Dungeon_Pack/meshes/modular/stairs/stairs/MOD_Stairs_01_E_straight_1.uasset" 2781
"D:/Desktop/Jam/game-jam/Content/Fantastic_Dungeon_Pack/meshes/modular/stairs/stairs/MOD_Stairs_01_E_straight_1.uexp" 2782
"D:/Desktop/Jam/game-jam/Content/Fantastic_Dungeon_Pack/meshes/modular/stairs/stairs/MOD_Stairs_01_E_straight_3.ubulk" 2783
"D:/Desktop/Jam/game-jam/Content/Fantastic_Dungeon_Pack/meshes/modular/stairs/stairs/MOD_Stairs_01_E_straight_3.uasset" 2784
"D:/Desktop/Jam/game-jam/Content/Fantastic_Dungeon_Pack/meshes/modular/stairs/stairs/MOD_Stairs_01_E_straight_3.uexp" 2785
"D:/Desktop/Jam/game-jam/Content/Fantastic_Dungeon_Pack/meshes/modular/stairs/stairs/MOD_Stairs_01_E_straight_4.ubulk" 2786
"D:/Desktop/Jam/game-jam/Content/Fantastic_Dungeon_Pack/meshes/modular/stairs/stairs/MOD_Stairs_01_E_straight_4.uasset" 2787
"D:/Desktop/Jam/game-jam/Content/Fantastic_Dungeon_Pack/meshes/modular/stairs/stairs/MOD_Stairs_01_E_straight_4.uexp" 2788
"D:/Desktop/Jam/game-jam/Content/Fantastic_Dungeon_Pack/materials/MI_metal_dungeon_01.uasset" 2789
"D:/Desktop/Jam/game-jam/Content/Fantastic_Dungeon_Pack/materials/MI_metal_dungeon_01.uexp" 2790
"D:/Desktop/Jam/game-jam/Content/Fantastic_Dungeon_Pack/meshes/props/container/SM_PROP_cookingpot_dungeon_02.ubulk" 2791
"D:/Desktop/Jam/game-jam/Content/Fantastic_Dungeon_Pack/meshes/props/container/SM_PROP_cookingpot_dungeon_02.uasset" 2792
"D:/Desktop/Jam/game-jam/Content/Fantastic_Dungeon_Pack/meshes/props/container/SM_PROP_cookingpot_dungeon_02.uexp" 2793
"D:/Desktop/Jam/game-jam/Content/Fantastic_Dungeon_Pack/meshes/props/container/SM_PROP_cookingpot_handle_dungeon_02.ubulk" 2794
"D:/Desktop/Jam/game-jam/Content/Fantastic_Dungeon_Pack/meshes/props/container/SM_PROP_cookingpot_handle_dungeon_02.uasset" 2795
"D:/Desktop/Jam/game-jam/Content/Fantastic_Dungeon_Pack/meshes/props/container/SM_PROP_cookingpot_handle_dungeon_02.uexp" 2796
"D:/Desktop/Jam/game-jam/Content/Fantastic_Dungeon_Pack/blueprints/props/BP_PROP_cookingpot_dungeon_02.uasset" 2797
"D:/Desktop/Jam/game-jam/Content/Fantastic_Dungeon_Pack/blueprints/props/BP_PROP_cookingpot_dungeon_02.uexp" 2798
"D:/Desktop/Jam/game-jam/Content/Fantastic_Dungeon_Pack/meshes/modular/column/MOD_Column_01_base.ubulk" 2799
"D:/Desktop/Jam/game-jam/Content/Fantastic_Dungeon_Pack/meshes/modular/column/MOD_Column_01_base.uasset" 2800
"D:/Desktop/Jam/game-jam/Content/Fantastic_Dungeon_Pack/meshes/modular/column/MOD_Column_01_base.uexp" 2801
"D:/Desktop/Jam/game-jam/Content/Fantastic_Dungeon_Pack/meshes/modular/column/MOD_Column_01_small.ubulk" 2802
"D:/Desktop/Jam/game-jam/Content/Fantastic_Dungeon_Pack/meshes/modular/column/MOD_Column_01_small.uasset" 2803
"D:/Desktop/Jam/game-jam/Content/Fantastic_Dungeon_Pack/meshes/modular/column/MOD_Column_01_small.uexp" 2804
"D:/Desktop/Jam/game-jam/Content/Fantastic_Dungeon_Pack/meshes/modular/column/MOD_Column_01_capital.ubulk" 2805
"D:/Desktop/Jam/game-jam/Content/Fantastic_Dungeon_Pack/meshes/modular/column/MOD_Column_01_capital.uasset" 2806
"D:/Desktop/Jam/game-jam/Content/Fantastic_Dungeon_Pack/meshes/modular/column/MOD_Column_01_capital.uexp" 2807
"D:/Desktop/Jam/game-jam/Content/Fantastic_Dungeon_Pack/blueprints/modular/comps/column/BP_COMP_Column_01_small.uasset" 2808
"D:/Desktop/Jam/game-jam/Content/Fantastic_Dungeon_Pack/blueprints/modular/comps/column/BP_COMP_Column_01_small.uexp" 2809
"D:/Desktop/Jam/game-jam/Content/Fantastic_Dungeon_Pack/textures/T_wood_planks_dungeon_04_BC.ubulk" 2810
"D:/Desktop/Jam/game-jam/Content/Fantastic_Dungeon_Pack/textures/T_wood_planks_dungeon_04_BC.uasset" 2811
"D:/Desktop/Jam/game-jam/Content/Fantastic_Dungeon_Pack/textures/T_wood_planks_dungeon_04_BC.uexp" 2812
"D:/Desktop/Jam/game-jam/Content/Fantastic_Dungeon_Pack/textures/T_wood_planks_dungeon_04_N.ubulk" 2813
"D:/Desktop/Jam/game-jam/Content/Fantastic_Dungeon_Pack/textures/T_wood_planks_dungeon_04_N.uasset" 2814
"D:/Desktop/Jam/game-jam/Content/Fantastic_Dungeon_Pack/textures/T_wood_planks_dungeon_04_N.uexp" 2815
"D:/Desktop/Jam/game-jam/Content/Fantastic_Dungeon_Pack/textures/T_wood_planks_dungeon_04_MTSM.ubulk" 2816
"D:/Desktop/Jam/game-jam/Content/Fantastic_Dungeon_Pack/textures/T_wood_planks_dungeon_04_MTSM.uasset" 2817
"D:/Desktop/Jam/game-jam/Content/Fantastic_Dungeon_Pack/textures/T_wood_planks_dungeon_04_MTSM.uexp" 2818
"D:/Desktop/Jam/game-jam/Content/Fantastic_Dungeon_Pack/materials/MI_wood_planks_dungeon_04.uasset" 2819
"D:/Desktop/Jam/game-jam/Content/Fantastic_Dungeon_Pack/materials/MI_wood_planks_dungeon_04.uexp" 2820
"D:/Desktop/Jam/game-jam/Content/Fantastic_Dungeon_Pack/meshes/props/construct/SM_PROP_planks_dungeon_02.ubulk" 2821
"D:/Desktop/Jam/game-jam/Content/Fantastic_Dungeon_Pack/meshes/props/construct/SM_PROP_planks_dungeon_02.uasset" 2822
"D:/Desktop/Jam/game-jam/Content/Fantastic_Dungeon_Pack/meshes/props/construct/SM_PROP_planks_dungeon_02.uexp" 2823
"D:/Desktop/Jam/game-jam/Content/Fantastic_Dungeon_Pack/textures/T_ENV_MOD_Floor_01_v3_MTSM.ubulk" 2824
"D:/Desktop/Jam/game-jam/Content/Fantastic_Dungeon_Pack/textures/T_ENV_MOD_Floor_01_v3_MTSM.uasset" 2825
"D:/Desktop/Jam/game-jam/Content/Fantastic_Dungeon_Pack/textures/T_ENV_MOD_Floor_01_v3_MTSM.uexp" 2826
"D:/Desktop/Jam/game-jam/Content/Fantastic_Dungeon_Pack/textures/T_ENV_MOD_Floor_01_v3_BC.ubulk" 2827
"D:/Desktop/Jam/game-jam/Content/Fantastic_Dungeon_Pack/textures/T_ENV_MOD_Floor_01_v3_BC.uasset" 2828
"D:/Desktop/Jam/game-jam/Content/Fantastic_Dungeon_Pack/textures/T_ENV_MOD_Floor_01_v3_BC.uexp" 2829
"D:/Desktop/Jam/game-jam/Content/Fantastic_Dungeon_Pack/textures/T_ENV_MOD_Floor_01_v3_N.ubulk" 2830
"D:/Desktop/Jam/game-jam/Content/Fantastic_Dungeon_Pack/textures/T_ENV_MOD_Floor_01_v3_N.uasset" 2831
"D:/Desktop/Jam/game-jam/Content/Fantastic_Dungeon_Pack/textures/T_ENV_MOD_Floor_01_v3_N.uexp" 2832
"D:/Desktop/Jam/game-jam/Content/Fantastic_Dungeon_Pack/materials/MI_MOD_Floor_01_v3.uasset" 2833
"D:/Desktop/Jam/game-jam/Content/Fantastic_Dungeon_Pack/materials/MI_MOD_Floor_01_v3.uexp" 2834
"D:/Desktop/Jam/game-jam/Content/Fantastic_Dungeon_Pack/meshes/modular/floor/oneSided/MOD_Floor_01_O_angle_med_2.ubulk" 2835
"D:/Desktop/Jam/game-jam/Content/Fantastic_Dungeon_Pack/meshes/modular/floor/oneSided/MOD_Floor_01_O_angle_med_2.uasset" 2836
"D:/Desktop/Jam/game-jam/Content/Fantastic_Dungeon_Pack/meshes/modular/floor/oneSided/MOD_Floor_01_O_angle_med_2.uexp" 2837
"D:/Desktop/Jam/game-jam/Content/Fantastic_Dungeon_Pack/meshes/modular/stairs/stairs/MOD_Stairs_01_E_angle_convex_5.ubulk" 2838
"D:/Desktop/Jam/game-jam/Content/Fantastic_Dungeon_Pack/meshes/modular/stairs/stairs/MOD_Stairs_01_E_angle_convex_5.uasset" 2839
"D:/Desktop/Jam/game-jam/Content/Fantastic_Dungeon_Pack/meshes/modular/stairs/stairs/MOD_Stairs_01_E_angle_convex_5.uexp" 2840
"D:/Desktop/Jam/game-jam/Content/Fantastic_Dungeon_Pack/blueprints/modular/level_modules/01/OneSided/stairs/angle/BP_LVL_01_O_stairs_angle_FILL_5_2.uasset" 2841
"D:/Desktop/Jam/game-jam/Content/Fantastic_Dungeon_Pack/blueprints/modular/level_modules/01/OneSided/stairs/angle/BP_LVL_01_O_stairs_angle_FILL_5_2.uexp" 2842
"D:/Desktop/Jam/game-jam/Content/Fantastic_Dungeon_Pack/textures/T_PROP_books_dungeon_BC.ubulk" 2843
"D:/Desktop/Jam/game-jam/Content/Fantastic_Dungeon_Pack/textures/T_PROP_books_dungeon_BC.uasset" 2844
"D:/Desktop/Jam/game-jam/Content/Fantastic_Dungeon_Pack/textures/T_PROP_books_dungeon_BC.uexp" 2845
"D:/Desktop/Jam/game-jam/Content/Fantastic_Dungeon_Pack/materials/master_materials/M_Master_opaque_dungeon.uasset" 2846
"D:/Desktop/Jam/game-jam/Content/Fantastic_Dungeon_Pack/materials/master_materials/M_Master_opaque_dungeon.uexp" 2847
"D:/Desktop/Jam/game-jam/Content/Fantastic_Dungeon_Pack/textures/T_PROP_tools_dungeon_BC.ubulk" 2848
"D:/Desktop/Jam/game-jam/Content/Fantastic_Dungeon_Pack/textures/T_PROP_tools_dungeon_BC.uasset" 2849
"D:/Desktop/Jam/game-jam/Content/Fantastic_Dungeon_Pack/textures/T_PROP_tools_dungeon_BC.uexp" 2850
"D:/Desktop/Jam/game-jam/Content/Fantastic_Dungeon_Pack/materials/MI_PROP_tools_dungeon.uasset" 2851
"D:/Desktop/Jam/game-jam/Content/Fantastic_Dungeon_Pack/materials/MI_PROP_tools_dungeon.uexp" 2852
"D:/Desktop/Jam/game-jam/Content/Fantastic_Dungeon_Pack/meshes/props/tools/SM_PROP_broom_dungeon.ubulk" 2853
"D:/Desktop/Jam/game-jam/Content/Fantastic_Dungeon_Pack/meshes/props/tools/SM_PROP_broom_dungeon.uasset" 2854
"D:/Desktop/Jam/game-jam/Content/Fantastic_Dungeon_Pack/meshes/props/tools/SM_PROP_broom_dungeon.uexp" 2855
"D:/Desktop/Jam/game-jam/Content/Fantastic_Dungeon_Pack/meshes/modular/wall/pivotMiddle/MOD_Wall_01_M_corner_small.ubulk" 2856
"D:/Desktop/Jam/game-jam/Content/Fantastic_Dungeon_Pack/meshes/modular/wall/pivotMiddle/MOD_Wall_01_M_corner_small.uasset" 2857
"D:/Desktop/Jam/game-jam/Content/Fantastic_Dungeon_Pack/meshes/modular/wall/pivotMiddle/MOD_Wall_01_M_corner_small.uexp" 2858
"D:/Desktop/Jam/game-jam/Content/Fantastic_Dungeon_Pack/blueprints/modular/comps/wall/PivotMiddle/BP_COMP_Wall_01_M_corner_small.uasset" 2859
"D:/Desktop/Jam/game-jam/Content/Fantastic_Dungeon_Pack/blueprints/modular/comps/wall/PivotMiddle/BP_COMP_Wall_01_M_corner_small.uexp" 2860
"D:/Desktop/Jam/game-jam/Content/Fantastic_Dungeon_Pack/meshes/props/environment/SM_PROP_debris_stones_dungeon_03.ubulk" 2861
"D:/Desktop/Jam/game-jam/Content/Fantastic_Dungeon_Pack/meshes/props/environment/SM_PROP_debris_stones_dungeon_03.uasset" 2862
"D:/Desktop/Jam/game-jam/Content/Fantastic_Dungeon_Pack/meshes/props/environment/SM_PROP_debris_stones_dungeon_03.uexp" 2863
"D:/Desktop/Jam/game-jam/Content/Fantastic_Dungeon_Pack/meshes/modular/stairs/wall/MOD_Stairs_01_med_SW_wall.ubulk" 2864
"D:/Desktop/Jam/game-jam/Content/Fantastic_Dungeon_Pack/meshes/modular/stairs/wall/MOD_Stairs_01_med_SW_wall.uasset" 2865
"D:/Desktop/Jam/game-jam/Content/Fantastic_Dungeon_Pack/meshes/modular/stairs/wall/MOD_Stairs_01_med_SW_wall.uexp" 2866
"D:/Desktop/Jam/game-jam/Content/Fantastic_Dungeon_Pack/meshes/props/container/SM_PROP_cup_dungeon_01.ubulk" 2867
"D:/Desktop/Jam/game-jam/Content/Fantastic_Dungeon_Pack/meshes/props/container/SM_PROP_cup_dungeon_01.uasset" 2868
"D:/Desktop/Jam/game-jam/Content/Fantastic_Dungeon_Pack/meshes/props/container/SM_PROP_cup_dungeon_01.uexp" 2869
"D:/Desktop/Jam/game-jam/Content/Fantastic_Dungeon_Pack/textures/T_wood_planks_dungeon_01_MTSM.ubulk" 2870
"D:/Desktop/Jam/game-jam/Content/Fantastic_Dungeon_Pack/textures/T_wood_planks_dungeon_01_MTSM.uasset" 2871
"D:/Desktop/Jam/game-jam/Content/Fantastic_Dungeon_Pack/textures/T_wood_planks_dungeon_01_MTSM.uexp" 2872
"D:/Desktop/Jam/game-jam/Content/Fantastic_Dungeon_Pack/textures/T_wood_planks_dungeon_01_N.ubulk" 2873
"D:/Desktop/Jam/game-jam/Content/Fantastic_Dungeon_Pack/textures/T_wood_planks_dungeon_01_N.uasset" 2874
"D:/Desktop/Jam/game-jam/Content/Fantastic_Dungeon_Pack/textures/T_wood_planks_dungeon_01_N.uexp" 2875
"D:/Desktop/Jam/game-jam/Content/Fantastic_Dungeon_Pack/textures/T_wood_planks_dungeon_01_BC.ubulk" 2876
"D:/Desktop/Jam/game-jam/Content/Fantastic_Dungeon_Pack/textures/T_wood_planks_dungeon_01_BC.uasset" 2877
"D:/Desktop/Jam/game-jam/Content/Fantastic_Dungeon_Pack/textures/T_wood_planks_dungeon_01_BC.uexp" 2878
"D:/Desktop/Jam/game-jam/Content/Fantastic_Dungeon_Pack/materials/MI_wood_planks_dungeon_01.uasset" 2879
"D:/Desktop/Jam/game-jam/Content/Fantastic_Dungeon_Pack/materials/MI_wood_planks_dungeon_01.uexp" 2880
"D:/Desktop/Jam/game-jam/Content/Fantastic_Dungeon_Pack/meshes/props/construct/SM_PROP_woodbridge_dungeon_08.ubulk" 2881
"D:/Desktop/Jam/game-jam/Content/Fantastic_Dungeon_Pack/meshes/props/construct/SM_PROP_woodbridge_dungeon_08.uasset" 2882
"D:/Desktop/Jam/game-jam/Content/Fantastic_Dungeon_Pack/meshes/props/construct/SM_PROP_woodbridge_dungeon_08.uexp" 2883
"D:/Desktop/Jam/game-jam/Content/Fantastic_Dungeon_Pack/meshes/modular/trim/wallTrim/pivotEdge/MOD_WallTrim_01_E_straight.ubulk" 2884
"D:/Desktop/Jam/game-jam/Content/Fantastic_Dungeon_Pack/meshes/modular/trim/wallTrim/pivotEdge/MOD_WallTrim_01_E_straight.uasset" 2885
"D:/Desktop/Jam/game-jam/Content/Fantastic_Dungeon_Pack/meshes/modular/trim/wallTrim/pivotEdge/MOD_WallTrim_01_E_straight.uexp" 2886
"D:/Desktop/Jam/game-jam/Content/Fantastic_Dungeon_Pack/textures/T_PROP_vegetation_dungeon_BC.ubulk" 2887
"D:/Desktop/Jam/game-jam/Content/Fantastic_Dungeon_Pack/textures/T_PROP_vegetation_dungeon_BC.uasset" 2888
"D:/Desktop/Jam/game-jam/Content/Fantastic_Dungeon_Pack/textures/T_PROP_vegetation_dungeon_BC.uexp" 2889
"D:/Desktop/Jam/game-jam/Content/Fantastic_Dungeon_Pack/materials/master_materials/M_Master_transparent_cutout_dungeon.uasset" 2890
"D:/Desktop/Jam/game-jam/Content/Fantastic_Dungeon_Pack/materials/master_materials/M_Master_transparent_cutout_dungeon.uexp" 2891
"D:/Desktop/Jam/game-jam/Content/Fantastic_Dungeon_Pack/materials/MI_PROP_vegetation_dungeon.uasset" 2892
"D:/Desktop/Jam/game-jam/Content/Fantastic_Dungeon_Pack/materials/MI_PROP_vegetation_dungeon.uexp" 2893
"D:/Desktop/Jam/game-jam/Content/Fantastic_Dungeon_Pack/meshes/props/environment/SM_PROP_vegetation_dungeon_07.ubulk" 2894
"D:/Desktop/Jam/game-jam/Content/Fantastic_Dungeon_Pack/meshes/props/environment/SM_PROP_vegetation_dungeon_07.uasset" 2895
"D:/Desktop/Jam/game-jam/Content/Fantastic_Dungeon_Pack/meshes/props/environment/SM_PROP_vegetation_dungeon_07.uexp" 2896
"D:/Desktop/Jam/game-jam/Content/Fantastic_Dungeon_Pack/meshes/modular/railing/MOD_Railing_01_column.ubulk" 2897
"D:/Desktop/Jam/game-jam/Content/Fantastic_Dungeon_Pack/meshes/modular/railing/MOD_Railing_01_column.uasset" 2898
"D:/Desktop/Jam/game-jam/Content/Fantastic_Dungeon_Pack/meshes/modular/railing/MOD_Railing_01_column.uexp" 2899
"D:/Desktop/Jam/game-jam/Content/Fantastic_Dungeon_Pack/meshes/props/light/SM_PROP_brazier_dungeon_02.ubulk" 2900
"D:/Desktop/Jam/game-jam/Content/Fantastic_Dungeon_Pack/meshes/props/light/SM_PROP_brazier_dungeon_02.uasset" 2901
"D:/Desktop/Jam/game-jam/Content/Fantastic_Dungeon_Pack/meshes/props/light/SM_PROP_brazier_dungeon_02.uexp" 2902
"D:/Desktop/Jam/game-jam/Content/Fantastic_Dungeon_Pack/blueprints/modular/comps/column/BP_COMP_Column_01_base_brazier_01.uasset" 2903
"D:/Desktop/Jam/game-jam/Content/Fantastic_Dungeon_Pack/blueprints/modular/comps/column/BP_COMP_Column_01_base_brazier_01.uexp" 2904
"D:/Desktop/Jam/game-jam/Content/Fantastic_Dungeon_Pack/textures/T_PROP_fabric_dungeon_BC.ubulk" 2905
"D:/Desktop/Jam/game-jam/Content/Fantastic_Dungeon_Pack/textures/T_PROP_fabric_dungeon_BC.uasset" 2906
"D:/Desktop/Jam/game-jam/Content/Fantastic_Dungeon_Pack/textures/T_PROP_fabric_dungeon_BC.uexp" 2907
"D:/Desktop/Jam/game-jam/Content/Fantastic_Dungeon_Pack/materials/MI_PROP_fabric_dungeon.uasset" 2908
"D:/Desktop/Jam/game-jam/Content/Fantastic_Dungeon_Pack/materials/MI_PROP_fabric_dungeon.uexp" 2909
"D:/Desktop/Jam/game-jam/Content/Fantastic_Dungeon_Pack/meshes/props/fabrics/SM_PROP_rug_table_01.ubulk" 2910
"D:/Desktop/Jam/game-jam/Content/Fantastic_Dungeon_Pack/meshes/props/fabrics/SM_PROP_rug_table_01.uasset" 2911
"D:/Desktop/Jam/game-jam/Content/Fantastic_Dungeon_Pack/meshes/props/fabrics/SM_PROP_rug_table_01.uexp" 2912
"D:/Desktop/Jam/game-jam/Content/Fantastic_Dungeon_Pack/meshes/props/furniture/SM_PROP_table_dungeon_01.ubulk" 2913
"D:/Desktop/Jam/game-jam/Content/Fantastic_Dungeon_Pack/meshes/props/furniture/SM_PROP_table_dungeon_01.uasset" 2914
"D:/Desktop/Jam/game-jam/Content/Fantastic_Dungeon_Pack/meshes/props/furniture/SM_PROP_table_dungeon_01.uexp" 2915
"D:/Desktop/Jam/game-jam/Content/Fantastic_Dungeon_Pack/blueprints/props/BP_PROP_table_dungeon_01.uasset" 2916
"D:/Desktop/Jam/game-jam/Content/Fantastic_Dungeon_Pack/blueprints/props/BP_PROP_table_dungeon_01.uexp" 2917
"D:/Desktop/Jam/game-jam/Content/Fantastic_Dungeon_Pack/meshes/props/tools/SM_PROP_shovel_dungeon.ubulk" 2918
"D:/Desktop/Jam/game-jam/Content/Fantastic_Dungeon_Pack/meshes/props/tools/SM_PROP_shovel_dungeon.uasset" 2919
"D:/Desktop/Jam/game-jam/Content/Fantastic_Dungeon_Pack/meshes/props/tools/SM_PROP_shovel_dungeon.uexp" 2920
"D:/Desktop/Jam/game-jam/Content/Fantastic_Dungeon_Pack/meshes/modular/floor/oneSided/MOD_Floor_01_O_concave_med.ubulk" 2921
"D:/Desktop/Jam/game-jam/Content/Fantastic_Dungeon_Pack/meshes/modular/floor/oneSided/MOD_Floor_01_O_concave_med.uasset" 2922
"D:/Desktop/Jam/game-jam/Content/Fantastic_Dungeon_Pack/meshes/modular/floor/oneSided/MOD_Floor_01_O_concave_med.uexp" 2923
"D:/Desktop/Jam/game-jam/Content/Fantastic_Dungeon_Pack/meshes/modular/wall/pivotEdge/MOD_Wall_01_E_straight_small.ubulk" 2924
"D:/Desktop/Jam/game-jam/Content/Fantastic_Dungeon_Pack/meshes/modular/wall/pivotEdge/MOD_Wall_01_E_straight_small.uasset" 2925
"D:/Desktop/Jam/game-jam/Content/Fantastic_Dungeon_Pack/meshes/modular/wall/pivotEdge/MOD_Wall_01_E_straight_small.uexp" 2926
"D:/Desktop/Jam/game-jam/Content/Fantastic_Dungeon_Pack/meshes/modular/trim/wallCover/pivotEdge/MOD_WallCover_01_E_straight.ubulk" 2927
"D:/Desktop/Jam/game-jam/Content/Fantastic_Dungeon_Pack/meshes/modular/trim/wallCover/pivotEdge/MOD_WallCover_01_E_straight.uasset" 2928
"D:/Desktop/Jam/game-jam/Content/Fantastic_Dungeon_Pack/meshes/modular/trim/wallCover/pivotEdge/MOD_WallCover_01_E_straight.uexp" 2929
"D:/Desktop/Jam/game-jam/Content/Fantastic_Dungeon_Pack/blueprints/modular/comps/wall/PivotEdge/BP_COMP_Wall_01_E_straight_small.uasset" 2930
"D:/Desktop/Jam/game-jam/Content/Fantastic_Dungeon_Pack/blueprints/modular/comps/wall/PivotEdge/BP_COMP_Wall_01_E_straight_small.uexp" 2931
"D:/Desktop/Jam/game-jam/Content/Fantastic_Dungeon_Pack/meshes/modular/railing/MOD_Railing_01_straight.ubulk" 2932
"D:/Desktop/Jam/game-jam/Content/Fantastic_Dungeon_Pack/meshes/modular/railing/MOD_Railing_01_straight.uasset" 2933
"D:/Desktop/Jam/game-jam/Content/Fantastic_Dungeon_Pack/meshes/modular/railing/MOD_Railing_01_straight.uexp" 2934
"D:/Desktop/Jam/game-jam/Content/Fantastic_Dungeon_Pack/meshes/modular/wall/oneSided/MOD_Wall_01_O_angle_med_2.ubulk" 2935
"D:/Desktop/Jam/game-jam/Content/Fantastic_Dungeon_Pack/meshes/modular/wall/oneSided/MOD_Wall_01_O_angle_med_2.uasset" 2936
"D:/Desktop/Jam/game-jam/Content/Fantastic_Dungeon_Pack/meshes/modular/wall/oneSided/MOD_Wall_01_O_angle_med_2.uexp" 2937
"D:/Desktop/Jam/game-jam/Content/Fantastic_Dungeon_Pack/meshes/modular/trim/wallCover/pivotMiddle/MOD_WallCover_01_M_angle_2.ubulk" 2938
"D:/Desktop/Jam/game-jam/Content/Fantastic_Dungeon_Pack/meshes/modular/trim/wallCover/pivotMiddle/MOD_WallCover_01_M_angle_2.uasset" 2939
"D:/Desktop/Jam/game-jam/Content/Fantastic_Dungeon_Pack/meshes/modular/trim/wallCover/pivotMiddle/MOD_WallCover_01_M_angle_2.uexp" 2940
"D:/Desktop/Jam/game-jam/Content/Fantastic_Dungeon_Pack/meshes/modular/trim/wallTrim/oneSided/MOD_WallTrim_01_O_angle_2.ubulk" 2941
"D:/Desktop/Jam/game-jam/Content/Fantastic_Dungeon_Pack/meshes/modular/trim/wallTrim/oneSided/MOD_WallTrim_01_O_angle_2.uasset" 2942
"D:/Desktop/Jam/game-jam/Content/Fantastic_Dungeon_Pack/meshes/modular/trim/wallTrim/oneSided/MOD_WallTrim_01_O_angle_2.uexp" 2943
"D:/Desktop/Jam/game-jam/Content/Fantastic_Dungeon_Pack/blueprints/modular/comps/wall/OneSided/BP_COMP_Wall_01_O_angle_1_med_2.uasset" 2944
"D:/Desktop/Jam/game-jam/Content/Fantastic_Dungeon_Pack/blueprints/modular/comps/wall/OneSided/BP_COMP_Wall_01_O_angle_1_med_2.uexp" 2945
"D:/Desktop/Jam/game-jam/Content/Fantastic_Dungeon_Pack/meshes/props/container/SM_PROP_cup_dungeon_03.ubulk" 2946
"D:/Desktop/Jam/game-jam/Content/Fantastic_Dungeon_Pack/meshes/props/container/SM_PROP_cup_dungeon_03.uasset" 2947
"D:/Desktop/Jam/game-jam/Content/Fantastic_Dungeon_Pack/meshes/props/container/SM_PROP_cup_dungeon_03.uexp" 2948
"D:/Desktop/Jam/game-jam/Content/Fantastic_Dungeon_Pack/textures/T_PROP_sack_dungeon_BC.ubulk" 2949
"D:/Desktop/Jam/game-jam/Content/Fantastic_Dungeon_Pack/textures/T_PROP_sack_dungeon_BC.uasset" 2950
"D:/Desktop/Jam/game-jam/Content/Fantastic_Dungeon_Pack/textures/T_PROP_sack_dungeon_BC.uexp" 2951
"D:/Desktop/Jam/game-jam/Content/Fantastic_Dungeon_Pack/materials/MI_PROP_sack_dungeon.uasset" 2952
"D:/Desktop/Jam/game-jam/Content/Fantastic_Dungeon_Pack/materials/MI_PROP_sack_dungeon.uexp" 2953
"D:/Desktop/Jam/game-jam/Content/Fantastic_Dungeon_Pack/meshes/props/container/SM_PROP_sack_dungeon_04.ubulk" 2954
"D:/Desktop/Jam/game-jam/Content/Fantastic_Dungeon_Pack/meshes/props/container/SM_PROP_sack_dungeon_04.uasset" 2955
"D:/Desktop/Jam/game-jam/Content/Fantastic_Dungeon_Pack/meshes/props/container/SM_PROP_sack_dungeon_04.uexp" 2956
"D:/Desktop/Jam/game-jam/Content/Fantastic_Dungeon_Pack/meshes/modular/floor/oneSided/MOD_Floor_01_O_singlestone_broken_4.ubulk" 2957
"D:/Desktop/Jam/game-jam/Content/Fantastic_Dungeon_Pack/meshes/modular/floor/oneSided/MOD_Floor_01_O_singlestone_broken_4.uasset" 2958
"D:/Desktop/Jam/game-jam/Content/Fantastic_Dungeon_Pack/meshes/modular/floor/oneSided/MOD_Floor_01_O_singlestone_broken_4.uexp" 2959
"D:/Desktop/Jam/game-jam/Content/Fantastic_Dungeon_Pack/meshes/modular/floor/oneSided/MOD_Floor_01_O_singlestone_broken_5.ubulk" 2960
"D:/Desktop/Jam/game-jam/Content/Fantastic_Dungeon_Pack/meshes/modular/floor/oneSided/MOD_Floor_01_O_singlestone_broken_5.uasset" 2961
"D:/Desktop/Jam/game-jam/Content/Fantastic_Dungeon_Pack/meshes/modular/floor/oneSided/MOD_Floor_01_O_singlestone_broken_5.uexp" 2962
"D:/Desktop/Jam/game-jam/Content/Fantastic_Dungeon_Pack/meshes/modular/floor/oneSided/MOD_Floor_01_O_singlestone_broken_6.ubulk" 2963
"D:/Desktop/Jam/game-jam/Content/Fantastic_Dungeon_Pack/meshes/modular/floor/oneSided/MOD_Floor_01_O_singlestone_broken_6.uasset" 2964
"D:/Desktop/Jam/game-jam/Content/Fantastic_Dungeon_Pack/meshes/modular/floor/oneSided/MOD_Floor_01_O_singlestone_broken_6.uexp" 2965
"D:/Desktop/Jam/game-jam/Content/Fantastic_Dungeon_Pack/meshes/modular/floor/oneSided/MOD_Floor_01_O_singlestone_broken_7.ubulk" 2966
"D:/Desktop/Jam/game-jam/Content/Fantastic_Dungeon_Pack/meshes/modular/floor/oneSided/MOD_Floor_01_O_singlestone_broken_7.uasset" 2967
"D:/Desktop/Jam/game-jam/Content/Fantastic_Dungeon_Pack/meshes/modular/floor/oneSided/MOD_Floor_01_O_singlestone_broken_7.uexp" 2968
"D:/Desktop/Jam/game-jam/Content/Fantastic_Dungeon_Pack/textures/T_PROP_bonepile_dungeon_N.ubulk" 2969
"D:/Desktop/Jam/game-jam/Content/Fantastic_Dungeon_Pack/textures/T_PROP_bonepile_dungeon_N.uasset" 2970
"D:/Desktop/Jam/game-jam/Content/Fantastic_Dungeon_Pack/textures/T_PROP_bonepile_dungeon_N.uexp" 2971
"D:/Desktop/Jam/game-jam/Content/Fantastic_Dungeon_Pack/textures/T_PROP_bonepile_dungeon_MTSM.ubulk" 2972
"D:/Desktop/Jam/game-jam/Content/Fantastic_Dungeon_Pack/textures/T_PROP_bonepile_dungeon_MTSM.uasset" 2973
"D:/Desktop/Jam/game-jam/Content/Fantastic_Dungeon_Pack/textures/T_PROP_bonepile_dungeon_MTSM.uexp" 2974
"D:/Desktop/Jam/game-jam/Content/Fantastic_Dungeon_Pack/textures/T_PROP_bonepile_dungeon_BC.ubulk" 2975
"D:/Desktop/Jam/game-jam/Content/Fantastic_Dungeon_Pack/textures/T_PROP_bonepile_dungeon_BC.uasset" 2976
"D:/Desktop/Jam/game-jam/Content/Fantastic_Dungeon_Pack/textures/T_PROP_bonepile_dungeon_BC.uexp" 2977
"D:/Desktop/Jam/game-jam/Content/Fantastic_Dungeon_Pack/materials/MI_PROP_skeleton_bonepile_dungeon.uasset" 2978
"D:/Desktop/Jam/game-jam/Content/Fantastic_Dungeon_Pack/materials/MI_PROP_skeleton_bonepile_dungeon.uexp" 2979
"D:/Desktop/Jam/game-jam/Content/Fantastic_Dungeon_Pack/meshes/modular/floor/oneSided/MOD_Floor_01_O_straight_med_2.ubulk" 2980
"D:/Desktop/Jam/game-jam/Content/Fantastic_Dungeon_Pack/meshes/modular/floor/oneSided/MOD_Floor_01_O_straight_med_2.uasset" 2981
"D:/Desktop/Jam/game-jam/Content/Fantastic_Dungeon_Pack/meshes/modular/floor/oneSided/MOD_Floor_01_O_straight_med_2.uexp" 2982
"D:/Desktop/Jam/game-jam/Content/Fantastic_Dungeon_Pack/meshes/modular/floor/oneSided/MOD_Floor_01_O_singlestone_5.ubulk" 2983
"D:/Desktop/Jam/game-jam/Content/Fantastic_Dungeon_Pack/meshes/modular/floor/oneSided/MOD_Floor_01_O_singlestone_5.uasset" 2984
"D:/Desktop/Jam/game-jam/Content/Fantastic_Dungeon_Pack/meshes/modular/floor/oneSided/MOD_Floor_01_O_singlestone_5.uexp" 2985
"D:/Desktop/Jam/game-jam/Content/Fantastic_Dungeon_Pack/meshes/modular/floor/oneSided/MOD_Floor_01_O_singlestone_6.ubulk" 2986
"D:/Desktop/Jam/game-jam/Content/Fantastic_Dungeon_Pack/meshes/modular/floor/oneSided/MOD_Floor_01_O_singlestone_6.uasset" 2987
"D:/Desktop/Jam/game-jam/Content/Fantastic_Dungeon_Pack/meshes/modular/floor/oneSided/MOD_Floor_01_O_singlestone_6.uexp" 2988
"D:/Desktop/Jam/game-jam/Content/Fantastic_Dungeon_Pack/blueprints/modular/comps/floor/BP_COMP_Floor_01_O_bonepile_1.uasset" 2989
"D:/Desktop/Jam/game-jam/Content/Fantastic_Dungeon_Pack/blueprints/modular/comps/floor/BP_COMP_Floor_01_O_bonepile_1.uexp" 2990
"D:/Desktop/Jam/game-jam/Content/Fantastic_Dungeon_Pack/meshes/modular/floor/oneSided/MOD_Floor_01_O_singlestone_broken_1.ubulk" 2991
"D:/Desktop/Jam/game-jam/Content/Fantastic_Dungeon_Pack/meshes/modular/floor/oneSided/MOD_Floor_01_O_singlestone_broken_1.uasset" 2992
"D:/Desktop/Jam/game-jam/Content/Fantastic_Dungeon_Pack/meshes/modular/floor/oneSided/MOD_Floor_01_O_singlestone_broken_1.uexp" 2993
"D:/Desktop/Jam/game-jam/Content/Fantastic_Dungeon_Pack/meshes/modular/floor/oneSided/MOD_Floor_01_O_singlestone_broken_2.ubulk" 2994
"D:/Desktop/Jam/game-jam/Content/Fantastic_Dungeon_Pack/meshes/modular/floor/oneSided/MOD_Floor_01_O_singlestone_broken_2.uasset" 2995
"D:/Desktop/Jam/game-jam/Content/Fantastic_Dungeon_Pack/meshes/modular/floor/oneSided/MOD_Floor_01_O_singlestone_broken_2.uexp" 2996
"D:/Desktop/Jam/game-jam/Content/Fantastic_Dungeon_Pack/meshes/modular/floor/oneSided/MOD_Floor_01_O_singlestone_broken_3.ubulk" 2997
"D:/Desktop/Jam/game-jam/Content/Fantastic_Dungeon_Pack/meshes/modular/floor/oneSided/MOD_Floor_01_O_singlestone_broken_3.uasset" 2998
"D:/Desktop/Jam/game-jam/Content/Fantastic_Dungeon_Pack/meshes/modular/floor/oneSided/MOD_Floor_01_O_singlestone_broken_3.uexp" 2999
"D:/Desktop/Jam/game-jam/Content/Fantastic_Dungeon_Pack/meshes/modular/floor/oneSided/MOD_Floor_01_O_singlestone_broken_8.ubulk" 3000
"D:/Desktop/Jam/game-jam/Content/Fantastic_Dungeon_Pack/meshes/modular/floor/oneSided/MOD_Floor_01_O_singlestone_broken_8.uasset" 3001
"D:/Desktop/Jam/game-jam/Content/Fantastic_Dungeon_Pack/meshes/modular/floor/oneSided/MOD_Floor_01_O_singlestone_broken_8.uexp" 3002
"D:/Desktop/Jam/game-jam/Content/Fantastic_Dungeon_Pack/meshes/modular/floor/oneSided/MOD_Floor_01_O_singlestone_4.ubulk" 3003
"D:/Desktop/Jam/game-jam/Content/Fantastic_Dungeon_Pack/meshes/modular/floor/oneSided/MOD_Floor_01_O_singlestone_4.uasset" 3004
"D:/Desktop/Jam/game-jam/Content/Fantastic_Dungeon_Pack/meshes/modular/floor/oneSided/MOD_Floor_01_O_singlestone_4.uexp" 3005
"D:/Desktop/Jam/game-jam/Content/Fantastic_Dungeon_Pack/meshes/modular/floor/oneSided/MOD_Floor_01_O_singlestone_8.ubulk" 3006
"D:/Desktop/Jam/game-jam/Content/Fantastic_Dungeon_Pack/meshes/modular/floor/oneSided/MOD_Floor_01_O_singlestone_8.uasset" 3007
"D:/Desktop/Jam/game-jam/Content/Fantastic_Dungeon_Pack/meshes/modular/floor/oneSided/MOD_Floor_01_O_singlestone_8.uexp" 3008
"D:/Desktop/Jam/game-jam/Content/Fantastic_Dungeon_Pack/blueprints/modular/comps/floor/BP_COMP_Floor_01_O_bonepile_2.uasset" 3009
"D:/Desktop/Jam/game-jam/Content/Fantastic_Dungeon_Pack/blueprints/modular/comps/floor/BP_COMP_Floor_01_O_bonepile_2.uexp" 3010
"D:/Desktop/Jam/game-jam/Content/Fantastic_Dungeon_Pack/meshes/modular/floor/oneSided/MOD_Floor_01_O_singlestone_1.ubulk" 3011
"D:/Desktop/Jam/game-jam/Content/Fantastic_Dungeon_Pack/meshes/modular/floor/oneSided/MOD_Floor_01_O_singlestone_1.uasset" 3012
"D:/Desktop/Jam/game-jam/Content/Fantastic_Dungeon_Pack/meshes/modular/floor/oneSided/MOD_Floor_01_O_singlestone_1.uexp" 3013
"D:/Desktop/Jam/game-jam/Content/Fantastic_Dungeon_Pack/meshes/modular/floor/oneSided/MOD_Floor_01_O_singlestone_2.ubulk" 3014
"D:/Desktop/Jam/game-jam/Content/Fantastic_Dungeon_Pack/meshes/modular/floor/oneSided/MOD_Floor_01_O_singlestone_2.uasset" 3015
"D:/Desktop/Jam/game-jam/Content/Fantastic_Dungeon_Pack/meshes/modular/floor/oneSided/MOD_Floor_01_O_singlestone_2.uexp" 3016
"D:/Desktop/Jam/game-jam/Content/Fantastic_Dungeon_Pack/meshes/modular/floor/oneSided/MOD_Floor_01_O_singlestone_3.ubulk" 3017
"D:/Desktop/Jam/game-jam/Content/Fantastic_Dungeon_Pack/meshes/modular/floor/oneSided/MOD_Floor_01_O_singlestone_3.uasset" 3018
"D:/Desktop/Jam/game-jam/Content/Fantastic_Dungeon_Pack/meshes/modular/floor/oneSided/MOD_Floor_01_O_singlestone_3.uexp" 3019
"D:/Desktop/Jam/game-jam/Content/Fantastic_Dungeon_Pack/meshes/modular/floor/oneSided/MOD_Floor_01_O_singlestone_7.ubulk" 3020
"D:/Desktop/Jam/game-jam/Content/Fantastic_Dungeon_Pack/meshes/modular/floor/oneSided/MOD_Floor_01_O_singlestone_7.uasset" 3021
"D:/Desktop/Jam/game-jam/Content/Fantastic_Dungeon_Pack/meshes/modular/floor/oneSided/MOD_Floor_01_O_singlestone_7.uexp" 3022
"D:/Desktop/Jam/game-jam/Content/Fantastic_Dungeon_Pack/blueprints/modular/comps/floor/BP_COMP_Floor_01_O_bonepile_3.uasset" 3023
"D:/Desktop/Jam/game-jam/Content/Fantastic_Dungeon_Pack/blueprints/modular/comps/floor/BP_COMP_Floor_01_O_bonepile_3.uexp" 3024
"D:/Desktop/Jam/game-jam/Content/Fantastic_Dungeon_Pack/materials/MI_PROP_books_dungeon.uasset" 3025
"D:/Desktop/Jam/game-jam/Content/Fantastic_Dungeon_Pack/materials/MI_PROP_books_dungeon.uexp" 3026
"D:/Desktop/Jam/game-jam/Content/Fantastic_Dungeon_Pack/meshes/props/small_deco/SM_PROP_bookpile_dungeon_02.ubulk" 3027
"D:/Desktop/Jam/game-jam/Content/Fantastic_Dungeon_Pack/meshes/props/small_deco/SM_PROP_bookpile_dungeon_02.uasset" 3028
"D:/Desktop/Jam/game-jam/Content/Fantastic_Dungeon_Pack/meshes/props/small_deco/SM_PROP_bookpile_dungeon_02.uexp" 3029
"D:/Desktop/Jam/game-jam/Content/Fantastic_Dungeon_Pack/meshes/props/environment/SM_PROP_orevein_iron_dungeon.ubulk" 3030
"D:/Desktop/Jam/game-jam/Content/Fantastic_Dungeon_Pack/meshes/props/environment/SM_PROP_orevein_iron_dungeon.uasset" 3031
"D:/Desktop/Jam/game-jam/Content/Fantastic_Dungeon_Pack/meshes/props/environment/SM_PROP_orevein_iron_dungeon.uexp" 3032
"D:/Desktop/Jam/game-jam/Content/Fantastic_Dungeon_Pack/textures/T_PROP_bottle_dungeon_BC.ubulk" 3033
"D:/Desktop/Jam/game-jam/Content/Fantastic_Dungeon_Pack/textures/T_PROP_bottle_dungeon_BC.uasset" 3034
"D:/Desktop/Jam/game-jam/Content/Fantastic_Dungeon_Pack/textures/T_PROP_bottle_dungeon_BC.uexp" 3035
"D:/Desktop/Jam/game-jam/Content/Fantastic_Dungeon_Pack/materials/MI_PROP_bottles_dungeon.uasset" 3036
"D:/Desktop/Jam/game-jam/Content/Fantastic_Dungeon_Pack/materials/MI_PROP_bottles_dungeon.uexp" 3037
"D:/Desktop/Jam/game-jam/Content/Fantastic_Dungeon_Pack/meshes/props/small_deco/SM_PROP_bottle_dungeon_05.ubulk" 3038
"D:/Desktop/Jam/game-jam/Content/Fantastic_Dungeon_Pack/meshes/props/small_deco/SM_PROP_bottle_dungeon_05.uasset" 3039
"D:/Desktop/Jam/game-jam/Content/Fantastic_Dungeon_Pack/meshes/props/small_deco/SM_PROP_bottle_dungeon_05.uexp" 3040
"D:/Desktop/Jam/game-jam/Content/Fantastic_Dungeon_Pack/textures/T_PROP_weapon_dungeon_BC.ubulk" 3041
"D:/Desktop/Jam/game-jam/Content/Fantastic_Dungeon_Pack/textures/T_PROP_weapon_dungeon_BC.uasset" 3042
"D:/Desktop/Jam/game-jam/Content/Fantastic_Dungeon_Pack/textures/T_PROP_weapon_dungeon_BC.uexp" 3043
"D:/Desktop/Jam/game-jam/Content/Fantastic_Dungeon_Pack/materials/MI_PROP_weapon_dungeon.uasset" 3044
"D:/Desktop/Jam/game-jam/Content/Fantastic_Dungeon_Pack/materials/MI_PROP_weapon_dungeon.uexp" 3045
"D:/Desktop/Jam/game-jam/Content/Fantastic_Dungeon_Pack/meshes/props/tools/SM_PROP_weapon_sword_dungeon_02.ubulk" 3046
"D:/Desktop/Jam/game-jam/Content/Fantastic_Dungeon_Pack/meshes/props/tools/SM_PROP_weapon_sword_dungeon_02.uasset" 3047
"D:/Desktop/Jam/game-jam/Content/Fantastic_Dungeon_Pack/meshes/props/tools/SM_PROP_weapon_sword_dungeon_02.uexp" 3048
"D:/Desktop/Jam/game-jam/Content/Fantastic_Dungeon_Pack/meshes/props/construct/SM_PROP_planks_dungeon_03.ubulk" 3049
"D:/Desktop/Jam/game-jam/Content/Fantastic_Dungeon_Pack/meshes/props/construct/SM_PROP_planks_dungeon_03.uasset" 3050
"D:/Desktop/Jam/game-jam/Content/Fantastic_Dungeon_Pack/meshes/props/construct/SM_PROP_planks_dungeon_03.uexp" 3051
"D:/Desktop/Jam/game-jam/Content/Fantastic_Dungeon_Pack/meshes/props/environment/SM_PROP_vegetation_dungeon_04.ubulk" 3052
"D:/Desktop/Jam/game-jam/Content/Fantastic_Dungeon_Pack/meshes/props/environment/SM_PROP_vegetation_dungeon_04.uasset" 3053
"D:/Desktop/Jam/game-jam/Content/Fantastic_Dungeon_Pack/meshes/props/environment/SM_PROP_vegetation_dungeon_04.uexp" 3054
"D:/Desktop/Jam/game-jam/Content/Fantastic_Dungeon_Pack/textures/T_PROP_gold_dungeon_N.ubulk" 3055
"D:/Desktop/Jam/game-jam/Content/Fantastic_Dungeon_Pack/textures/T_PROP_gold_dungeon_N.uasset" 3056
"D:/Desktop/Jam/game-jam/Content/Fantastic_Dungeon_Pack/textures/T_PROP_gold_dungeon_N.uexp" 3057
"D:/Desktop/Jam/game-jam/Content/Fantastic_Dungeon_Pack/textures/T_PROP_gold_dungeon_BC.ubulk" 3058
"D:/Desktop/Jam/game-jam/Content/Fantastic_Dungeon_Pack/textures/T_PROP_gold_dungeon_BC.uasset" 3059
"D:/Desktop/Jam/game-jam/Content/Fantastic_Dungeon_Pack/textures/T_PROP_gold_dungeon_BC.uexp" 3060
"D:/Desktop/Jam/game-jam/Content/Fantastic_Dungeon_Pack/textures/T_PROP_gold_dungeon_MTSM_nometal.ubulk" 3061
"D:/Desktop/Jam/game-jam/Content/Fantastic_Dungeon_Pack/textures/T_PROP_gold_dungeon_MTSM_nometal.uasset" 3062
"D:/Desktop/Jam/game-jam/Content/Fantastic_Dungeon_Pack/textures/T_PROP_gold_dungeon_MTSM_nometal.uexp" 3063
"D:/Desktop/Jam/game-jam/Content/Fantastic_Dungeon_Pack/materials/MI_PROP_goldpile_dungeon.uasset" 3064
"D:/Desktop/Jam/game-jam/Content/Fantastic_Dungeon_Pack/materials/MI_PROP_goldpile_dungeon.uexp" 3065
"D:/Desktop/Jam/game-jam/Content/Fantastic_Dungeon_Pack/meshes/props/small_deco/SM_PROP_goldpile_dungeon_03.ubulk" 3066
"D:/Desktop/Jam/game-jam/Content/Fantastic_Dungeon_Pack/meshes/props/small_deco/SM_PROP_goldpile_dungeon_03.uasset" 3067
"D:/Desktop/Jam/game-jam/Content/Fantastic_Dungeon_Pack/meshes/props/small_deco/SM_PROP_goldpile_dungeon_03.uexp" 3068
"D:/Desktop/Jam/game-jam/Content/Fantastic_Dungeon_Pack/textures/T_PROP_candle__dungeon_BC.ubulk" 3069
"D:/Desktop/Jam/game-jam/Content/Fantastic_Dungeon_Pack/textures/T_PROP_candle__dungeon_BC.uasset" 3070
"D:/Desktop/Jam/game-jam/Content/Fantastic_Dungeon_Pack/textures/T_PROP_candle__dungeon_BC.uexp" 3071
"D:/Desktop/Jam/game-jam/Content/Fantastic_Dungeon_Pack/materials/MI_PROP_candle_dungeon.uasset" 3072
"D:/Desktop/Jam/game-jam/Content/Fantastic_Dungeon_Pack/materials/MI_PROP_candle_dungeon.uexp" 3073
"D:/Desktop/Jam/game-jam/Content/Fantastic_Dungeon_Pack/meshes/props/light/SM_PROP_chandelier_dungeon_02.ubulk" 3074
"D:/Desktop/Jam/game-jam/Content/Fantastic_Dungeon_Pack/meshes/props/light/SM_PROP_chandelier_dungeon_02.uasset" 3075
"D:/Desktop/Jam/game-jam/Content/Fantastic_Dungeon_Pack/meshes/props/light/SM_PROP_chandelier_dungeon_02.uexp" 3076
"D:/Desktop/Jam/game-jam/Content/Fantastic_Dungeon_Pack/meshes/props/container/SM_PROP_bucket_dungeon_02.ubulk" 3077
"D:/Desktop/Jam/game-jam/Content/Fantastic_Dungeon_Pack/meshes/props/container/SM_PROP_bucket_dungeon_02.uasset" 3078
"D:/Desktop/Jam/game-jam/Content/Fantastic_Dungeon_Pack/meshes/props/container/SM_PROP_bucket_dungeon_02.uexp" 3079
"D:/Desktop/Jam/game-jam/Content/Fantastic_Dungeon_Pack/meshes/modular/column/MOD_Column_01_cap.ubulk" 3080
"D:/Desktop/Jam/game-jam/Content/Fantastic_Dungeon_Pack/meshes/modular/column/MOD_Column_01_cap.uasset" 3081
"D:/Desktop/Jam/game-jam/Content/Fantastic_Dungeon_Pack/meshes/modular/column/MOD_Column_01_cap.uexp" 3082
"D:/Desktop/Jam/game-jam/Content/Fantastic_Dungeon_Pack/meshes/props/container/SM_PROP_sack_dungeon_05.ubulk" 3083
"D:/Desktop/Jam/game-jam/Content/Fantastic_Dungeon_Pack/meshes/props/container/SM_PROP_sack_dungeon_05.uasset" 3084
"D:/Desktop/Jam/game-jam/Content/Fantastic_Dungeon_Pack/meshes/props/container/SM_PROP_sack_dungeon_05.uexp" 3085
"D:/Desktop/Jam/game-jam/Content/UI_Icons/T_Frame65.uasset" 3086
"D:/Desktop/Jam/game-jam/Content/UI_Icons/T_Frame65.uexp" 3087
"D:/Desktop/Jam/game-jam/Content/Assets/Fonts/Amarante/Amarante-Regular.uexp" 3088
"D:/Desktop/Jam/game-jam/Content/Assets/Fonts/Amarante/Amarante-Regular.uasset" 3089
"D:/Desktop/Jam/game-jam/Content/Assets/Fonts/Amarante/Amarante-Regular.ufont" 3090
"D:/Desktop/Jam/game-jam/Content/Assets/Fonts/Amarante/Amarante-Regular_Font.uasset" 3091
"D:/Desktop/Jam/game-jam/Content/Assets/Fonts/Amarante/Amarante-Regular_Font.uexp" 3092
"D:/Desktop/Jam/game-jam/Content/Assets/Fonts/Inkut/InknutAntiqua-SemiBold.uexp" 3093
"D:/Desktop/Jam/game-jam/Content/Assets/Fonts/Inkut/InknutAntiqua-SemiBold.uasset" 3094
"D:/Desktop/Jam/game-jam/Content/Assets/Fonts/Inkut/InknutAntiqua-SemiBold.ufont" 3095
"D:/Desktop/Jam/game-jam/Content/Assets/Fonts/Inkut/InknutAntiqua-SemiBold_Font.uasset" 3096
"D:/Desktop/Jam/game-jam/Content/Assets/Fonts/Inkut/InknutAntiqua-SemiBold_Font.uexp" 3097
"D:/Desktop/Jam/game-jam/Content/Maps/Javohir_Map/UI/WBP_Settings.uasset" 3098
"D:/Desktop/Jam/game-jam/Content/Maps/Javohir_Map/UI/WBP_Settings.uexp" 3099
"D:/Desktop/Jam/game-jam/Content/Fantastic_Dungeon_Pack/meshes/props/construct/SM_PROP_woodbridge_dungeon_01.ubulk" 3100
"D:/Desktop/Jam/game-jam/Content/Fantastic_Dungeon_Pack/meshes/props/construct/SM_PROP_woodbridge_dungeon_01.uasset" 3101
"D:/Desktop/Jam/game-jam/Content/Fantastic_Dungeon_Pack/meshes/props/construct/SM_PROP_woodbridge_dungeon_01.uexp" 3102
"D:/Desktop/Jam/game-jam/Content/Fantastic_Dungeon_Pack/meshes/props/small_deco/SM_PROP_bottle_dungeon_08.ubulk" 3103
"D:/Desktop/Jam/game-jam/Content/Fantastic_Dungeon_Pack/meshes/props/small_deco/SM_PROP_bottle_dungeon_08.uasset" 3104
"D:/Desktop/Jam/game-jam/Content/Fantastic_Dungeon_Pack/meshes/props/small_deco/SM_PROP_bottle_dungeon_08.uexp" 3105
"D:/Desktop/Jam/game-jam/Content/Fantastic_Dungeon_Pack/meshes/props/furniture/SM_PROP_ladder_dungeon_03.ubulk" 3106
"D:/Desktop/Jam/game-jam/Content/Fantastic_Dungeon_Pack/meshes/props/furniture/SM_PROP_ladder_dungeon_03.uasset" 3107
"D:/Desktop/Jam/game-jam/Content/Fantastic_Dungeon_Pack/meshes/props/furniture/SM_PROP_ladder_dungeon_03.uexp" 3108
"D:/Desktop/Jam/game-jam/Content/Fantastic_Dungeon_Pack/meshes/modular/railing/MOD_Railing_01_angle_2.ubulk" 3109
"D:/Desktop/Jam/game-jam/Content/Fantastic_Dungeon_Pack/meshes/modular/railing/MOD_Railing_01_angle_2.uasset" 3110
"D:/Desktop/Jam/game-jam/Content/Fantastic_Dungeon_Pack/meshes/modular/railing/MOD_Railing_01_angle_2.uexp" 3111
"D:/Desktop/Jam/game-jam/Content/Fantastic_Dungeon_Pack/meshes/modular/floor/oneSided/MOD_Floor_01_O_straight_tiny.ubulk" 3112
"D:/Desktop/Jam/game-jam/Content/Fantastic_Dungeon_Pack/meshes/modular/floor/oneSided/MOD_Floor_01_O_straight_tiny.uasset" 3113
"D:/Desktop/Jam/game-jam/Content/Fantastic_Dungeon_Pack/meshes/modular/floor/oneSided/MOD_Floor_01_O_straight_tiny.uexp" 3114
"D:/Desktop/Jam/game-jam/Content/Fantastic_Dungeon_Pack/meshes/modular/floor/oneSided/MOD_Floor_01_O_straight_small.ubulk" 3115
"D:/Desktop/Jam/game-jam/Content/Fantastic_Dungeon_Pack/meshes/modular/floor/oneSided/MOD_Floor_01_O_straight_small.uasset" 3116
"D:/Desktop/Jam/game-jam/Content/Fantastic_Dungeon_Pack/meshes/modular/floor/oneSided/MOD_Floor_01_O_straight_small.uexp" 3117
"D:/Desktop/Jam/game-jam/Content/Fantastic_Dungeon_Pack/meshes/modular/floor/oneSided/MOD_Floor_01_O_angle_tiny.ubulk" 3118
"D:/Desktop/Jam/game-jam/Content/Fantastic_Dungeon_Pack/meshes/modular/floor/oneSided/MOD_Floor_01_O_angle_tiny.uasset" 3119
"D:/Desktop/Jam/game-jam/Content/Fantastic_Dungeon_Pack/meshes/modular/floor/oneSided/MOD_Floor_01_O_angle_tiny.uexp" 3120
"D:/Desktop/Jam/game-jam/Content/Fantastic_Dungeon_Pack/meshes/modular/railing/MOD_Railing_01_straight_half.ubulk" 3121
"D:/Desktop/Jam/game-jam/Content/Fantastic_Dungeon_Pack/meshes/modular/railing/MOD_Railing_01_straight_half.uasset" 3122
"D:/Desktop/Jam/game-jam/Content/Fantastic_Dungeon_Pack/meshes/modular/railing/MOD_Railing_01_straight_half.uexp" 3123
"D:/Desktop/Jam/game-jam/Content/Fantastic_Dungeon_Pack/blueprints/modular/level_modules/01/OneSided/Railing/straight_angle/BP_LVL_01_O_rail_straight_angle_SE.uasset" 3124
"D:/Desktop/Jam/game-jam/Content/Fantastic_Dungeon_Pack/blueprints/modular/level_modules/01/OneSided/Railing/straight_angle/BP_LVL_01_O_rail_straight_angle_SE.uexp" 3125
"D:/Desktop/Jam/game-jam/Content/Fantastic_Dungeon_Pack/meshes/modular/trim/wallCover/pivotEdge/MOD_WallCover_01_E_corner_concave.ubulk" 3126
"D:/Desktop/Jam/game-jam/Content/Fantastic_Dungeon_Pack/meshes/modular/trim/wallCover/pivotEdge/MOD_WallCover_01_E_corner_concave.uasset" 3127
"D:/Desktop/Jam/game-jam/Content/Fantastic_Dungeon_Pack/meshes/modular/trim/wallCover/pivotEdge/MOD_WallCover_01_E_corner_concave.uexp" 3128
"D:/Desktop/Jam/game-jam/Content/Fantastic_Dungeon_Pack/meshes/modular/trim/wallTrim/pivotEdge/MOD_WallTrim_01_E_corner_concave.ubulk" 3129
"D:/Desktop/Jam/game-jam/Content/Fantastic_Dungeon_Pack/meshes/modular/trim/wallTrim/pivotEdge/MOD_WallTrim_01_E_corner_concave.uasset" 3130
"D:/Desktop/Jam/game-jam/Content/Fantastic_Dungeon_Pack/meshes/modular/trim/wallTrim/pivotEdge/MOD_WallTrim_01_E_corner_concave.uexp" 3131
"D:/Desktop/Jam/game-jam/Content/Fantastic_Dungeon_Pack/meshes/modular/wall/pivotEdge/MOD_Wall_01_E_corner_concave_large.ubulk" 3132
"D:/Desktop/Jam/game-jam/Content/Fantastic_Dungeon_Pack/meshes/modular/wall/pivotEdge/MOD_Wall_01_E_corner_concave_large.uasset" 3133
"D:/Desktop/Jam/game-jam/Content/Fantastic_Dungeon_Pack/meshes/modular/wall/pivotEdge/MOD_Wall_01_E_corner_concave_large.uexp" 3134
"D:/Desktop/Jam/game-jam/Content/Fantastic_Dungeon_Pack/blueprints/modular/comps/wall/PivotEdge/BP_COMP_Wall_01_E_corner_concave_large.uasset" 3135
"D:/Desktop/Jam/game-jam/Content/Fantastic_Dungeon_Pack/blueprints/modular/comps/wall/PivotEdge/BP_COMP_Wall_01_E_corner_concave_large.uexp" 3136
"D:/Desktop/Jam/game-jam/Content/Fantastic_Dungeon_Pack/meshes/props/light/SM_PROP_torch_wall_dungeon.ubulk" 3137
"D:/Desktop/Jam/game-jam/Content/Fantastic_Dungeon_Pack/meshes/props/light/SM_PROP_torch_wall_dungeon.uasset" 3138
"D:/Desktop/Jam/game-jam/Content/Fantastic_Dungeon_Pack/meshes/props/light/SM_PROP_torch_wall_dungeon.uexp" 3139
"D:/Desktop/Jam/game-jam/Content/Fantastic_Dungeon_Pack/textures/T_FX_sprite_fire_dungeon_BC.ubulk" 3140
"D:/Desktop/Jam/game-jam/Content/Fantastic_Dungeon_Pack/textures/T_FX_sprite_fire_dungeon_BC.uasset" 3141
"D:/Desktop/Jam/game-jam/Content/Fantastic_Dungeon_Pack/textures/T_FX_sprite_fire_dungeon_BC.uexp" 3142
"D:/Desktop/Jam/game-jam/Content/Fantastic_Dungeon_Pack/materials/master_materials/M_FX_Master_fire_steam_dungeon.uasset" 3143
"D:/Desktop/Jam/game-jam/Content/Fantastic_Dungeon_Pack/materials/master_materials/M_FX_Master_fire_steam_dungeon.uexp" 3144
"D:/Desktop/Jam/game-jam/Content/Fantastic_Dungeon_Pack/materials/MI_FX_fire_dungeon.uasset" 3145
"D:/Desktop/Jam/game-jam/Content/Fantastic_Dungeon_Pack/materials/MI_FX_fire_dungeon.uexp" 3146
"D:/Desktop/Jam/game-jam/Content/Fantastic_Dungeon_Pack/textures/T_FX_sprite_steam_dungeon_BC.ubulk" 3147
"D:/Desktop/Jam/game-jam/Content/Fantastic_Dungeon_Pack/textures/T_FX_sprite_steam_dungeon_BC.uasset" 3148
"D:/Desktop/Jam/game-jam/Content/Fantastic_Dungeon_Pack/textures/T_FX_sprite_steam_dungeon_BC.uexp" 3149
"D:/Desktop/Jam/game-jam/Content/Fantastic_Dungeon_Pack/materials/MI_FX_steam_dungeon.uasset" 3150
"D:/Desktop/Jam/game-jam/Content/Fantastic_Dungeon_Pack/materials/MI_FX_steam_dungeon.uexp" 3151
"D:/Desktop/Jam/game-jam/Content/Fantastic_Dungeon_Pack/effects/PS_FX_fire_dungeon_02.uasset" 3152
"D:/Desktop/Jam/game-jam/Content/Fantastic_Dungeon_Pack/effects/PS_FX_fire_dungeon_02.uexp" 3153
"D:/Desktop/Jam/game-jam/Content/Fantastic_Dungeon_Pack/blueprints/props/BP_PROP_torch_wall_dungeon.uasset" 3154
"D:/Desktop/Jam/game-jam/Content/Fantastic_Dungeon_Pack/blueprints/props/BP_PROP_torch_wall_dungeon.uexp" 3155
"D:/Desktop/Jam/game-jam/Content/Fantastic_Dungeon_Pack/meshes/props/small_deco/SM_PROP_scroll_dungeon_02.ubulk" 3156
"D:/Desktop/Jam/game-jam/Content/Fantastic_Dungeon_Pack/meshes/props/small_deco/SM_PROP_scroll_dungeon_02.uasset" 3157
"D:/Desktop/Jam/game-jam/Content/Fantastic_Dungeon_Pack/meshes/props/small_deco/SM_PROP_scroll_dungeon_02.uexp" 3158
"D:/Desktop/Jam/game-jam/Content/Fantastic_Dungeon_Pack/meshes/props/furniture/SM_PROP_bookshelf_dungeon_04.ubulk" 3159
"D:/Desktop/Jam/game-jam/Content/Fantastic_Dungeon_Pack/meshes/props/furniture/SM_PROP_bookshelf_dungeon_04.uasset" 3160
"D:/Desktop/Jam/game-jam/Content/Fantastic_Dungeon_Pack/meshes/props/furniture/SM_PROP_bookshelf_dungeon_04.uexp" 3161
"D:/Desktop/Jam/game-jam/Content/Fantastic_Dungeon_Pack/meshes/props/container/SM_PROP_chest_dungeon_04.ubulk" 3162
"D:/Desktop/Jam/game-jam/Content/Fantastic_Dungeon_Pack/meshes/props/container/SM_PROP_chest_dungeon_04.uasset" 3163
"D:/Desktop/Jam/game-jam/Content/Fantastic_Dungeon_Pack/meshes/props/container/SM_PROP_chest_dungeon_04.uexp" 3164
"D:/Desktop/Jam/game-jam/Content/Fantastic_Dungeon_Pack/meshes/props/container/SM_PROP_chest_top_dungeon_04.ubulk" 3165
"D:/Desktop/Jam/game-jam/Content/Fantastic_Dungeon_Pack/meshes/props/container/SM_PROP_chest_top_dungeon_04.uasset" 3166
"D:/Desktop/Jam/game-jam/Content/Fantastic_Dungeon_Pack/meshes/props/container/SM_PROP_chest_top_dungeon_04.uexp" 3167
"D:/Desktop/Jam/game-jam/Content/Fantastic_Dungeon_Pack/blueprints/props/BP_PROP_chest_dungeon_04.uasset" 3168
"D:/Desktop/Jam/game-jam/Content/Fantastic_Dungeon_Pack/blueprints/props/BP_PROP_chest_dungeon_04.uexp" 3169
"D:/Desktop/Jam/game-jam/Content/Fantastic_Dungeon_Pack/meshes/modular/trim/wallTrim/oneSided/MOD_WallTrim_01_O_corner_2.ubulk" 3170
"D:/Desktop/Jam/game-jam/Content/Fantastic_Dungeon_Pack/meshes/modular/trim/wallTrim/oneSided/MOD_WallTrim_01_O_corner_2.uasset" 3171
"D:/Desktop/Jam/game-jam/Content/Fantastic_Dungeon_Pack/meshes/modular/trim/wallTrim/oneSided/MOD_WallTrim_01_O_corner_2.uexp" 3172
"D:/Desktop/Jam/game-jam/Content/Fantastic_Dungeon_Pack/meshes/props/container/SM_PROP_chest_dungeon_01.ubulk" 3173
"D:/Desktop/Jam/game-jam/Content/Fantastic_Dungeon_Pack/meshes/props/container/SM_PROP_chest_dungeon_01.uasset" 3174
"D:/Desktop/Jam/game-jam/Content/Fantastic_Dungeon_Pack/meshes/props/container/SM_PROP_chest_dungeon_01.uexp" 3175
"D:/Desktop/Jam/game-jam/Content/Fantastic_Dungeon_Pack/meshes/props/carts/SM_PROP_cart_dungeon_02.ubulk" 3176
"D:/Desktop/Jam/game-jam/Content/Fantastic_Dungeon_Pack/meshes/props/carts/SM_PROP_cart_dungeon_02.uasset" 3177
"D:/Desktop/Jam/game-jam/Content/Fantastic_Dungeon_Pack/meshes/props/carts/SM_PROP_cart_dungeon_02.uexp" 3178
"D:/Desktop/Jam/game-jam/Content/Fantastic_Dungeon_Pack/meshes/props/carts/SM_PROP_wheel_dungeon_02.ubulk" 3179
"D:/Desktop/Jam/game-jam/Content/Fantastic_Dungeon_Pack/meshes/props/carts/SM_PROP_wheel_dungeon_02.uasset" 3180
"D:/Desktop/Jam/game-jam/Content/Fantastic_Dungeon_Pack/meshes/props/carts/SM_PROP_wheel_dungeon_02.uexp" 3181
"D:/Desktop/Jam/game-jam/Content/Fantastic_Dungeon_Pack/meshes/props/container/SM_PROP_cookingpot_dungeon_01.ubulk" 3182
"D:/Desktop/Jam/game-jam/Content/Fantastic_Dungeon_Pack/meshes/props/container/SM_PROP_cookingpot_dungeon_01.uasset" 3183
"D:/Desktop/Jam/game-jam/Content/Fantastic_Dungeon_Pack/meshes/props/container/SM_PROP_cookingpot_dungeon_01.uexp" 3184
"D:/Desktop/Jam/game-jam/Content/Fantastic_Dungeon_Pack/meshes/props/container/SM_PROP_barrel_dungeon_01.ubulk" 3185
"D:/Desktop/Jam/game-jam/Content/Fantastic_Dungeon_Pack/meshes/props/container/SM_PROP_barrel_dungeon_01.uasset" 3186
"D:/Desktop/Jam/game-jam/Content/Fantastic_Dungeon_Pack/meshes/props/container/SM_PROP_barrel_dungeon_01.uexp" 3187
"D:/Desktop/Jam/game-jam/Content/Fantastic_Dungeon_Pack/meshes/props/container/SM_PROP_cookingpot_handle_dungeon_01.ubulk" 3188
"D:/Desktop/Jam/game-jam/Content/Fantastic_Dungeon_Pack/meshes/props/container/SM_PROP_cookingpot_handle_dungeon_01.uasset" 3189
"D:/Desktop/Jam/game-jam/Content/Fantastic_Dungeon_Pack/meshes/props/container/SM_PROP_cookingpot_handle_dungeon_01.uexp" 3190
"D:/Desktop/Jam/game-jam/Content/Fantastic_Dungeon_Pack/meshes/props/container/SM_PROP_box_dungeon_04.ubulk" 3191
"D:/Desktop/Jam/game-jam/Content/Fantastic_Dungeon_Pack/meshes/props/container/SM_PROP_box_dungeon_04.uasset" 3192
"D:/Desktop/Jam/game-jam/Content/Fantastic_Dungeon_Pack/meshes/props/container/SM_PROP_box_dungeon_04.uexp" 3193
"D:/Desktop/Jam/game-jam/Content/Fantastic_Dungeon_Pack/meshes/props/container/SM_PROP_chest_top_dungeon_01.ubulk" 3194
"D:/Desktop/Jam/game-jam/Content/Fantastic_Dungeon_Pack/meshes/props/container/SM_PROP_chest_top_dungeon_01.uasset" 3195
"D:/Desktop/Jam/game-jam/Content/Fantastic_Dungeon_Pack/meshes/props/container/SM_PROP_chest_top_dungeon_01.uexp" 3196
"D:/Desktop/Jam/game-jam/Content/Fantastic_Dungeon_Pack/meshes/props/container/SM_PROP_box_dungeon_02.ubulk" 3197
"D:/Desktop/Jam/game-jam/Content/Fantastic_Dungeon_Pack/meshes/props/container/SM_PROP_box_dungeon_02.uasset" 3198
"D:/Desktop/Jam/game-jam/Content/Fantastic_Dungeon_Pack/meshes/props/container/SM_PROP_box_dungeon_02.uexp" 3199
"D:/Desktop/Jam/game-jam/Content/Fantastic_Dungeon_Pack/meshes/props/container/SM_PROP_sack_dungeon_03.ubulk" 3200
"D:/Desktop/Jam/game-jam/Content/Fantastic_Dungeon_Pack/meshes/props/container/SM_PROP_sack_dungeon_03.uasset" 3201
"D:/Desktop/Jam/game-jam/Content/Fantastic_Dungeon_Pack/meshes/props/container/SM_PROP_sack_dungeon_03.uexp" 3202
"D:/Desktop/Jam/game-jam/Content/Fantastic_Dungeon_Pack/meshes/props/container/SM_PROP_crate_dungeon_01.ubulk" 3203
"D:/Desktop/Jam/game-jam/Content/Fantastic_Dungeon_Pack/meshes/props/container/SM_PROP_crate_dungeon_01.uasset" 3204
"D:/Desktop/Jam/game-jam/Content/Fantastic_Dungeon_Pack/meshes/props/container/SM_PROP_crate_dungeon_01.uexp" 3205
"D:/Desktop/Jam/game-jam/Content/Fantastic_Dungeon_Pack/blueprints/props/BP_PROP_cart_dungeon_04.uasset" 3206
"D:/Desktop/Jam/game-jam/Content/Fantastic_Dungeon_Pack/blueprints/props/BP_PROP_cart_dungeon_04.uexp" 3207
"D:/Desktop/Jam/game-jam/Content/Fantastic_Dungeon_Pack/meshes/modular/trim/wallTrim/pivotMiddle/MOD_WallTrim_01_M_straight.ubulk" 3208
"D:/Desktop/Jam/game-jam/Content/Fantastic_Dungeon_Pack/meshes/modular/trim/wallTrim/pivotMiddle/MOD_WallTrim_01_M_straight.uasset" 3209
"D:/Desktop/Jam/game-jam/Content/Fantastic_Dungeon_Pack/meshes/modular/trim/wallTrim/pivotMiddle/MOD_WallTrim_01_M_straight.uexp" 3210
"D:/Desktop/Jam/game-jam/Content/Fantastic_Dungeon_Pack/textures/T_PROP_pot_dungeon_BC.ubulk" 3211
"D:/Desktop/Jam/game-jam/Content/Fantastic_Dungeon_Pack/textures/T_PROP_pot_dungeon_BC.uasset" 3212
"D:/Desktop/Jam/game-jam/Content/Fantastic_Dungeon_Pack/textures/T_PROP_pot_dungeon_BC.uexp" 3213
"D:/Desktop/Jam/game-jam/Content/Fantastic_Dungeon_Pack/materials/MI_PROP_pot_dungeon.uasset" 3214
"D:/Desktop/Jam/game-jam/Content/Fantastic_Dungeon_Pack/materials/MI_PROP_pot_dungeon.uexp" 3215
"D:/Desktop/Jam/game-jam/Content/Fantastic_Dungeon_Pack/meshes/props/container/SM_PROP_plate_dungeon_03.ubulk" 3216
"D:/Desktop/Jam/game-jam/Content/Fantastic_Dungeon_Pack/meshes/props/container/SM_PROP_plate_dungeon_03.uasset" 3217
"D:/Desktop/Jam/game-jam/Content/Fantastic_Dungeon_Pack/meshes/props/container/SM_PROP_plate_dungeon_03.uexp" 3218
"D:/Desktop/Jam/game-jam/Content/Fantastic_Dungeon_Pack/meshes/props/container/SM_PROP_sack_dungeon_01.ubulk" 3219
"D:/Desktop/Jam/game-jam/Content/Fantastic_Dungeon_Pack/meshes/props/container/SM_PROP_sack_dungeon_01.uasset" 3220
"D:/Desktop/Jam/game-jam/Content/Fantastic_Dungeon_Pack/meshes/props/container/SM_PROP_sack_dungeon_01.uexp" 3221
"D:/Desktop/Jam/game-jam/Content/Fantastic_Dungeon_Pack/meshes/props/small_deco/SM_PROP_scroll_dungeon_01.ubulk" 3222
"D:/Desktop/Jam/game-jam/Content/Fantastic_Dungeon_Pack/meshes/props/small_deco/SM_PROP_scroll_dungeon_01.uasset" 3223
"D:/Desktop/Jam/game-jam/Content/Fantastic_Dungeon_Pack/meshes/props/small_deco/SM_PROP_scroll_dungeon_01.uexp" 3224
"D:/Desktop/Jam/game-jam/Content/Fantastic_Dungeon_Pack/meshes/props/container/SM_PROP_plate_dungeon_07.ubulk" 3225
"D:/Desktop/Jam/game-jam/Content/Fantastic_Dungeon_Pack/meshes/props/container/SM_PROP_plate_dungeon_07.uasset" 3226
"D:/Desktop/Jam/game-jam/Content/Fantastic_Dungeon_Pack/meshes/props/container/SM_PROP_plate_dungeon_07.uexp" 3227
"D:/Desktop/Jam/game-jam/Content/Fantastic_Dungeon_Pack/meshes/props/traps/SM_PROP_lock_part_dungeon.ubulk" 3228
"D:/Desktop/Jam/game-jam/Content/Fantastic_Dungeon_Pack/meshes/props/traps/SM_PROP_lock_part_dungeon.uasset" 3229
"D:/Desktop/Jam/game-jam/Content/Fantastic_Dungeon_Pack/meshes/props/traps/SM_PROP_lock_part_dungeon.uexp" 3230
"D:/Desktop/Jam/game-jam/Content/Fantastic_Dungeon_Pack/meshes/props/traps/SM_PROP_lock_dungeon.ubulk" 3231
"D:/Desktop/Jam/game-jam/Content/Fantastic_Dungeon_Pack/meshes/props/traps/SM_PROP_lock_dungeon.uasset" 3232
"D:/Desktop/Jam/game-jam/Content/Fantastic_Dungeon_Pack/meshes/props/traps/SM_PROP_lock_dungeon.uexp" 3233
"D:/Desktop/Jam/game-jam/Content/Fantastic_Dungeon_Pack/blueprints/props/BP_PROP_lock_dungeon.uasset" 3234
"D:/Desktop/Jam/game-jam/Content/Fantastic_Dungeon_Pack/blueprints/props/BP_PROP_lock_dungeon.uexp" 3235
"D:/Desktop/Jam/game-jam/Content/Fantastic_Dungeon_Pack/meshes/modular/stairs/wallTrim/MOD_Stairs_01_WallTrim_R_3.ubulk" 3236
"D:/Desktop/Jam/game-jam/Content/Fantastic_Dungeon_Pack/meshes/modular/stairs/wallTrim/MOD_Stairs_01_WallTrim_R_3.uasset" 3237
"D:/Desktop/Jam/game-jam/Content/Fantastic_Dungeon_Pack/meshes/modular/stairs/wallTrim/MOD_Stairs_01_WallTrim_R_3.uexp" 3238
"D:/Desktop/Jam/game-jam/Content/Fantastic_Dungeon_Pack/meshes/modular/stairs/wallTrim/MOD_Stairs_01_WallTrim_R_4.ubulk" 3239
"D:/Desktop/Jam/game-jam/Content/Fantastic_Dungeon_Pack/meshes/modular/stairs/wallTrim/MOD_Stairs_01_WallTrim_R_4.uasset" 3240
"D:/Desktop/Jam/game-jam/Content/Fantastic_Dungeon_Pack/meshes/modular/stairs/wallTrim/MOD_Stairs_01_WallTrim_R_4.uexp" 3241
"D:/Desktop/Jam/game-jam/Content/Fantastic_Dungeon_Pack/meshes/props/construct/SM_PROP_planks_dungeon_01.ubulk" 3242
"D:/Desktop/Jam/game-jam/Content/Fantastic_Dungeon_Pack/meshes/props/construct/SM_PROP_planks_dungeon_01.uasset" 3243
"D:/Desktop/Jam/game-jam/Content/Fantastic_Dungeon_Pack/meshes/props/construct/SM_PROP_planks_dungeon_01.uexp" 3244
"D:/Desktop/Jam/game-jam/Content/Fantastic_Dungeon_Pack/meshes/props/construct/SM_PROP_bars_wall_dungeon_01.ubulk" 3245
"D:/Desktop/Jam/game-jam/Content/Fantastic_Dungeon_Pack/meshes/props/construct/SM_PROP_bars_wall_dungeon_01.uasset" 3246
"D:/Desktop/Jam/game-jam/Content/Fantastic_Dungeon_Pack/meshes/props/construct/SM_PROP_bars_wall_dungeon_01.uexp" 3247
"D:/Desktop/Jam/game-jam/Content/Fantastic_Dungeon_Pack/meshes/props/furniture/SM_PROP_ladder_dungeon_02.ubulk" 3248
"D:/Desktop/Jam/game-jam/Content/Fantastic_Dungeon_Pack/meshes/props/furniture/SM_PROP_ladder_dungeon_02.uasset" 3249
"D:/Desktop/Jam/game-jam/Content/Fantastic_Dungeon_Pack/meshes/props/furniture/SM_PROP_ladder_dungeon_02.uexp" 3250
"D:/Desktop/Jam/game-jam/Content/Fantastic_Dungeon_Pack/meshes/props/light/SM_PROP_candle_dungeon_09.ubulk" 3251
"D:/Desktop/Jam/game-jam/Content/Fantastic_Dungeon_Pack/meshes/props/light/SM_PROP_candle_dungeon_09.uasset" 3252
"D:/Desktop/Jam/game-jam/Content/Fantastic_Dungeon_Pack/meshes/props/light/SM_PROP_candle_dungeon_09.uexp" 3253
"D:/Desktop/Jam/game-jam/Content/Fantastic_Dungeon_Pack/meshes/modular/wall/pivotEdge/MOD_Wall_01_E_corner_concave_med.ubulk" 3254
"D:/Desktop/Jam/game-jam/Content/Fantastic_Dungeon_Pack/meshes/modular/wall/pivotEdge/MOD_Wall_01_E_corner_concave_med.uasset" 3255
"D:/Desktop/Jam/game-jam/Content/Fantastic_Dungeon_Pack/meshes/modular/wall/pivotEdge/MOD_Wall_01_E_corner_concave_med.uexp" 3256
"D:/Desktop/Jam/game-jam/Content/Fantastic_Dungeon_Pack/blueprints/modular/comps/wall/PivotEdge/BP_COMP_Wall_01_E_corner_concave_med.uasset" 3257
"D:/Desktop/Jam/game-jam/Content/Fantastic_Dungeon_Pack/blueprints/modular/comps/wall/PivotEdge/BP_COMP_Wall_01_E_corner_concave_med.uexp" 3258
"D:/Desktop/Jam/game-jam/Content/Fantastic_Dungeon_Pack/meshes/props/traps/SM_PROP_trap_arrow_dungeon_01.ubulk" 3259
"D:/Desktop/Jam/game-jam/Content/Fantastic_Dungeon_Pack/meshes/props/traps/SM_PROP_trap_arrow_dungeon_01.uasset" 3260
"D:/Desktop/Jam/game-jam/Content/Fantastic_Dungeon_Pack/meshes/props/traps/SM_PROP_trap_arrow_dungeon_01.uexp" 3261
"D:/Desktop/Jam/game-jam/Content/Fantastic_Dungeon_Pack/meshes/props/small_deco/SM_PROP_bottle_dungeon_01.ubulk" 3262
"D:/Desktop/Jam/game-jam/Content/Fantastic_Dungeon_Pack/meshes/props/small_deco/SM_PROP_bottle_dungeon_01.uasset" 3263
"D:/Desktop/Jam/game-jam/Content/Fantastic_Dungeon_Pack/meshes/props/small_deco/SM_PROP_bottle_dungeon_01.uexp" 3264
"D:/Desktop/Jam/game-jam/Content/Fantastic_Dungeon_Pack/meshes/props/fabrics/SM_PROP_flag_dungeon_09.ubulk" 3265
"D:/Desktop/Jam/game-jam/Content/Fantastic_Dungeon_Pack/meshes/props/fabrics/SM_PROP_flag_dungeon_09.uasset" 3266
"D:/Desktop/Jam/game-jam/Content/Fantastic_Dungeon_Pack/meshes/props/fabrics/SM_PROP_flag_dungeon_09.uexp" 3267
"D:/Desktop/Jam/game-jam/Content/Fantastic_Dungeon_Pack/meshes/props/construct/SM_PROP_planks_dungeon_04.ubulk" 3268
"D:/Desktop/Jam/game-jam/Content/Fantastic_Dungeon_Pack/meshes/props/construct/SM_PROP_planks_dungeon_04.uasset" 3269
"D:/Desktop/Jam/game-jam/Content/Fantastic_Dungeon_Pack/meshes/props/construct/SM_PROP_planks_dungeon_04.uexp" 3270
"D:/Desktop/Jam/game-jam/Content/Fantastic_Dungeon_Pack/meshes/modular/trim/wallTrim/oneSided/MOD_WallTrim_01_O_convex.ubulk" 3271
"D:/Desktop/Jam/game-jam/Content/Fantastic_Dungeon_Pack/meshes/modular/trim/wallTrim/oneSided/MOD_WallTrim_01_O_convex.uasset" 3272
"D:/Desktop/Jam/game-jam/Content/Fantastic_Dungeon_Pack/meshes/modular/trim/wallTrim/oneSided/MOD_WallTrim_01_O_convex.uexp" 3273
"D:/Desktop/Jam/game-jam/Content/Fantastic_Dungeon_Pack/meshes/modular/gateway/MOD_Gateway_Door_01_med_02.ubulk" 3274
"D:/Desktop/Jam/game-jam/Content/Fantastic_Dungeon_Pack/meshes/modular/gateway/MOD_Gateway_Door_01_med_02.uasset" 3275
"D:/Desktop/Jam/game-jam/Content/Fantastic_Dungeon_Pack/meshes/modular/gateway/MOD_Gateway_Door_01_med_02.uexp" 3276
"D:/Desktop/Jam/game-jam/Content/Fantastic_Dungeon_Pack/meshes/modular/gateway/MOD_Gateway_Arc_01.ubulk" 3277
"D:/Desktop/Jam/game-jam/Content/Fantastic_Dungeon_Pack/meshes/modular/gateway/MOD_Gateway_Arc_01.uasset" 3278
"D:/Desktop/Jam/game-jam/Content/Fantastic_Dungeon_Pack/meshes/modular/gateway/MOD_Gateway_Arc_01.uexp" 3279
"D:/Desktop/Jam/game-jam/Content/Fantastic_Dungeon_Pack/meshes/modular/gateway/MOD_Gateway_Door_01_med_02_door.ubulk" 3280
"D:/Desktop/Jam/game-jam/Content/Fantastic_Dungeon_Pack/meshes/modular/gateway/MOD_Gateway_Door_01_med_02_door.uasset" 3281
"D:/Desktop/Jam/game-jam/Content/Fantastic_Dungeon_Pack/meshes/modular/gateway/MOD_Gateway_Door_01_med_02_door.uexp" 3282
"D:/Desktop/Jam/game-jam/Content/Fantastic_Dungeon_Pack/blueprints/modular/comps/gateway/BP_COMP_Door_01_med_02.uasset" 3283
"D:/Desktop/Jam/game-jam/Content/Fantastic_Dungeon_Pack/blueprints/modular/comps/gateway/BP_COMP_Door_01_med_02.uexp" 3284
"D:/Desktop/Jam/game-jam/Content/Fantastic_Dungeon_Pack/meshes/props/fabrics/SM_PROP_rug_dungeon_02.ubulk" 3285
"D:/Desktop/Jam/game-jam/Content/Fantastic_Dungeon_Pack/meshes/props/fabrics/SM_PROP_rug_dungeon_02.uasset" 3286
"D:/Desktop/Jam/game-jam/Content/Fantastic_Dungeon_Pack/meshes/props/fabrics/SM_PROP_rug_dungeon_02.uexp" 3287
"D:/Desktop/Jam/game-jam/Content/Fantastic_Dungeon_Pack/meshes/props/container/SM_PROP_plate_dungeon_04.ubulk" 3288
"D:/Desktop/Jam/game-jam/Content/Fantastic_Dungeon_Pack/meshes/props/container/SM_PROP_plate_dungeon_04.uasset" 3289
"D:/Desktop/Jam/game-jam/Content/Fantastic_Dungeon_Pack/meshes/props/container/SM_PROP_plate_dungeon_04.uexp" 3290
"D:/Desktop/Jam/game-jam/Content/Fantastic_Dungeon_Pack/meshes/props/furniture/SM_PROP_bookshelf_dungeon_02.ubulk" 3291
"D:/Desktop/Jam/game-jam/Content/Fantastic_Dungeon_Pack/meshes/props/furniture/SM_PROP_bookshelf_dungeon_02.uasset" 3292
"D:/Desktop/Jam/game-jam/Content/Fantastic_Dungeon_Pack/meshes/props/furniture/SM_PROP_bookshelf_dungeon_02.uexp" 3293
"D:/Desktop/Jam/game-jam/Content/Fantastic_Dungeon_Pack/textures/T_PROP_dirtpile_dungeon_BC.ubulk" 3294
"D:/Desktop/Jam/game-jam/Content/Fantastic_Dungeon_Pack/textures/T_PROP_dirtpile_dungeon_BC.uasset" 3295
"D:/Desktop/Jam/game-jam/Content/Fantastic_Dungeon_Pack/textures/T_PROP_dirtpile_dungeon_BC.uexp" 3296
"D:/Desktop/Jam/game-jam/Content/Fantastic_Dungeon_Pack/textures/T_PROP_dirtpile_dungeon_MTSM.ubulk" 3297
"D:/Desktop/Jam/game-jam/Content/Fantastic_Dungeon_Pack/textures/T_PROP_dirtpile_dungeon_MTSM.uasset" 3298
"D:/Desktop/Jam/game-jam/Content/Fantastic_Dungeon_Pack/textures/T_PROP_dirtpile_dungeon_MTSM.uexp" 3299
"D:/Desktop/Jam/game-jam/Content/Fantastic_Dungeon_Pack/textures/T_PROP_dirtpile_dungeon_N.ubulk" 3300
"D:/Desktop/Jam/game-jam/Content/Fantastic_Dungeon_Pack/textures/T_PROP_dirtpile_dungeon_N.uasset" 3301
"D:/Desktop/Jam/game-jam/Content/Fantastic_Dungeon_Pack/textures/T_PROP_dirtpile_dungeon_N.uexp" 3302
"D:/Desktop/Jam/game-jam/Content/Fantastic_Dungeon_Pack/materials/MI_PROP_dirtpile_dungeon.uasset" 3303
"D:/Desktop/Jam/game-jam/Content/Fantastic_Dungeon_Pack/materials/MI_PROP_dirtpile_dungeon.uexp" 3304
"D:/Desktop/Jam/game-jam/Content/Fantastic_Dungeon_Pack/meshes/props/environment/SM_PROP_dirtpile_dungeon_01.ubulk" 3305
"D:/Desktop/Jam/game-jam/Content/Fantastic_Dungeon_Pack/meshes/props/environment/SM_PROP_dirtpile_dungeon_01.uasset" 3306
"D:/Desktop/Jam/game-jam/Content/Fantastic_Dungeon_Pack/meshes/props/environment/SM_PROP_dirtpile_dungeon_01.uexp" 3307
"D:/Desktop/Jam/game-jam/Content/Fantastic_Dungeon_Pack/meshes/modular/column/MOD_Column_01_med.ubulk" 3308
"D:/Desktop/Jam/game-jam/Content/Fantastic_Dungeon_Pack/meshes/modular/column/MOD_Column_01_med.uasset" 3309
"D:/Desktop/Jam/game-jam/Content/Fantastic_Dungeon_Pack/meshes/modular/column/MOD_Column_01_med.uexp" 3310
"D:/Desktop/Jam/game-jam/Content/Fantastic_Dungeon_Pack/blueprints/modular/comps/column/BP_COMP_Column_01_med.uasset" 3311
"D:/Desktop/Jam/game-jam/Content/Fantastic_Dungeon_Pack/blueprints/modular/comps/column/BP_COMP_Column_01_med.uexp" 3312
"D:/Desktop/Jam/game-jam/Content/Fantastic_Dungeon_Pack/blueprints/modular/level_modules/01/OneSided/Railing/fill_and_holes/angle/BP_LVL_01_O_rail_angle_FILL_2.uasset" 3313
"D:/Desktop/Jam/game-jam/Content/Fantastic_Dungeon_Pack/blueprints/modular/level_modules/01/OneSided/Railing/fill_and_holes/angle/BP_LVL_01_O_rail_angle_FILL_2.uexp" 3314
"D:/Desktop/Jam/game-jam/Content/Fantastic_Dungeon_Pack/blueprints/modular/level_modules/01/OneSided/wall_med/fills_and_holes/angle/BP_LVL_01_O_med_angle_FILL_2.uasset" 3315
"D:/Desktop/Jam/game-jam/Content/Fantastic_Dungeon_Pack/blueprints/modular/level_modules/01/OneSided/wall_med/fills_and_holes/angle/BP_LVL_01_O_med_angle_FILL_2.uexp" 3316
"D:/Desktop/Jam/game-jam/Content/Fantastic_Dungeon_Pack/meshes/props/light/SM_PROP_candle_dungeon_12.ubulk" 3317
"D:/Desktop/Jam/game-jam/Content/Fantastic_Dungeon_Pack/meshes/props/light/SM_PROP_candle_dungeon_12.uasset" 3318
"D:/Desktop/Jam/game-jam/Content/Fantastic_Dungeon_Pack/meshes/props/light/SM_PROP_candle_dungeon_12.uexp" 3319
"D:/Desktop/Jam/game-jam/Content/Fantastic_Dungeon_Pack/meshes/props/light/SM_PROP_candle_dungeon_13.ubulk" 3320
"D:/Desktop/Jam/game-jam/Content/Fantastic_Dungeon_Pack/meshes/props/light/SM_PROP_candle_dungeon_13.uasset" 3321
"D:/Desktop/Jam/game-jam/Content/Fantastic_Dungeon_Pack/meshes/props/light/SM_PROP_candle_dungeon_13.uexp" 3322
"D:/Desktop/Jam/game-jam/Content/Fantastic_Dungeon_Pack/meshes/modular/stairs/stairs/MOD_Stairs_01_E_med_SW.ubulk" 3323
"D:/Desktop/Jam/game-jam/Content/Fantastic_Dungeon_Pack/meshes/modular/stairs/stairs/MOD_Stairs_01_E_med_SW.uasset" 3324
"D:/Desktop/Jam/game-jam/Content/Fantastic_Dungeon_Pack/meshes/modular/stairs/stairs/MOD_Stairs_01_E_med_SW.uexp" 3325
"D:/Desktop/Jam/game-jam/Content/Fantastic_Dungeon_Pack/meshes/props/tools/SM_PROP_spoon_dungeon_02.ubulk" 3326
"D:/Desktop/Jam/game-jam/Content/Fantastic_Dungeon_Pack/meshes/props/tools/SM_PROP_spoon_dungeon_02.uasset" 3327
"D:/Desktop/Jam/game-jam/Content/Fantastic_Dungeon_Pack/meshes/props/tools/SM_PROP_spoon_dungeon_02.uexp" 3328
"D:/Desktop/Jam/game-jam/Content/Fantastic_Dungeon_Pack/meshes/props/container/SM_PROP_barrel_dungeon_03.ubulk" 3329
"D:/Desktop/Jam/game-jam/Content/Fantastic_Dungeon_Pack/meshes/props/container/SM_PROP_barrel_dungeon_03.uasset" 3330
"D:/Desktop/Jam/game-jam/Content/Fantastic_Dungeon_Pack/meshes/props/container/SM_PROP_barrel_dungeon_03.uexp" 3331
"D:/Desktop/Jam/game-jam/Content/Fantastic_Dungeon_Pack/blueprints/FX/BP_FX_pointlight_dungeon.uasset" 3332
"D:/Desktop/Jam/game-jam/Content/Fantastic_Dungeon_Pack/blueprints/FX/BP_FX_pointlight_dungeon.uexp" 3333
"D:/Desktop/Jam/game-jam/Content/Fantastic_Dungeon_Pack/meshes/modular/trim/wallCover/pivotMiddle/MOD_WallCover_01_M_straight.ubulk" 3334
"D:/Desktop/Jam/game-jam/Content/Fantastic_Dungeon_Pack/meshes/modular/trim/wallCover/pivotMiddle/MOD_WallCover_01_M_straight.uasset" 3335
"D:/Desktop/Jam/game-jam/Content/Fantastic_Dungeon_Pack/meshes/modular/trim/wallCover/pivotMiddle/MOD_WallCover_01_M_straight.uexp" 3336
"D:/Desktop/Jam/game-jam/Content/Fantastic_Dungeon_Pack/blueprints/modular/comps/wall/PivotMiddle/BP_COMP_Wall_01_M_straight_large.uasset" 3337
"D:/Desktop/Jam/game-jam/Content/Fantastic_Dungeon_Pack/blueprints/modular/comps/wall/PivotMiddle/BP_COMP_Wall_01_M_straight_large.uexp" 3338
"D:/Desktop/Jam/game-jam/Content/Fantastic_Dungeon_Pack/meshes/modular/floor/oneSided/MOD_Floor_01_O_convex_tiny.ubulk" 3339
"D:/Desktop/Jam/game-jam/Content/Fantastic_Dungeon_Pack/meshes/modular/floor/oneSided/MOD_Floor_01_O_convex_tiny.uasset" 3340
"D:/Desktop/Jam/game-jam/Content/Fantastic_Dungeon_Pack/meshes/modular/floor/oneSided/MOD_Floor_01_O_convex_tiny.uexp" 3341
"D:/Desktop/Jam/game-jam/Content/Fantastic_Dungeon_Pack/meshes/modular/railing/MOD_Railing_01_convex_2.ubulk" 3342
"D:/Desktop/Jam/game-jam/Content/Fantastic_Dungeon_Pack/meshes/modular/railing/MOD_Railing_01_convex_2.uasset" 3343
"D:/Desktop/Jam/game-jam/Content/Fantastic_Dungeon_Pack/meshes/modular/railing/MOD_Railing_01_convex_2.uexp" 3344
"D:/Desktop/Jam/game-jam/Content/Fantastic_Dungeon_Pack/blueprints/modular/level_modules/01/OneSided/Railing/straight_concave/BP_LVL_01_O_rail_straight_concave_S.uasset" 3345
"D:/Desktop/Jam/game-jam/Content/Fantastic_Dungeon_Pack/blueprints/modular/level_modules/01/OneSided/Railing/straight_concave/BP_LVL_01_O_rail_straight_concave_S.uexp" 3346
"../../../Engine/Content/EngineSky/C_Sky_Horizon_Color.uasset" 3347
"../../../Engine/Content/EngineSky/C_Sky_Horizon_Color.uexp" 3348
"../../../Engine/Content/EngineSky/T_Sky_Stars.ubulk" 3349
"../../../Engine/Content/EngineSky/T_Sky_Stars.uasset" 3350
"../../../Engine/Content/EngineSky/T_Sky_Stars.uexp" 3351
"../../../Engine/Content/EngineSky/T_Sky_Clouds_M.ubulk" 3352
"../../../Engine/Content/EngineSky/T_Sky_Clouds_M.uasset" 3353
"../../../Engine/Content/EngineSky/T_Sky_Clouds_M.uexp" 3354
"../../../Engine/Content/EngineSky/T_Sky_Blue.ubulk" 3355
"../../../Engine/Content/EngineSky/T_Sky_Blue.uasset" 3356
"../../../Engine/Content/EngineSky/T_Sky_Blue.uexp" 3357
"../../../Engine/Content/EngineSky/M_Sky_Panning_Clouds2.uasset" 3358
"../../../Engine/Content/EngineSky/M_Sky_Panning_Clouds2.uexp" 3359
"../../../Engine/Content/EngineSky/SM_SkySphere.ubulk" 3360
"../../../Engine/Content/EngineSky/SM_SkySphere.uasset" 3361
"../../../Engine/Content/EngineSky/SM_SkySphere.uexp" 3362
"../../../Engine/Content/EngineSky/C_Sky_Cloud_Color.uasset" 3363
"../../../Engine/Content/EngineSky/C_Sky_Cloud_Color.uexp" 3364
"../../../Engine/Content/EngineSky/C_Sky_Zenith_Color.uasset" 3365
"../../../Engine/Content/EngineSky/C_Sky_Zenith_Color.uexp" 3366
"../../../Engine/Content/EngineSky/BP_Sky_Sphere.uasset" 3367
"../../../Engine/Content/EngineSky/BP_Sky_Sphere.uexp" 3368
"D:/Desktop/Jam/game-jam/Content/Fantastic_Dungeon_Pack/meshes/props/small_deco/SM_PROP_goldpile_dungeon_01.ubulk" 3369
"D:/Desktop/Jam/game-jam/Content/Fantastic_Dungeon_Pack/meshes/props/small_deco/SM_PROP_goldpile_dungeon_01.uasset" 3370
"D:/Desktop/Jam/game-jam/Content/Fantastic_Dungeon_Pack/meshes/props/small_deco/SM_PROP_goldpile_dungeon_01.uexp" 3371
"D:/Desktop/Jam/game-jam/Content/Fantastic_Dungeon_Pack/meshes/props/construct/SM_PROP_planks_dungeon_06.ubulk" 3372
"D:/Desktop/Jam/game-jam/Content/Fantastic_Dungeon_Pack/meshes/props/construct/SM_PROP_planks_dungeon_06.uasset" 3373
"D:/Desktop/Jam/game-jam/Content/Fantastic_Dungeon_Pack/meshes/props/construct/SM_PROP_planks_dungeon_06.uexp" 3374
"D:/Desktop/Jam/game-jam/Content/Fantastic_Dungeon_Pack/meshes/props/environment/SM_PROP_vegetation_dungeon_08.ubulk" 3375
"D:/Desktop/Jam/game-jam/Content/Fantastic_Dungeon_Pack/meshes/props/environment/SM_PROP_vegetation_dungeon_08.uasset" 3376
"D:/Desktop/Jam/game-jam/Content/Fantastic_Dungeon_Pack/meshes/props/environment/SM_PROP_vegetation_dungeon_08.uexp" 3377
"D:/Desktop/Jam/game-jam/Content/Fantastic_Dungeon_Pack/textures/T_PROP_bow_dungeon_BC.ubulk" 3378
"D:/Desktop/Jam/game-jam/Content/Fantastic_Dungeon_Pack/textures/T_PROP_bow_dungeon_BC.uasset" 3379
"D:/Desktop/Jam/game-jam/Content/Fantastic_Dungeon_Pack/textures/T_PROP_bow_dungeon_BC.uexp" 3380
"D:/Desktop/Jam/game-jam/Content/Fantastic_Dungeon_Pack/materials/MI_PROP_bow_dungeon.uasset" 3381
"D:/Desktop/Jam/game-jam/Content/Fantastic_Dungeon_Pack/materials/MI_PROP_bow_dungeon.uexp" 3382
"D:/Desktop/Jam/game-jam/Content/Fantastic_Dungeon_Pack/meshes/props/tools/SM_PROP_weapon_arrow_dungeon.ubulk" 3383
"D:/Desktop/Jam/game-jam/Content/Fantastic_Dungeon_Pack/meshes/props/tools/SM_PROP_weapon_arrow_dungeon.uasset" 3384
"D:/Desktop/Jam/game-jam/Content/Fantastic_Dungeon_Pack/meshes/props/tools/SM_PROP_weapon_arrow_dungeon.uexp" 3385
"D:/Desktop/Jam/game-jam/Content/Characters/Enemy/UndeadPack/Ghoul/Mesh/SK_Ghoul_Skeleton.uasset" 3386
"D:/Desktop/Jam/game-jam/Content/Characters/Enemy/UndeadPack/Ghoul/Mesh/SK_Ghoul_Skeleton.uexp" 3387
"D:/Desktop/Jam/game-jam/Content/Characters/Enemy/UndeadPack/Ghoul/Animations/Anim_Idle.uasset" 3388
"D:/Desktop/Jam/game-jam/Content/Characters/Enemy/UndeadPack/Ghoul/Animations/Anim_Idle.uexp" 3389
"D:/Desktop/Jam/game-jam/Content/Characters/Enemy/UndeadPack/Ghoul/Animations/Anim_Attack_Left.uasset" 3390
"D:/Desktop/Jam/game-jam/Content/Characters/Enemy/UndeadPack/Ghoul/Animations/Anim_Attack_Left.uexp" 3391
"D:/Desktop/Jam/game-jam/Content/Characters/Enemy/UndeadPack/Ghoul/Animations/AM_Ghoul_Attack_Left_Montage.uasset" 3392
"D:/Desktop/Jam/game-jam/Content/Characters/Enemy/UndeadPack/Ghoul/Animations/AM_Ghoul_Attack_Left_Montage.uexp" 3393
"D:/Desktop/Jam/game-jam/Content/Characters/Enemy/UndeadPack/Ghoul/Animations/Ghoul_Attack_Right.uasset" 3394
"D:/Desktop/Jam/game-jam/Content/Characters/Enemy/UndeadPack/Ghoul/Animations/Ghoul_Attack_Right.uexp" 3395
"D:/Desktop/Jam/game-jam/Content/Characters/Enemy/UndeadPack/Ghoul/Animations/AM_Ghoul_Attack_Right_Montage.uasset" 3396
"D:/Desktop/Jam/game-jam/Content/Characters/Enemy/UndeadPack/Ghoul/Animations/AM_Ghoul_Attack_Right_Montage.uexp" 3397
"D:/Desktop/Jam/game-jam/Content/Characters/Enemy/UndeadPack/Ghoul/Animations/Anim_Walk.uasset" 3398
"D:/Desktop/Jam/game-jam/Content/Characters/Enemy/UndeadPack/Ghoul/Animations/Anim_Walk.uexp" 3399
"D:/Desktop/Jam/game-jam/Content/Characters/Enemy/UndeadPack/Ghoul/BS_1D_Ghoul.uasset" 3400
"D:/Desktop/Jam/game-jam/Content/Characters/Enemy/UndeadPack/Ghoul/BS_1D_Ghoul.uexp" 3401
"D:/Desktop/Jam/game-jam/Content/Characters/Enemy/UndeadPack/Ghoul/ABP_Ghoul.uasset" 3402
"D:/Desktop/Jam/game-jam/Content/Characters/Enemy/UndeadPack/Ghoul/ABP_Ghoul.uexp" 3403
"D:/Desktop/Jam/game-jam/Content/Characters/Enemy/UndeadPack/Ghoul/Animations/Anim_Death.uasset" 3404
"D:/Desktop/Jam/game-jam/Content/Characters/Enemy/UndeadPack/Ghoul/Animations/Anim_Death.uexp" 3405
"D:/Desktop/Jam/game-jam/Content/Characters/Enemy/UndeadPack/Ghoul/Animations/AM_Ghoul_Death_Montage.uasset" 3406
"D:/Desktop/Jam/game-jam/Content/Characters/Enemy/UndeadPack/Ghoul/Animations/AM_Ghoul_Death_Montage.uexp" 3407
"D:/Desktop/Jam/game-jam/Content/Characters/Enemy/UndeadPack/Ghoul/Mesh/SK_Ghoul_PhysicsAsset.uasset" 3408
"D:/Desktop/Jam/game-jam/Content/Characters/Enemy/UndeadPack/Ghoul/Mesh/SK_Ghoul_PhysicsAsset.uexp" 3409
"D:/Desktop/Jam/game-jam/Content/Characters/Enemy/UndeadPack/Ghoul/Textures/T_Ghoul_E.ubulk" 3410
"D:/Desktop/Jam/game-jam/Content/Characters/Enemy/UndeadPack/Ghoul/Textures/T_Ghoul_E.uasset" 3411
"D:/Desktop/Jam/game-jam/Content/Characters/Enemy/UndeadPack/Ghoul/Textures/T_Ghoul_E.uexp" 3412
"D:/Desktop/Jam/game-jam/Content/Characters/Enemy/UndeadPack/Ghoul/Textures/T_Ghoul_N.ubulk" 3413
"D:/Desktop/Jam/game-jam/Content/Characters/Enemy/UndeadPack/Ghoul/Textures/T_Ghoul_N.uasset" 3414
"D:/Desktop/Jam/game-jam/Content/Characters/Enemy/UndeadPack/Ghoul/Textures/T_Ghoul_N.uexp" 3415
"D:/Desktop/Jam/game-jam/Content/Characters/Enemy/UndeadPack/Ghoul/Textures/T_Ghoul_D.ubulk" 3416
"D:/Desktop/Jam/game-jam/Content/Characters/Enemy/UndeadPack/Ghoul/Textures/T_Ghoul_D.uasset" 3417
"D:/Desktop/Jam/game-jam/Content/Characters/Enemy/UndeadPack/Ghoul/Textures/T_Ghoul_D.uexp" 3418
"D:/Desktop/Jam/game-jam/Content/Characters/Enemy/UndeadPack/Ghoul/Textures/T_Ghoul_AORM.ubulk" 3419
"D:/Desktop/Jam/game-jam/Content/Characters/Enemy/UndeadPack/Ghoul/Textures/T_Ghoul_AORM.uasset" 3420
"D:/Desktop/Jam/game-jam/Content/Characters/Enemy/UndeadPack/Ghoul/Textures/T_Ghoul_AORM.uexp" 3421
"D:/Desktop/Jam/game-jam/Content/Characters/Enemy/UndeadPack/Ghoul/Materials/M_Ghoul.uasset" 3422
"D:/Desktop/Jam/game-jam/Content/Characters/Enemy/UndeadPack/Ghoul/Materials/M_Ghoul.uexp" 3423
"D:/Desktop/Jam/game-jam/Content/Characters/Enemy/UndeadPack/Ghoul/Materials/MI_Ghoul.uasset" 3424
"D:/Desktop/Jam/game-jam/Content/Characters/Enemy/UndeadPack/Ghoul/Materials/MI_Ghoul.uexp" 3425
"D:/Desktop/Jam/game-jam/Content/Characters/Enemy/UndeadPack/Ghoul/Mesh/SK_Ghoul.uasset" 3426
"D:/Desktop/Jam/game-jam/Content/Characters/Enemy/UndeadPack/Ghoul/Mesh/SK_Ghoul.uexp" 3427
"D:/Desktop/Jam/game-jam/Content/Characters/Enemy/UndeadPack/Ghoul/Animations/Anim_Hit.uasset" 3428
"D:/Desktop/Jam/game-jam/Content/Characters/Enemy/UndeadPack/Ghoul/Animations/Anim_Hit.uexp" 3429
"D:/Desktop/Jam/game-jam/Content/Characters/Enemy/UndeadPack/Ghoul/Animations/AM_Ghoul_Hit_Montage.uasset" 3430
"D:/Desktop/Jam/game-jam/Content/Characters/Enemy/UndeadPack/Ghoul/Animations/AM_Ghoul_Hit_Montage.uexp" 3431
"D:/Desktop/Jam/game-jam/Content/Characters/Enemy/UndeadPack/Ghoul/BP_Ghoul.uasset" 3432
"D:/Desktop/Jam/game-jam/Content/Characters/Enemy/UndeadPack/Ghoul/BP_Ghoul.uexp" 3433
"D:/Desktop/Jam/game-jam/Content/Fantastic_Dungeon_Pack/meshes/props/traps/SM_PROP_wallbracket_ring_dungeon_01.ubulk" 3434
"D:/Desktop/Jam/game-jam/Content/Fantastic_Dungeon_Pack/meshes/props/traps/SM_PROP_wallbracket_ring_dungeon_01.uasset" 3435
"D:/Desktop/Jam/game-jam/Content/Fantastic_Dungeon_Pack/meshes/props/traps/SM_PROP_wallbracket_ring_dungeon_01.uexp" 3436
"D:/Desktop/Jam/game-jam/Content/Fantastic_Dungeon_Pack/meshes/props/traps/SM_PROP_handcuff_dungeon.ubulk" 3437
"D:/Desktop/Jam/game-jam/Content/Fantastic_Dungeon_Pack/meshes/props/traps/SM_PROP_handcuff_dungeon.uasset" 3438
"D:/Desktop/Jam/game-jam/Content/Fantastic_Dungeon_Pack/meshes/props/traps/SM_PROP_handcuff_dungeon.uexp" 3439
"D:/Desktop/Jam/game-jam/Content/Fantastic_Dungeon_Pack/textures/T_PROP_skeleton_dungeon_BC.ubulk" 3440
"D:/Desktop/Jam/game-jam/Content/Fantastic_Dungeon_Pack/textures/T_PROP_skeleton_dungeon_BC.uasset" 3441
"D:/Desktop/Jam/game-jam/Content/Fantastic_Dungeon_Pack/textures/T_PROP_skeleton_dungeon_BC.uexp" 3442
"D:/Desktop/Jam/game-jam/Content/Fantastic_Dungeon_Pack/materials/MI_PROP_skeleton_dungeon.uasset" 3443
"D:/Desktop/Jam/game-jam/Content/Fantastic_Dungeon_Pack/materials/MI_PROP_skeleton_dungeon.uexp" 3444
"D:/Desktop/Jam/game-jam/Content/Fantastic_Dungeon_Pack/meshes/props/environment/SM_PROP_skeleton_bone_dungeon_02.ubulk" 3445
"D:/Desktop/Jam/game-jam/Content/Fantastic_Dungeon_Pack/meshes/props/environment/SM_PROP_skeleton_bone_dungeon_02.uasset" 3446
"D:/Desktop/Jam/game-jam/Content/Fantastic_Dungeon_Pack/meshes/props/environment/SM_PROP_skeleton_bone_dungeon_02.uexp" 3447
"D:/Desktop/Jam/game-jam/Content/Fantastic_Dungeon_Pack/meshes/props/environment/SM_PROP_skeleton_bone_dungeon_01.ubulk" 3448
"D:/Desktop/Jam/game-jam/Content/Fantastic_Dungeon_Pack/meshes/props/environment/SM_PROP_skeleton_bone_dungeon_01.uasset" 3449
"D:/Desktop/Jam/game-jam/Content/Fantastic_Dungeon_Pack/meshes/props/environment/SM_PROP_skeleton_bone_dungeon_01.uexp" 3450
"D:/Desktop/Jam/game-jam/Content/Fantastic_Dungeon_Pack/meshes/props/environment/SM_PROP_skeleton_skull_jaw_dungeon.ubulk" 3451
"D:/Desktop/Jam/game-jam/Content/Fantastic_Dungeon_Pack/meshes/props/environment/SM_PROP_skeleton_skull_jaw_dungeon.uasset" 3452
"D:/Desktop/Jam/game-jam/Content/Fantastic_Dungeon_Pack/meshes/props/environment/SM_PROP_skeleton_skull_jaw_dungeon.uexp" 3453
"D:/Desktop/Jam/game-jam/Content/Fantastic_Dungeon_Pack/meshes/props/environment/SM_PROP_skeleton_ribs_dungeon_01.ubulk" 3454
"D:/Desktop/Jam/game-jam/Content/Fantastic_Dungeon_Pack/meshes/props/environment/SM_PROP_skeleton_ribs_dungeon_01.uasset" 3455
"D:/Desktop/Jam/game-jam/Content/Fantastic_Dungeon_Pack/meshes/props/environment/SM_PROP_skeleton_ribs_dungeon_01.uexp" 3456
"D:/Desktop/Jam/game-jam/Content/Fantastic_Dungeon_Pack/meshes/props/traps/SM_PROP_chain_dungeon_01.ubulk" 3457
"D:/Desktop/Jam/game-jam/Content/Fantastic_Dungeon_Pack/meshes/props/traps/SM_PROP_chain_dungeon_01.uasset" 3458
"D:/Desktop/Jam/game-jam/Content/Fantastic_Dungeon_Pack/meshes/props/traps/SM_PROP_chain_dungeon_01.uexp" 3459
"D:/Desktop/Jam/game-jam/Content/Fantastic_Dungeon_Pack/meshes/props/environment/SM_PROP_skeleton_hand_L_dungeon.ubulk" 3460
"D:/Desktop/Jam/game-jam/Content/Fantastic_Dungeon_Pack/meshes/props/environment/SM_PROP_skeleton_hand_L_dungeon.uasset" 3461
"D:/Desktop/Jam/game-jam/Content/Fantastic_Dungeon_Pack/meshes/props/environment/SM_PROP_skeleton_hand_L_dungeon.uexp" 3462
"D:/Desktop/Jam/game-jam/Content/Fantastic_Dungeon_Pack/meshes/props/environment/SM_PROP_skeleton_skull_dungeon.ubulk" 3463
"D:/Desktop/Jam/game-jam/Content/Fantastic_Dungeon_Pack/meshes/props/environment/SM_PROP_skeleton_skull_dungeon.uasset" 3464
"D:/Desktop/Jam/game-jam/Content/Fantastic_Dungeon_Pack/meshes/props/environment/SM_PROP_skeleton_skull_dungeon.uexp" 3465
"D:/Desktop/Jam/game-jam/Content/Fantastic_Dungeon_Pack/meshes/props/traps/SM_PROP_wallbracket_dungeon_01.ubulk" 3466
"D:/Desktop/Jam/game-jam/Content/Fantastic_Dungeon_Pack/meshes/props/traps/SM_PROP_wallbracket_dungeon_01.uasset" 3467
"D:/Desktop/Jam/game-jam/Content/Fantastic_Dungeon_Pack/meshes/props/traps/SM_PROP_wallbracket_dungeon_01.uexp" 3468
"D:/Desktop/Jam/game-jam/Content/Fantastic_Dungeon_Pack/blueprints/props/BP_PROP_handcuff_skeleton_dungeon_01.uasset" 3469
"D:/Desktop/Jam/game-jam/Content/Fantastic_Dungeon_Pack/blueprints/props/BP_PROP_handcuff_skeleton_dungeon_01.uexp" 3470
"D:/Desktop/Jam/game-jam/Content/Fantastic_Dungeon_Pack/meshes/modular/stairs/wall/MOD_Stairs_01_WallCover_3.ubulk" 3471
"D:/Desktop/Jam/game-jam/Content/Fantastic_Dungeon_Pack/meshes/modular/stairs/wall/MOD_Stairs_01_WallCover_3.uasset" 3472
"D:/Desktop/Jam/game-jam/Content/Fantastic_Dungeon_Pack/meshes/modular/stairs/wall/MOD_Stairs_01_WallCover_3.uexp" 3473
"D:/Desktop/Jam/game-jam/Content/Fantastic_Dungeon_Pack/meshes/props/small_deco/SM_PROP_book_dungeon_03.ubulk" 3474
"D:/Desktop/Jam/game-jam/Content/Fantastic_Dungeon_Pack/meshes/props/small_deco/SM_PROP_book_dungeon_03.uasset" 3475
"D:/Desktop/Jam/game-jam/Content/Fantastic_Dungeon_Pack/meshes/props/small_deco/SM_PROP_book_dungeon_03.uexp" 3476
"D:/Desktop/Jam/game-jam/Content/Fantastic_Dungeon_Pack/meshes/props/small_deco/SM_PROP_book_dungeon_08.ubulk" 3477
"D:/Desktop/Jam/game-jam/Content/Fantastic_Dungeon_Pack/meshes/props/small_deco/SM_PROP_book_dungeon_08.uasset" 3478
"D:/Desktop/Jam/game-jam/Content/Fantastic_Dungeon_Pack/meshes/props/small_deco/SM_PROP_book_dungeon_08.uexp" 3479
"D:/Desktop/Jam/game-jam/Content/Fantastic_Dungeon_Pack/meshes/props/small_deco/SM_PROP_book_dungeon_07.ubulk" 3480
"D:/Desktop/Jam/game-jam/Content/Fantastic_Dungeon_Pack/meshes/props/small_deco/SM_PROP_book_dungeon_07.uasset" 3481
"D:/Desktop/Jam/game-jam/Content/Fantastic_Dungeon_Pack/meshes/props/small_deco/SM_PROP_book_dungeon_07.uexp" 3482
"D:/Desktop/Jam/game-jam/Content/Fantastic_Dungeon_Pack/meshes/props/small_deco/SM_PROP_book_dungeon_09.ubulk" 3483
"D:/Desktop/Jam/game-jam/Content/Fantastic_Dungeon_Pack/meshes/props/small_deco/SM_PROP_book_dungeon_09.uasset" 3484
"D:/Desktop/Jam/game-jam/Content/Fantastic_Dungeon_Pack/meshes/props/small_deco/SM_PROP_book_dungeon_09.uexp" 3485
"D:/Desktop/Jam/game-jam/Content/Fantastic_Dungeon_Pack/meshes/props/small_deco/SM_PROP_book_dungeon_02.ubulk" 3486
"D:/Desktop/Jam/game-jam/Content/Fantastic_Dungeon_Pack/meshes/props/small_deco/SM_PROP_book_dungeon_02.uasset" 3487
"D:/Desktop/Jam/game-jam/Content/Fantastic_Dungeon_Pack/meshes/props/small_deco/SM_PROP_book_dungeon_02.uexp" 3488
"D:/Desktop/Jam/game-jam/Content/Fantastic_Dungeon_Pack/meshes/props/small_deco/SM_PROP_book_dungeon_01.ubulk" 3489
"D:/Desktop/Jam/game-jam/Content/Fantastic_Dungeon_Pack/meshes/props/small_deco/SM_PROP_book_dungeon_01.uasset" 3490
"D:/Desktop/Jam/game-jam/Content/Fantastic_Dungeon_Pack/meshes/props/small_deco/SM_PROP_book_dungeon_01.uexp" 3491
"D:/Desktop/Jam/game-jam/Content/Fantastic_Dungeon_Pack/blueprints/props/BP_PROP_bookshelf_dungeon_07.uasset" 3492
"D:/Desktop/Jam/game-jam/Content/Fantastic_Dungeon_Pack/blueprints/props/BP_PROP_bookshelf_dungeon_07.uexp" 3493
"D:/Desktop/Jam/game-jam/Content/Fantastic_Dungeon_Pack/meshes/props/container/SM_PROP_barrel_shelf_dungeon_02.ubulk" 3494
"D:/Desktop/Jam/game-jam/Content/Fantastic_Dungeon_Pack/meshes/props/container/SM_PROP_barrel_shelf_dungeon_02.uasset" 3495
"D:/Desktop/Jam/game-jam/Content/Fantastic_Dungeon_Pack/meshes/props/container/SM_PROP_barrel_shelf_dungeon_02.uexp" 3496
"D:/Desktop/Jam/game-jam/Content/Fantastic_Dungeon_Pack/blueprints/props/BP_PROP_barrel_shelf_dungeon.uasset" 3497
"D:/Desktop/Jam/game-jam/Content/Fantastic_Dungeon_Pack/blueprints/props/BP_PROP_barrel_shelf_dungeon.uexp" 3498
"D:/Desktop/Jam/game-jam/Content/Fantastic_Dungeon_Pack/textures/T_PROP_gold_dungeon_coins_MTSM_nometal.ubulk" 3499
"D:/Desktop/Jam/game-jam/Content/Fantastic_Dungeon_Pack/textures/T_PROP_gold_dungeon_coins_MTSM_nometal.uasset" 3500
"D:/Desktop/Jam/game-jam/Content/Fantastic_Dungeon_Pack/textures/T_PROP_gold_dungeon_coins_MTSM_nometal.uexp" 3501
"D:/Desktop/Jam/game-jam/Content/Fantastic_Dungeon_Pack/textures/T_PROP_gold_dungeon_coins_BC.ubulk" 3502
"D:/Desktop/Jam/game-jam/Content/Fantastic_Dungeon_Pack/textures/T_PROP_gold_dungeon_coins_BC.uasset" 3503
"D:/Desktop/Jam/game-jam/Content/Fantastic_Dungeon_Pack/textures/T_PROP_gold_dungeon_coins_BC.uexp" 3504
"D:/Desktop/Jam/game-jam/Content/Fantastic_Dungeon_Pack/textures/T_PROP_gold_dungeon_coins_N.ubulk" 3505
"D:/Desktop/Jam/game-jam/Content/Fantastic_Dungeon_Pack/textures/T_PROP_gold_dungeon_coins_N.uasset" 3506
"D:/Desktop/Jam/game-jam/Content/Fantastic_Dungeon_Pack/textures/T_PROP_gold_dungeon_coins_N.uexp" 3507
"D:/Desktop/Jam/game-jam/Content/Fantastic_Dungeon_Pack/materials/MI_PROP_goldpile_dungeon_coins.uasset" 3508
"D:/Desktop/Jam/game-jam/Content/Fantastic_Dungeon_Pack/materials/MI_PROP_goldpile_dungeon_coins.uexp" 3509
"D:/Desktop/Jam/game-jam/Content/Fantastic_Dungeon_Pack/meshes/props/small_deco/SM_PROP_coin_dungeon_02.ubulk" 3510
"D:/Desktop/Jam/game-jam/Content/Fantastic_Dungeon_Pack/meshes/props/small_deco/SM_PROP_coin_dungeon_02.uasset" 3511
"D:/Desktop/Jam/game-jam/Content/Fantastic_Dungeon_Pack/meshes/props/small_deco/SM_PROP_coin_dungeon_02.uexp" 3512
"D:/Desktop/Jam/game-jam/Content/Fantastic_Dungeon_Pack/meshes/props/environment/SM_PROP_vegetation_grass_dungeon_02.ubulk" 3513
"D:/Desktop/Jam/game-jam/Content/Fantastic_Dungeon_Pack/meshes/props/environment/SM_PROP_vegetation_grass_dungeon_02.uasset" 3514
"D:/Desktop/Jam/game-jam/Content/Fantastic_Dungeon_Pack/meshes/props/environment/SM_PROP_vegetation_grass_dungeon_02.uexp" 3515
"D:/Desktop/Jam/game-jam/Content/Fantastic_Dungeon_Pack/meshes/modular/column/MOD_Column_01_med_2.ubulk" 3516
"D:/Desktop/Jam/game-jam/Content/Fantastic_Dungeon_Pack/meshes/modular/column/MOD_Column_01_med_2.uasset" 3517
"D:/Desktop/Jam/game-jam/Content/Fantastic_Dungeon_Pack/meshes/modular/column/MOD_Column_01_med_2.uexp" 3518
"D:/Desktop/Jam/game-jam/Content/Fantastic_Dungeon_Pack/blueprints/modular/comps/column/BP_COMP_Column_01_med_2.uasset" 3519
"D:/Desktop/Jam/game-jam/Content/Fantastic_Dungeon_Pack/blueprints/modular/comps/column/BP_COMP_Column_01_med_2.uexp" 3520
"D:/Desktop/Jam/game-jam/Content/Fantastic_Dungeon_Pack/meshes/props/construct/SM_PROP_bars_doorway_dungeon_01.ubulk" 3521
"D:/Desktop/Jam/game-jam/Content/Fantastic_Dungeon_Pack/meshes/props/construct/SM_PROP_bars_doorway_dungeon_01.uasset" 3522
"D:/Desktop/Jam/game-jam/Content/Fantastic_Dungeon_Pack/meshes/props/construct/SM_PROP_bars_doorway_dungeon_01.uexp" 3523
"D:/Desktop/Jam/game-jam/Content/Fantastic_Dungeon_Pack/meshes/props/construct/SM_PROP_bars_door_dungeon_01.ubulk" 3524
"D:/Desktop/Jam/game-jam/Content/Fantastic_Dungeon_Pack/meshes/props/construct/SM_PROP_bars_door_dungeon_01.uasset" 3525
"D:/Desktop/Jam/game-jam/Content/Fantastic_Dungeon_Pack/meshes/props/construct/SM_PROP_bars_door_dungeon_01.uexp" 3526
"D:/Desktop/Jam/game-jam/Content/Fantastic_Dungeon_Pack/blueprints/props/BP_PROP_bars_door_dungeon_01.uasset" 3527
"D:/Desktop/Jam/game-jam/Content/Fantastic_Dungeon_Pack/blueprints/props/BP_PROP_bars_door_dungeon_01.uexp" 3528
"D:/Desktop/Jam/game-jam/Content/Fantastic_Dungeon_Pack/meshes/props/small_deco/SM_PROP_goldpile_dungeon_04.ubulk" 3529
"D:/Desktop/Jam/game-jam/Content/Fantastic_Dungeon_Pack/meshes/props/small_deco/SM_PROP_goldpile_dungeon_04.uasset" 3530
"D:/Desktop/Jam/game-jam/Content/Fantastic_Dungeon_Pack/meshes/props/small_deco/SM_PROP_goldpile_dungeon_04.uexp" 3531
"D:/Desktop/Jam/game-jam/Content/Fantastic_Dungeon_Pack/meshes/props/container/SM_PROP_bucket_04_handle.ubulk" 3532
"D:/Desktop/Jam/game-jam/Content/Fantastic_Dungeon_Pack/meshes/props/container/SM_PROP_bucket_04_handle.uasset" 3533
"D:/Desktop/Jam/game-jam/Content/Fantastic_Dungeon_Pack/meshes/props/container/SM_PROP_bucket_04_handle.uexp" 3534
"D:/Desktop/Jam/game-jam/Content/Fantastic_Dungeon_Pack/meshes/props/container/SM_PROP_bucket_dungeon_01.ubulk" 3535
"D:/Desktop/Jam/game-jam/Content/Fantastic_Dungeon_Pack/meshes/props/container/SM_PROP_bucket_dungeon_01.uasset" 3536
"D:/Desktop/Jam/game-jam/Content/Fantastic_Dungeon_Pack/meshes/props/container/SM_PROP_bucket_dungeon_01.uexp" 3537
"D:/Desktop/Jam/game-jam/Content/Fantastic_Dungeon_Pack/blueprints/props/BP_PROP_bucket_dungeon_01.uasset" 3538
"D:/Desktop/Jam/game-jam/Content/Fantastic_Dungeon_Pack/blueprints/props/BP_PROP_bucket_dungeon_01.uexp" 3539
"D:/Desktop/Jam/game-jam/Content/Fantastic_Dungeon_Pack/meshes/props/small_deco/SM_PROP_bottle_dungeon_10.ubulk" 3540
"D:/Desktop/Jam/game-jam/Content/Fantastic_Dungeon_Pack/meshes/props/small_deco/SM_PROP_bottle_dungeon_10.uasset" 3541
"D:/Desktop/Jam/game-jam/Content/Fantastic_Dungeon_Pack/meshes/props/small_deco/SM_PROP_bottle_dungeon_10.uexp" 3542
"D:/Desktop/Jam/game-jam/Content/Fantastic_Dungeon_Pack/meshes/props/small_deco/SM_PROP_bottle_dungeon_11.ubulk" 3543
"D:/Desktop/Jam/game-jam/Content/Fantastic_Dungeon_Pack/meshes/props/small_deco/SM_PROP_bottle_dungeon_11.uasset" 3544
"D:/Desktop/Jam/game-jam/Content/Fantastic_Dungeon_Pack/meshes/props/small_deco/SM_PROP_bottle_dungeon_11.uexp" 3545
"D:/Desktop/Jam/game-jam/Content/Fantastic_Dungeon_Pack/meshes/props/small_deco/SM_PROP_bottle_dungeon_12.ubulk" 3546
"D:/Desktop/Jam/game-jam/Content/Fantastic_Dungeon_Pack/meshes/props/small_deco/SM_PROP_bottle_dungeon_12.uasset" 3547
"D:/Desktop/Jam/game-jam/Content/Fantastic_Dungeon_Pack/meshes/props/small_deco/SM_PROP_bottle_dungeon_12.uexp" 3548
"D:/Desktop/Jam/game-jam/Content/Fantastic_Dungeon_Pack/meshes/props/small_deco/SM_PROP_bottle_dungeon_16.ubulk" 3549
"D:/Desktop/Jam/game-jam/Content/Fantastic_Dungeon_Pack/meshes/props/small_deco/SM_PROP_bottle_dungeon_16.uasset" 3550
"D:/Desktop/Jam/game-jam/Content/Fantastic_Dungeon_Pack/meshes/props/small_deco/SM_PROP_bottle_dungeon_16.uexp" 3551
"D:/Desktop/Jam/game-jam/Content/Fantastic_Dungeon_Pack/meshes/props/small_deco/SM_PROP_bottle_dungeon_18.ubulk" 3552
"D:/Desktop/Jam/game-jam/Content/Fantastic_Dungeon_Pack/meshes/props/small_deco/SM_PROP_bottle_dungeon_18.uasset" 3553
"D:/Desktop/Jam/game-jam/Content/Fantastic_Dungeon_Pack/meshes/props/small_deco/SM_PROP_bottle_dungeon_18.uexp" 3554
"D:/Desktop/Jam/game-jam/Content/Fantastic_Dungeon_Pack/meshes/props/small_deco/SM_PROP_bottle_dungeon_19.ubulk" 3555
"D:/Desktop/Jam/game-jam/Content/Fantastic_Dungeon_Pack/meshes/props/small_deco/SM_PROP_bottle_dungeon_19.uasset" 3556
"D:/Desktop/Jam/game-jam/Content/Fantastic_Dungeon_Pack/meshes/props/small_deco/SM_PROP_bottle_dungeon_19.uexp" 3557
"D:/Desktop/Jam/game-jam/Content/Fantastic_Dungeon_Pack/meshes/props/environment/SM_PROP_vegetation_grass_dungeon_01.ubulk" 3558
"D:/Desktop/Jam/game-jam/Content/Fantastic_Dungeon_Pack/meshes/props/environment/SM_PROP_vegetation_grass_dungeon_01.uasset" 3559
"D:/Desktop/Jam/game-jam/Content/Fantastic_Dungeon_Pack/meshes/props/environment/SM_PROP_vegetation_grass_dungeon_01.uexp" 3560
"D:/Desktop/Jam/game-jam/Content/Fantastic_Dungeon_Pack/meshes/props/container/SM_PROP_box_dungeon_01.ubulk" 3561
"D:/Desktop/Jam/game-jam/Content/Fantastic_Dungeon_Pack/meshes/props/container/SM_PROP_box_dungeon_01.uasset" 3562
"D:/Desktop/Jam/game-jam/Content/Fantastic_Dungeon_Pack/meshes/props/container/SM_PROP_box_dungeon_01.uexp" 3563
"D:/Desktop/Jam/game-jam/Content/Fantastic_Dungeon_Pack/meshes/modular/wall/oneSided/MOD_Wall_01_O_convex_med_2.ubulk" 3564
"D:/Desktop/Jam/game-jam/Content/Fantastic_Dungeon_Pack/meshes/modular/wall/oneSided/MOD_Wall_01_O_convex_med_2.uasset" 3565
"D:/Desktop/Jam/game-jam/Content/Fantastic_Dungeon_Pack/meshes/modular/wall/oneSided/MOD_Wall_01_O_convex_med_2.uexp" 3566
"D:/Desktop/Jam/game-jam/Content/Fantastic_Dungeon_Pack/meshes/props/small_deco/SM_PROP_bottle_dungeon_03.ubulk" 3567
"D:/Desktop/Jam/game-jam/Content/Fantastic_Dungeon_Pack/meshes/props/small_deco/SM_PROP_bottle_dungeon_03.uasset" 3568
"D:/Desktop/Jam/game-jam/Content/Fantastic_Dungeon_Pack/meshes/props/small_deco/SM_PROP_bottle_dungeon_03.uexp" 3569
"D:/Desktop/Jam/game-jam/Content/Fantastic_Dungeon_Pack/meshes/props/tools/SM_PROP_knife_dungeon_01.ubulk" 3570
"D:/Desktop/Jam/game-jam/Content/Fantastic_Dungeon_Pack/meshes/props/tools/SM_PROP_knife_dungeon_01.uasset" 3571
"D:/Desktop/Jam/game-jam/Content/Fantastic_Dungeon_Pack/meshes/props/tools/SM_PROP_knife_dungeon_01.uexp" 3572
"D:/Desktop/Jam/game-jam/Content/Fantastic_Dungeon_Pack/textures/T_PROP_flags_dungeon_BC.ubulk" 3573
"D:/Desktop/Jam/game-jam/Content/Fantastic_Dungeon_Pack/textures/T_PROP_flags_dungeon_BC.uasset" 3574
"D:/Desktop/Jam/game-jam/Content/Fantastic_Dungeon_Pack/textures/T_PROP_flags_dungeon_BC.uexp" 3575
"D:/Desktop/Jam/game-jam/Content/Fantastic_Dungeon_Pack/materials/MI_PROP_flags_dungeon.uasset" 3576
"D:/Desktop/Jam/game-jam/Content/Fantastic_Dungeon_Pack/materials/MI_PROP_flags_dungeon.uexp" 3577
"D:/Desktop/Jam/game-jam/Content/Fantastic_Dungeon_Pack/meshes/props/fabrics/SM_PROP_flag_dungeon_02.ubulk" 3578
"D:/Desktop/Jam/game-jam/Content/Fantastic_Dungeon_Pack/meshes/props/fabrics/SM_PROP_flag_dungeon_02.uasset" 3579
"D:/Desktop/Jam/game-jam/Content/Fantastic_Dungeon_Pack/meshes/props/fabrics/SM_PROP_flag_dungeon_02.uexp" 3580
"D:/Desktop/Jam/game-jam/Content/Fantastic_Dungeon_Pack/textures/T_PROP_chains_dungeon_BC.ubulk" 3581
"D:/Desktop/Jam/game-jam/Content/Fantastic_Dungeon_Pack/textures/T_PROP_chains_dungeon_BC.uasset" 3582
"D:/Desktop/Jam/game-jam/Content/Fantastic_Dungeon_Pack/textures/T_PROP_chains_dungeon_BC.uexp" 3583
"D:/Desktop/Jam/game-jam/Content/Fantastic_Dungeon_Pack/materials/MI_PROP_chains_dungeon.uasset" 3584
"D:/Desktop/Jam/game-jam/Content/Fantastic_Dungeon_Pack/materials/MI_PROP_chains_dungeon.uexp" 3585
"D:/Desktop/Jam/game-jam/Content/Fantastic_Dungeon_Pack/meshes/props/light/SM_PROP_campfire_poles_dungeon.ubulk" 3586
"D:/Desktop/Jam/game-jam/Content/Fantastic_Dungeon_Pack/meshes/props/light/SM_PROP_campfire_poles_dungeon.uasset" 3587
"D:/Desktop/Jam/game-jam/Content/Fantastic_Dungeon_Pack/meshes/props/light/SM_PROP_campfire_poles_dungeon.uexp" 3588
"D:/Desktop/Jam/game-jam/Content/Fantastic_Dungeon_Pack/textures/T_PROP_ember_dungeon_BC.ubulk" 3589
"D:/Desktop/Jam/game-jam/Content/Fantastic_Dungeon_Pack/textures/T_PROP_ember_dungeon_BC.uasset" 3590
"D:/Desktop/Jam/game-jam/Content/Fantastic_Dungeon_Pack/textures/T_PROP_ember_dungeon_BC.uexp" 3591
"D:/Desktop/Jam/game-jam/Content/Fantastic_Dungeon_Pack/textures/T_PROP_ember_dungeon_E.ubulk" 3592
"D:/Desktop/Jam/game-jam/Content/Fantastic_Dungeon_Pack/textures/T_PROP_ember_dungeon_E.uasset" 3593
"D:/Desktop/Jam/game-jam/Content/Fantastic_Dungeon_Pack/textures/T_PROP_ember_dungeon_E.uexp" 3594
"D:/Desktop/Jam/game-jam/Content/Fantastic_Dungeon_Pack/materials/master_materials/M_Master_opaque_emissive_dungeon.uasset" 3595
"D:/Desktop/Jam/game-jam/Content/Fantastic_Dungeon_Pack/materials/master_materials/M_Master_opaque_emissive_dungeon.uexp" 3596
"D:/Desktop/Jam/game-jam/Content/Fantastic_Dungeon_Pack/textures/T_PROP_campfire_dungeon_E.ubulk" 3597
"D:/Desktop/Jam/game-jam/Content/Fantastic_Dungeon_Pack/textures/T_PROP_campfire_dungeon_E.uasset" 3598
"D:/Desktop/Jam/game-jam/Content/Fantastic_Dungeon_Pack/textures/T_PROP_campfire_dungeon_E.uexp" 3599
"D:/Desktop/Jam/game-jam/Content/Fantastic_Dungeon_Pack/textures/T_PROP_campfire_dungeon_BC.ubulk" 3600
"D:/Desktop/Jam/game-jam/Content/Fantastic_Dungeon_Pack/textures/T_PROP_campfire_dungeon_BC.uasset" 3601
"D:/Desktop/Jam/game-jam/Content/Fantastic_Dungeon_Pack/textures/T_PROP_campfire_dungeon_BC.uexp" 3602
"D:/Desktop/Jam/game-jam/Content/Fantastic_Dungeon_Pack/materials/MI_PROP_campfire_dungeon.uasset" 3603
"D:/Desktop/Jam/game-jam/Content/Fantastic_Dungeon_Pack/materials/MI_PROP_campfire_dungeon.uexp" 3604
"D:/Desktop/Jam/game-jam/Content/Fantastic_Dungeon_Pack/meshes/props/light/SM_PROP_campfire_dungeon_01.ubulk" 3605
"D:/Desktop/Jam/game-jam/Content/Fantastic_Dungeon_Pack/meshes/props/light/SM_PROP_campfire_dungeon_01.uasset" 3606
"D:/Desktop/Jam/game-jam/Content/Fantastic_Dungeon_Pack/meshes/props/light/SM_PROP_campfire_dungeon_01.uexp" 3607
"D:/Desktop/Jam/game-jam/Content/Fantastic_Dungeon_Pack/meshes/props/light/SM_PROP_fireplace_hook_dungeon_02.ubulk" 3608
"D:/Desktop/Jam/game-jam/Content/Fantastic_Dungeon_Pack/meshes/props/light/SM_PROP_fireplace_hook_dungeon_02.uasset" 3609
"D:/Desktop/Jam/game-jam/Content/Fantastic_Dungeon_Pack/meshes/props/light/SM_PROP_fireplace_hook_dungeon_02.uexp" 3610
"D:/Desktop/Jam/game-jam/Content/Fantastic_Dungeon_Pack/blueprints/props/BP_PROP_campfire_dungeon_01.uasset" 3611
"D:/Desktop/Jam/game-jam/Content/Fantastic_Dungeon_Pack/blueprints/props/BP_PROP_campfire_dungeon_01.uexp" 3612
"D:/Desktop/Jam/game-jam/Content/Fantastic_Dungeon_Pack/meshes/props/container/SM_PROP_barrel_shelf_dungeon_01.ubulk" 3613
"D:/Desktop/Jam/game-jam/Content/Fantastic_Dungeon_Pack/meshes/props/container/SM_PROP_barrel_shelf_dungeon_01.uasset" 3614
"D:/Desktop/Jam/game-jam/Content/Fantastic_Dungeon_Pack/meshes/props/container/SM_PROP_barrel_shelf_dungeon_01.uexp" 3615
"D:/Desktop/Jam/game-jam/Content/Fantastic_Dungeon_Pack/meshes/modular/stairs/stairs/MOD_Stairs_01_E_concave_5.ubulk" 3616
"D:/Desktop/Jam/game-jam/Content/Fantastic_Dungeon_Pack/meshes/modular/stairs/stairs/MOD_Stairs_01_E_concave_5.uasset" 3617
"D:/Desktop/Jam/game-jam/Content/Fantastic_Dungeon_Pack/meshes/modular/stairs/stairs/MOD_Stairs_01_E_concave_5.uexp" 3618
"D:/Desktop/Jam/game-jam/Content/Fantastic_Dungeon_Pack/meshes/props/environment/SM_PROP_skeleton_bonepile_dungeon_01.ubulk" 3619
"D:/Desktop/Jam/game-jam/Content/Fantastic_Dungeon_Pack/meshes/props/environment/SM_PROP_skeleton_bonepile_dungeon_01.uasset" 3620
"D:/Desktop/Jam/game-jam/Content/Fantastic_Dungeon_Pack/meshes/props/environment/SM_PROP_skeleton_bonepile_dungeon_01.uexp" 3621
"D:/Desktop/Jam/game-jam/Content/Fantastic_Dungeon_Pack/meshes/props/fabrics/SM_PROP_flag_dungeon_04.ubulk" 3622
"D:/Desktop/Jam/game-jam/Content/Fantastic_Dungeon_Pack/meshes/props/fabrics/SM_PROP_flag_dungeon_04.uasset" 3623
"D:/Desktop/Jam/game-jam/Content/Fantastic_Dungeon_Pack/meshes/props/fabrics/SM_PROP_flag_dungeon_04.uexp" 3624
"D:/Desktop/Jam/game-jam/Content/Fantastic_Dungeon_Pack/meshes/modular/floor/oneSided/MOD_Floor_01_O_angle_med.ubulk" 3625
"D:/Desktop/Jam/game-jam/Content/Fantastic_Dungeon_Pack/meshes/modular/floor/oneSided/MOD_Floor_01_O_angle_med.uasset" 3626
"D:/Desktop/Jam/game-jam/Content/Fantastic_Dungeon_Pack/meshes/modular/floor/oneSided/MOD_Floor_01_O_angle_med.uexp" 3627
"D:/Desktop/Jam/game-jam/Content/Fantastic_Dungeon_Pack/meshes/modular/stairs/stairs/MOD_Stairs_01_E_angle_concave_3.ubulk" 3628
"D:/Desktop/Jam/game-jam/Content/Fantastic_Dungeon_Pack/meshes/modular/stairs/stairs/MOD_Stairs_01_E_angle_concave_3.uasset" 3629
"D:/Desktop/Jam/game-jam/Content/Fantastic_Dungeon_Pack/meshes/modular/stairs/stairs/MOD_Stairs_01_E_angle_concave_3.uexp" 3630
"D:/Desktop/Jam/game-jam/Content/Fantastic_Dungeon_Pack/meshes/modular/floor/oneSided/MOD_Floor_01_O_straight_med.ubulk" 3631
"D:/Desktop/Jam/game-jam/Content/Fantastic_Dungeon_Pack/meshes/modular/floor/oneSided/MOD_Floor_01_O_straight_med.uasset" 3632
"D:/Desktop/Jam/game-jam/Content/Fantastic_Dungeon_Pack/meshes/modular/floor/oneSided/MOD_Floor_01_O_straight_med.uexp" 3633
"D:/Desktop/Jam/game-jam/Content/Fantastic_Dungeon_Pack/blueprints/modular/level_modules/01/OneSided/stairs/angle/BP_LVL_01_O_stairs_angle_HOLE_3.uasset" 3634
"D:/Desktop/Jam/game-jam/Content/Fantastic_Dungeon_Pack/blueprints/modular/level_modules/01/OneSided/stairs/angle/BP_LVL_01_O_stairs_angle_HOLE_3.uexp" 3635
"D:/Desktop/Jam/game-jam/Content/Fantastic_Dungeon_Pack/meshes/props/tools/SM_PROP_weapon_shield_dungeon_02.ubulk" 3636
"D:/Desktop/Jam/game-jam/Content/Fantastic_Dungeon_Pack/meshes/props/tools/SM_PROP_weapon_shield_dungeon_02.uasset" 3637
"D:/Desktop/Jam/game-jam/Content/Fantastic_Dungeon_Pack/meshes/props/tools/SM_PROP_weapon_shield_dungeon_02.uexp" 3638
"D:/Desktop/Jam/game-jam/Content/Fantastic_Dungeon_Pack/meshes/modular/base/MOD_Base_01_straight_small.ubulk" 3639
"D:/Desktop/Jam/game-jam/Content/Fantastic_Dungeon_Pack/meshes/modular/base/MOD_Base_01_straight_small.uasset" 3640
"D:/Desktop/Jam/game-jam/Content/Fantastic_Dungeon_Pack/meshes/modular/base/MOD_Base_01_straight_small.uexp" 3641
"D:/Desktop/Jam/game-jam/Content/Fantastic_Dungeon_Pack/meshes/props/container/SM_PROP_sack_dungeon_02.ubulk" 3642
"D:/Desktop/Jam/game-jam/Content/Fantastic_Dungeon_Pack/meshes/props/container/SM_PROP_sack_dungeon_02.uasset" 3643
"D:/Desktop/Jam/game-jam/Content/Fantastic_Dungeon_Pack/meshes/props/container/SM_PROP_sack_dungeon_02.uexp" 3644
"D:/Desktop/Jam/game-jam/Content/Fantastic_Dungeon_Pack/meshes/props/light/SM_PROP_candle_dungeon_07.ubulk" 3645
"D:/Desktop/Jam/game-jam/Content/Fantastic_Dungeon_Pack/meshes/props/light/SM_PROP_candle_dungeon_07.uasset" 3646
"D:/Desktop/Jam/game-jam/Content/Fantastic_Dungeon_Pack/meshes/props/light/SM_PROP_candle_dungeon_07.uexp" 3647
"D:/Desktop/Jam/game-jam/Content/Fantastic_Dungeon_Pack/meshes/props/light/SM_PROP_candle_dungeon_03.ubulk" 3648
"D:/Desktop/Jam/game-jam/Content/Fantastic_Dungeon_Pack/meshes/props/light/SM_PROP_candle_dungeon_03.uasset" 3649
"D:/Desktop/Jam/game-jam/Content/Fantastic_Dungeon_Pack/meshes/props/light/SM_PROP_candle_dungeon_03.uexp" 3650
"D:/Desktop/Jam/game-jam/Content/Fantastic_Dungeon_Pack/meshes/props/construct/SM_PROP_woodbridge_dungeon_03.ubulk" 3651
"D:/Desktop/Jam/game-jam/Content/Fantastic_Dungeon_Pack/meshes/props/construct/SM_PROP_woodbridge_dungeon_03.uasset" 3652
"D:/Desktop/Jam/game-jam/Content/Fantastic_Dungeon_Pack/meshes/props/construct/SM_PROP_woodbridge_dungeon_03.uexp" 3653
"D:/Desktop/Jam/game-jam/Content/Fantastic_Dungeon_Pack/textures/T_PROP_spiderweb_dungeon_BC.ubulk" 3654
"D:/Desktop/Jam/game-jam/Content/Fantastic_Dungeon_Pack/textures/T_PROP_spiderweb_dungeon_BC.uasset" 3655
"D:/Desktop/Jam/game-jam/Content/Fantastic_Dungeon_Pack/textures/T_PROP_spiderweb_dungeon_BC.uexp" 3656
"D:/Desktop/Jam/game-jam/Content/Fantastic_Dungeon_Pack/materials/MI_PROP_spiderweb_dungeon.uasset" 3657
"D:/Desktop/Jam/game-jam/Content/Fantastic_Dungeon_Pack/materials/MI_PROP_spiderweb_dungeon.uexp" 3658
"D:/Desktop/Jam/game-jam/Content/Fantastic_Dungeon_Pack/meshes/props/environment/SM_PROP_spiderweb_dungeon_02.ubulk" 3659
"D:/Desktop/Jam/game-jam/Content/Fantastic_Dungeon_Pack/meshes/props/environment/SM_PROP_spiderweb_dungeon_02.uasset" 3660
"D:/Desktop/Jam/game-jam/Content/Fantastic_Dungeon_Pack/meshes/props/environment/SM_PROP_spiderweb_dungeon_02.uexp" 3661
"D:/Desktop/Jam/game-jam/Content/Fantastic_Dungeon_Pack/blueprints/props/BP_PROP_chain_dungeon_03.uasset" 3662
"D:/Desktop/Jam/game-jam/Content/Fantastic_Dungeon_Pack/blueprints/props/BP_PROP_chain_dungeon_03.uexp" 3663
"D:/Desktop/Jam/game-jam/Content/Fantastic_Dungeon_Pack/meshes/props/fabrics/SM_PROP_flag_dungeon_01.ubulk" 3664
"D:/Desktop/Jam/game-jam/Content/Fantastic_Dungeon_Pack/meshes/props/fabrics/SM_PROP_flag_dungeon_01.uasset" 3665
"D:/Desktop/Jam/game-jam/Content/Fantastic_Dungeon_Pack/meshes/props/fabrics/SM_PROP_flag_dungeon_01.uexp" 3666
"D:/Desktop/Jam/game-jam/Content/Fantastic_Dungeon_Pack/meshes/props/furniture/SM_PROP_altar_dungeon_01.ubulk" 3667
"D:/Desktop/Jam/game-jam/Content/Fantastic_Dungeon_Pack/meshes/props/furniture/SM_PROP_altar_dungeon_01.uasset" 3668
"D:/Desktop/Jam/game-jam/Content/Fantastic_Dungeon_Pack/meshes/props/furniture/SM_PROP_altar_dungeon_01.uexp" 3669
"D:/Desktop/Jam/game-jam/Content/Fantastic_Dungeon_Pack/meshes/props/fabrics/SM_PROP_altar_cloth_dungeon_01.ubulk" 3670
"D:/Desktop/Jam/game-jam/Content/Fantastic_Dungeon_Pack/meshes/props/fabrics/SM_PROP_altar_cloth_dungeon_01.uasset" 3671
"D:/Desktop/Jam/game-jam/Content/Fantastic_Dungeon_Pack/meshes/props/fabrics/SM_PROP_altar_cloth_dungeon_01.uexp" 3672
"D:/Desktop/Jam/game-jam/Content/Fantastic_Dungeon_Pack/blueprints/props/BP_PROP_altar_dungeon_01.uasset" 3673
"D:/Desktop/Jam/game-jam/Content/Fantastic_Dungeon_Pack/blueprints/props/BP_PROP_altar_dungeon_01.uexp" 3674
"D:/Desktop/Jam/game-jam/Content/Fantastic_Dungeon_Pack/meshes/modular/wall/oneSided/MOD_Wall_01_O_straight_small.ubulk" 3675
"D:/Desktop/Jam/game-jam/Content/Fantastic_Dungeon_Pack/meshes/modular/wall/oneSided/MOD_Wall_01_O_straight_small.uasset" 3676
"D:/Desktop/Jam/game-jam/Content/Fantastic_Dungeon_Pack/meshes/modular/wall/oneSided/MOD_Wall_01_O_straight_small.uexp" 3677
"D:/Desktop/Jam/game-jam/Content/Fantastic_Dungeon_Pack/meshes/props/environment/SM_PROP_spiderweb_dungeon_04.ubulk" 3678
"D:/Desktop/Jam/game-jam/Content/Fantastic_Dungeon_Pack/meshes/props/environment/SM_PROP_spiderweb_dungeon_04.uasset" 3679
"D:/Desktop/Jam/game-jam/Content/Fantastic_Dungeon_Pack/meshes/props/environment/SM_PROP_spiderweb_dungeon_04.uexp" 3680
"D:/Desktop/Jam/game-jam/Content/Fantastic_Dungeon_Pack/meshes/props/fabrics/SM_PROP_flag_dungeon_03.ubulk" 3681
"D:/Desktop/Jam/game-jam/Content/Fantastic_Dungeon_Pack/meshes/props/fabrics/SM_PROP_flag_dungeon_03.uasset" 3682
"D:/Desktop/Jam/game-jam/Content/Fantastic_Dungeon_Pack/meshes/props/fabrics/SM_PROP_flag_dungeon_03.uexp" 3683
"D:/Desktop/Jam/game-jam/Content/Fantastic_Dungeon_Pack/meshes/props/furniture/SM_PROP_table_dungeon_02.ubulk" 3684
"D:/Desktop/Jam/game-jam/Content/Fantastic_Dungeon_Pack/meshes/props/furniture/SM_PROP_table_dungeon_02.uasset" 3685
"D:/Desktop/Jam/game-jam/Content/Fantastic_Dungeon_Pack/meshes/props/furniture/SM_PROP_table_dungeon_02.uexp" 3686
"D:/Desktop/Jam/game-jam/Content/Fantastic_Dungeon_Pack/meshes/modular/stairs/wall/MOD_Stairs_01_med_NW_wall.ubulk" 3687
"D:/Desktop/Jam/game-jam/Content/Fantastic_Dungeon_Pack/meshes/modular/stairs/wall/MOD_Stairs_01_med_NW_wall.uasset" 3688
"D:/Desktop/Jam/game-jam/Content/Fantastic_Dungeon_Pack/meshes/modular/stairs/wall/MOD_Stairs_01_med_NW_wall.uexp" 3689
"D:/Desktop/Jam/game-jam/Content/Fantastic_Dungeon_Pack/meshes/modular/trim/wallTrim/pivotMiddle/MOD_WallTrim_01_M_straight_half_R.ubulk" 3690
"D:/Desktop/Jam/game-jam/Content/Fantastic_Dungeon_Pack/meshes/modular/trim/wallTrim/pivotMiddle/MOD_WallTrim_01_M_straight_half_R.uasset" 3691
"D:/Desktop/Jam/game-jam/Content/Fantastic_Dungeon_Pack/meshes/modular/trim/wallTrim/pivotMiddle/MOD_WallTrim_01_M_straight_half_R.uexp" 3692
"D:/Desktop/Jam/game-jam/Content/Fantastic_Dungeon_Pack/meshes/modular/wall/pivotMiddle/MOD_Wall_01_M_straight_med_half_R.ubulk" 3693
"D:/Desktop/Jam/game-jam/Content/Fantastic_Dungeon_Pack/meshes/modular/wall/pivotMiddle/MOD_Wall_01_M_straight_med_half_R.uasset" 3694
"D:/Desktop/Jam/game-jam/Content/Fantastic_Dungeon_Pack/meshes/modular/wall/pivotMiddle/MOD_Wall_01_M_straight_med_half_R.uexp" 3695
"D:/Desktop/Jam/game-jam/Content/Fantastic_Dungeon_Pack/blueprints/modular/comps/wall/PivotMiddle/BP_COMP_Wall_01_M_straight_med_half_R.uasset" 3696
"D:/Desktop/Jam/game-jam/Content/Fantastic_Dungeon_Pack/blueprints/modular/comps/wall/PivotMiddle/BP_COMP_Wall_01_M_straight_med_half_R.uexp" 3697
"D:/Desktop/Jam/game-jam/Content/Fantastic_Dungeon_Pack/blueprints/props/BP_PROP_chest_dungeon_01.uasset" 3698
"D:/Desktop/Jam/game-jam/Content/Fantastic_Dungeon_Pack/blueprints/props/BP_PROP_chest_dungeon_01.uexp" 3699
"D:/Desktop/Jam/game-jam/Content/Fantastic_Dungeon_Pack/meshes/props/tools/SM_PROP_weapon_bow_dungeon.ubulk" 3700
"D:/Desktop/Jam/game-jam/Content/Fantastic_Dungeon_Pack/meshes/props/tools/SM_PROP_weapon_bow_dungeon.uasset" 3701
"D:/Desktop/Jam/game-jam/Content/Fantastic_Dungeon_Pack/meshes/props/tools/SM_PROP_weapon_bow_dungeon.uexp" 3702
"D:/Desktop/Jam/game-jam/Content/Fantastic_Dungeon_Pack/meshes/props/construct/SM_PROP_waterwheel_dungeon_01.ubulk" 3703
"D:/Desktop/Jam/game-jam/Content/Fantastic_Dungeon_Pack/meshes/props/construct/SM_PROP_waterwheel_dungeon_01.uasset" 3704
"D:/Desktop/Jam/game-jam/Content/Fantastic_Dungeon_Pack/meshes/props/construct/SM_PROP_waterwheel_dungeon_01.uexp" 3705
"D:/Desktop/Jam/game-jam/Content/Fantastic_Dungeon_Pack/meshes/props/furniture/SM_PROP_chair_02_dungeon.ubulk" 3706
"D:/Desktop/Jam/game-jam/Content/Fantastic_Dungeon_Pack/meshes/props/furniture/SM_PROP_chair_02_dungeon.uasset" 3707
"D:/Desktop/Jam/game-jam/Content/Fantastic_Dungeon_Pack/meshes/props/furniture/SM_PROP_chair_02_dungeon.uexp" 3708
"D:/Desktop/Jam/game-jam/Content/Fantastic_Dungeon_Pack/meshes/modular/floor/oneSided/MOD_Floor_01_O_convex_med_2_half.ubulk" 3709
"D:/Desktop/Jam/game-jam/Content/Fantastic_Dungeon_Pack/meshes/modular/floor/oneSided/MOD_Floor_01_O_convex_med_2_half.uasset" 3710
"D:/Desktop/Jam/game-jam/Content/Fantastic_Dungeon_Pack/meshes/modular/floor/oneSided/MOD_Floor_01_O_convex_med_2_half.uexp" 3711
"D:/Desktop/Jam/game-jam/Content/Fantastic_Dungeon_Pack/blueprints/modular/level_modules/01/OneSided/stairs/convex/BP_LVL_01_O_stairs_convex_HOLE_5_2_half.uasset" 3712
"D:/Desktop/Jam/game-jam/Content/Fantastic_Dungeon_Pack/blueprints/modular/level_modules/01/OneSided/stairs/convex/BP_LVL_01_O_stairs_convex_HOLE_5_2_half.uexp" 3713
"D:/Desktop/Jam/game-jam/Content/Fantastic_Dungeon_Pack/meshes/modular/wall/oneSided/MOD_Wall_01_O_concave_small_2.ubulk" 3714
"D:/Desktop/Jam/game-jam/Content/Fantastic_Dungeon_Pack/meshes/modular/wall/oneSided/MOD_Wall_01_O_concave_small_2.uasset" 3715
"D:/Desktop/Jam/game-jam/Content/Fantastic_Dungeon_Pack/meshes/modular/wall/oneSided/MOD_Wall_01_O_concave_small_2.uexp" 3716
"D:/Desktop/Jam/game-jam/Content/Fantastic_Dungeon_Pack/meshes/props/small_deco/SM_PROP_goldpile_dungeon_02.ubulk" 3717
"D:/Desktop/Jam/game-jam/Content/Fantastic_Dungeon_Pack/meshes/props/small_deco/SM_PROP_goldpile_dungeon_02.uasset" 3718
"D:/Desktop/Jam/game-jam/Content/Fantastic_Dungeon_Pack/meshes/props/small_deco/SM_PROP_goldpile_dungeon_02.uexp" 3719
"D:/Desktop/Jam/game-jam/Content/Fantastic_Dungeon_Pack/meshes/modular/wall/oneSided/MOD_Wall_01_O_straight_med.ubulk" 3720
"D:/Desktop/Jam/game-jam/Content/Fantastic_Dungeon_Pack/meshes/modular/wall/oneSided/MOD_Wall_01_O_straight_med.uasset" 3721
"D:/Desktop/Jam/game-jam/Content/Fantastic_Dungeon_Pack/meshes/modular/wall/oneSided/MOD_Wall_01_O_straight_med.uexp" 3722
"D:/Desktop/Jam/game-jam/Content/Fantastic_Dungeon_Pack/meshes/props/traps/SM_PROP_trap_arrow_dungeon_02.ubulk" 3723
"D:/Desktop/Jam/game-jam/Content/Fantastic_Dungeon_Pack/meshes/props/traps/SM_PROP_trap_arrow_dungeon_02.uasset" 3724
"D:/Desktop/Jam/game-jam/Content/Fantastic_Dungeon_Pack/meshes/props/traps/SM_PROP_trap_arrow_dungeon_02.uexp" 3725
"D:/Desktop/Jam/game-jam/Content/Fantastic_Dungeon_Pack/meshes/props/traps/SM_PROP_trap_arrow_part_dungeon_01.ubulk" 3726
"D:/Desktop/Jam/game-jam/Content/Fantastic_Dungeon_Pack/meshes/props/traps/SM_PROP_trap_arrow_part_dungeon_01.uasset" 3727
"D:/Desktop/Jam/game-jam/Content/Fantastic_Dungeon_Pack/meshes/props/traps/SM_PROP_trap_arrow_part_dungeon_01.uexp" 3728
"D:/Desktop/Jam/game-jam/Content/Fantastic_Dungeon_Pack/meshes/props/traps/SM_PROP_trap_arrow_dungeon_03.ubulk" 3729
"D:/Desktop/Jam/game-jam/Content/Fantastic_Dungeon_Pack/meshes/props/traps/SM_PROP_trap_arrow_dungeon_03.uasset" 3730
"D:/Desktop/Jam/game-jam/Content/Fantastic_Dungeon_Pack/meshes/props/traps/SM_PROP_trap_arrow_dungeon_03.uexp" 3731
"D:/Desktop/Jam/game-jam/Content/Fantastic_Dungeon_Pack/blueprints/props/BP_PROP_trap_wall_dungeon_01.uasset" 3732
"D:/Desktop/Jam/game-jam/Content/Fantastic_Dungeon_Pack/blueprints/props/BP_PROP_trap_wall_dungeon_01.uexp" 3733
"D:/Desktop/Jam/game-jam/Content/Fantastic_Dungeon_Pack/meshes/props/container/SM_PROP_plate_dungeon_05.ubulk" 3734
"D:/Desktop/Jam/game-jam/Content/Fantastic_Dungeon_Pack/meshes/props/container/SM_PROP_plate_dungeon_05.uasset" 3735
"D:/Desktop/Jam/game-jam/Content/Fantastic_Dungeon_Pack/meshes/props/container/SM_PROP_plate_dungeon_05.uexp" 3736
"D:/Desktop/Jam/game-jam/Content/Fantastic_Dungeon_Pack/meshes/props/container/SM_PROP_pot_dungeon_02.ubulk" 3737
"D:/Desktop/Jam/game-jam/Content/Fantastic_Dungeon_Pack/meshes/props/container/SM_PROP_pot_dungeon_02.uasset" 3738
"D:/Desktop/Jam/game-jam/Content/Fantastic_Dungeon_Pack/meshes/props/container/SM_PROP_pot_dungeon_02.uexp" 3739
"D:/Desktop/Jam/game-jam/Content/Fantastic_Dungeon_Pack/meshes/props/small_deco/SM_PROP_book_dungeon_04.ubulk" 3740
"D:/Desktop/Jam/game-jam/Content/Fantastic_Dungeon_Pack/meshes/props/small_deco/SM_PROP_book_dungeon_04.uasset" 3741
"D:/Desktop/Jam/game-jam/Content/Fantastic_Dungeon_Pack/meshes/props/small_deco/SM_PROP_book_dungeon_04.uexp" 3742
"D:/Desktop/Jam/game-jam/Content/Fantastic_Dungeon_Pack/meshes/props/furniture/SM_PROP_wallshelf_dungeon_01.ubulk" 3743
"D:/Desktop/Jam/game-jam/Content/Fantastic_Dungeon_Pack/meshes/props/furniture/SM_PROP_wallshelf_dungeon_01.uasset" 3744
"D:/Desktop/Jam/game-jam/Content/Fantastic_Dungeon_Pack/meshes/props/furniture/SM_PROP_wallshelf_dungeon_01.uexp" 3745
"D:/Desktop/Jam/game-jam/Content/Fantastic_Dungeon_Pack/meshes/props/small_deco/SM_PROP_book_dungeon_05.ubulk" 3746
"D:/Desktop/Jam/game-jam/Content/Fantastic_Dungeon_Pack/meshes/props/small_deco/SM_PROP_book_dungeon_05.uasset" 3747
"D:/Desktop/Jam/game-jam/Content/Fantastic_Dungeon_Pack/meshes/props/small_deco/SM_PROP_book_dungeon_05.uexp" 3748
"D:/Desktop/Jam/game-jam/Content/Fantastic_Dungeon_Pack/meshes/props/small_deco/SM_PROP_coin_dungeon_03.ubulk" 3749
"D:/Desktop/Jam/game-jam/Content/Fantastic_Dungeon_Pack/meshes/props/small_deco/SM_PROP_coin_dungeon_03.uasset" 3750
"D:/Desktop/Jam/game-jam/Content/Fantastic_Dungeon_Pack/meshes/props/small_deco/SM_PROP_coin_dungeon_03.uexp" 3751
"D:/Desktop/Jam/game-jam/Content/Fantastic_Dungeon_Pack/meshes/props/small_deco/SM_PROP_bottle_dungeon_04.ubulk" 3752
"D:/Desktop/Jam/game-jam/Content/Fantastic_Dungeon_Pack/meshes/props/small_deco/SM_PROP_bottle_dungeon_04.uasset" 3753
"D:/Desktop/Jam/game-jam/Content/Fantastic_Dungeon_Pack/meshes/props/small_deco/SM_PROP_bottle_dungeon_04.uexp" 3754
"D:/Desktop/Jam/game-jam/Content/Fantastic_Dungeon_Pack/blueprints/props/BP_PROP_wallshelf_dungeon_01.uasset" 3755
"D:/Desktop/Jam/game-jam/Content/Fantastic_Dungeon_Pack/blueprints/props/BP_PROP_wallshelf_dungeon_01.uexp" 3756
"D:/Desktop/Jam/game-jam/Content/Fantastic_Dungeon_Pack/meshes/modular/stairs/railing/MOD_Stairs_01_Railing_3.ubulk" 3757
"D:/Desktop/Jam/game-jam/Content/Fantastic_Dungeon_Pack/meshes/modular/stairs/railing/MOD_Stairs_01_Railing_3.uasset" 3758
"D:/Desktop/Jam/game-jam/Content/Fantastic_Dungeon_Pack/meshes/modular/stairs/railing/MOD_Stairs_01_Railing_3.uexp" 3759
"D:/Desktop/Jam/game-jam/Content/Fantastic_Dungeon_Pack/blueprints/props/BP_PROP_bookshelf_dungeon_05.uasset" 3760
"D:/Desktop/Jam/game-jam/Content/Fantastic_Dungeon_Pack/blueprints/props/BP_PROP_bookshelf_dungeon_05.uexp" 3761
"D:/Desktop/Jam/game-jam/Content/Fantastic_Dungeon_Pack/meshes/props/environment/SM_PROP_skeleton_pelvis_dungeon.ubulk" 3762
"D:/Desktop/Jam/game-jam/Content/Fantastic_Dungeon_Pack/meshes/props/environment/SM_PROP_skeleton_pelvis_dungeon.uasset" 3763
"D:/Desktop/Jam/game-jam/Content/Fantastic_Dungeon_Pack/meshes/props/environment/SM_PROP_skeleton_pelvis_dungeon.uexp" 3764
"D:/Desktop/Jam/game-jam/Content/Fantastic_Dungeon_Pack/meshes/props/environment/SM_PROP_skeleton_foot_L_dungeon.ubulk" 3765
"D:/Desktop/Jam/game-jam/Content/Fantastic_Dungeon_Pack/meshes/props/environment/SM_PROP_skeleton_foot_L_dungeon.uasset" 3766
"D:/Desktop/Jam/game-jam/Content/Fantastic_Dungeon_Pack/meshes/props/environment/SM_PROP_skeleton_foot_L_dungeon.uexp" 3767
"D:/Desktop/Jam/game-jam/Content/Fantastic_Dungeon_Pack/meshes/props/environment/SM_PROP_skeleton_foot_R_dungeon.ubulk" 3768
"D:/Desktop/Jam/game-jam/Content/Fantastic_Dungeon_Pack/meshes/props/environment/SM_PROP_skeleton_foot_R_dungeon.uasset" 3769
"D:/Desktop/Jam/game-jam/Content/Fantastic_Dungeon_Pack/meshes/props/environment/SM_PROP_skeleton_foot_R_dungeon.uexp" 3770
"D:/Desktop/Jam/game-jam/Content/Fantastic_Dungeon_Pack/meshes/props/environment/SM_PROP_skeleton_hand_R_dungeon.ubulk" 3771
"D:/Desktop/Jam/game-jam/Content/Fantastic_Dungeon_Pack/meshes/props/environment/SM_PROP_skeleton_hand_R_dungeon.uasset" 3772
"D:/Desktop/Jam/game-jam/Content/Fantastic_Dungeon_Pack/meshes/props/environment/SM_PROP_skeleton_hand_R_dungeon.uexp" 3773
"D:/Desktop/Jam/game-jam/Content/Fantastic_Dungeon_Pack/blueprints/props/BP_PROP_skeleton_dungeon_02.uasset" 3774
"D:/Desktop/Jam/game-jam/Content/Fantastic_Dungeon_Pack/blueprints/props/BP_PROP_skeleton_dungeon_02.uexp" 3775
"D:/Desktop/Jam/game-jam/Content/Fantastic_Dungeon_Pack/meshes/modular/stairs/stairs/MOD_Stairs_01_E_angle_concave_4.ubulk" 3776
"D:/Desktop/Jam/game-jam/Content/Fantastic_Dungeon_Pack/meshes/modular/stairs/stairs/MOD_Stairs_01_E_angle_concave_4.uasset" 3777
"D:/Desktop/Jam/game-jam/Content/Fantastic_Dungeon_Pack/meshes/modular/stairs/stairs/MOD_Stairs_01_E_angle_concave_4.uexp" 3778
"D:/Desktop/Jam/game-jam/Content/Fantastic_Dungeon_Pack/meshes/modular/wall/pivotMiddle/MOD_Wall_01_M_straight_small_half_R.ubulk" 3779
"D:/Desktop/Jam/game-jam/Content/Fantastic_Dungeon_Pack/meshes/modular/wall/pivotMiddle/MOD_Wall_01_M_straight_small_half_R.uasset" 3780
"D:/Desktop/Jam/game-jam/Content/Fantastic_Dungeon_Pack/meshes/modular/wall/pivotMiddle/MOD_Wall_01_M_straight_small_half_R.uexp" 3781
"D:/Desktop/Jam/game-jam/Content/Fantastic_Dungeon_Pack/blueprints/modular/comps/wall/PivotMiddle/BP_COMP_Wall_01_M_straight_small_half_R.uasset" 3782
"D:/Desktop/Jam/game-jam/Content/Fantastic_Dungeon_Pack/blueprints/modular/comps/wall/PivotMiddle/BP_COMP_Wall_01_M_straight_small_half_R.uexp" 3783
"D:/Desktop/Jam/game-jam/Content/Fantastic_Dungeon_Pack/blueprints/modular/level_modules/01/OneSided/Railing/basic/BP_LVL_01_O_rail_straight_SEW.uasset" 3784
"D:/Desktop/Jam/game-jam/Content/Fantastic_Dungeon_Pack/blueprints/modular/level_modules/01/OneSided/Railing/basic/BP_LVL_01_O_rail_straight_SEW.uexp" 3785
"D:/Desktop/Jam/game-jam/Content/Fantastic_Dungeon_Pack/meshes/modular/trim/wallCover/pivotMiddle/MOD_WallCover_01_M_straight_edge_R.ubulk" 3786
"D:/Desktop/Jam/game-jam/Content/Fantastic_Dungeon_Pack/meshes/modular/trim/wallCover/pivotMiddle/MOD_WallCover_01_M_straight_edge_R.uasset" 3787
"D:/Desktop/Jam/game-jam/Content/Fantastic_Dungeon_Pack/meshes/modular/trim/wallCover/pivotMiddle/MOD_WallCover_01_M_straight_edge_R.uexp" 3788
"D:/Desktop/Jam/game-jam/Content/Fantastic_Dungeon_Pack/meshes/props/traps/SM_PROP_trap_blade_part_dungeon_01.ubulk" 3789
"D:/Desktop/Jam/game-jam/Content/Fantastic_Dungeon_Pack/meshes/props/traps/SM_PROP_trap_blade_part_dungeon_01.uasset" 3790
"D:/Desktop/Jam/game-jam/Content/Fantastic_Dungeon_Pack/meshes/props/traps/SM_PROP_trap_blade_part_dungeon_01.uexp" 3791
"D:/Desktop/Jam/game-jam/Content/Fantastic_Dungeon_Pack/meshes/props/traps/SM_PROP_trap_blade_dungeon_01.ubulk" 3792
"D:/Desktop/Jam/game-jam/Content/Fantastic_Dungeon_Pack/meshes/props/traps/SM_PROP_trap_blade_dungeon_01.uasset" 3793
"D:/Desktop/Jam/game-jam/Content/Fantastic_Dungeon_Pack/meshes/props/traps/SM_PROP_trap_blade_dungeon_01.uexp" 3794
"D:/Desktop/Jam/game-jam/Content/Fantastic_Dungeon_Pack/blueprints/props/BP_PROP_trap_blade_dungeon_01.uasset" 3795
"D:/Desktop/Jam/game-jam/Content/Fantastic_Dungeon_Pack/blueprints/props/BP_PROP_trap_blade_dungeon_01.uexp" 3796
"D:/Desktop/Jam/game-jam/Content/Fantastic_Dungeon_Pack/meshes/props/carts/SM_PROP_cart_dungeon_01.ubulk" 3797
"D:/Desktop/Jam/game-jam/Content/Fantastic_Dungeon_Pack/meshes/props/carts/SM_PROP_cart_dungeon_01.uasset" 3798
"D:/Desktop/Jam/game-jam/Content/Fantastic_Dungeon_Pack/meshes/props/carts/SM_PROP_cart_dungeon_01.uexp" 3799
"D:/Desktop/Jam/game-jam/Content/Fantastic_Dungeon_Pack/meshes/props/carts/SM_PROP_wheel_dungeon_01.ubulk" 3800
"D:/Desktop/Jam/game-jam/Content/Fantastic_Dungeon_Pack/meshes/props/carts/SM_PROP_wheel_dungeon_01.uasset" 3801
"D:/Desktop/Jam/game-jam/Content/Fantastic_Dungeon_Pack/meshes/props/carts/SM_PROP_wheel_dungeon_01.uexp" 3802
"D:/Desktop/Jam/game-jam/Content/Fantastic_Dungeon_Pack/blueprints/props/BP_PROP_cart_dungeon_01.uasset" 3803
"D:/Desktop/Jam/game-jam/Content/Fantastic_Dungeon_Pack/blueprints/props/BP_PROP_cart_dungeon_01.uexp" 3804
"D:/Desktop/Jam/game-jam/Content/Fantastic_Dungeon_Pack/meshes/props/small_deco/SM_PROP_bottle_dungeon_09.ubulk" 3805
"D:/Desktop/Jam/game-jam/Content/Fantastic_Dungeon_Pack/meshes/props/small_deco/SM_PROP_bottle_dungeon_09.uasset" 3806
"D:/Desktop/Jam/game-jam/Content/Fantastic_Dungeon_Pack/meshes/props/small_deco/SM_PROP_bottle_dungeon_09.uexp" 3807
"D:/Desktop/Jam/game-jam/Content/Fantastic_Dungeon_Pack/blueprints/props/BP_PROP_cart_dungeon_02.uasset" 3808
"D:/Desktop/Jam/game-jam/Content/Fantastic_Dungeon_Pack/blueprints/props/BP_PROP_cart_dungeon_02.uexp" 3809
"D:/Desktop/Jam/game-jam/Content/Fantastic_Dungeon_Pack/meshes/props/container/SM_PROP_sack_dungeon_06.ubulk" 3810
"D:/Desktop/Jam/game-jam/Content/Fantastic_Dungeon_Pack/meshes/props/container/SM_PROP_sack_dungeon_06.uasset" 3811
"D:/Desktop/Jam/game-jam/Content/Fantastic_Dungeon_Pack/meshes/props/container/SM_PROP_sack_dungeon_06.uexp" 3812
"D:/Desktop/Jam/game-jam/Content/Fantastic_Dungeon_Pack/meshes/props/traps/SM_PROP_lever_handle_dungeon_01.ubulk" 3813
"D:/Desktop/Jam/game-jam/Content/Fantastic_Dungeon_Pack/meshes/props/traps/SM_PROP_lever_handle_dungeon_01.uasset" 3814
"D:/Desktop/Jam/game-jam/Content/Fantastic_Dungeon_Pack/meshes/props/traps/SM_PROP_lever_handle_dungeon_01.uexp" 3815
"D:/Desktop/Jam/game-jam/Content/Fantastic_Dungeon_Pack/meshes/props/traps/SM_PROP_lever_dungeon_01.ubulk" 3816
"D:/Desktop/Jam/game-jam/Content/Fantastic_Dungeon_Pack/meshes/props/traps/SM_PROP_lever_dungeon_01.uasset" 3817
"D:/Desktop/Jam/game-jam/Content/Fantastic_Dungeon_Pack/meshes/props/traps/SM_PROP_lever_dungeon_01.uexp" 3818
"D:/Desktop/Jam/game-jam/Content/Fantastic_Dungeon_Pack/blueprints/props/BP_PROP_lever_dungeon_01.uasset" 3819
"D:/Desktop/Jam/game-jam/Content/Fantastic_Dungeon_Pack/blueprints/props/BP_PROP_lever_dungeon_01.uexp" 3820
"D:/Desktop/Jam/game-jam/Content/Fantastic_Dungeon_Pack/meshes/modular/stairs/stairs/MOD_Stairs_01_E_convex_5.ubulk" 3821
"D:/Desktop/Jam/game-jam/Content/Fantastic_Dungeon_Pack/meshes/modular/stairs/stairs/MOD_Stairs_01_E_convex_5.uasset" 3822
"D:/Desktop/Jam/game-jam/Content/Fantastic_Dungeon_Pack/meshes/modular/stairs/stairs/MOD_Stairs_01_E_convex_5.uexp" 3823
"D:/Desktop/Jam/game-jam/Content/Fantastic_Dungeon_Pack/meshes/props/construct/SM_PROP_bars_wall_dungeon_02.ubulk" 3824
"D:/Desktop/Jam/game-jam/Content/Fantastic_Dungeon_Pack/meshes/props/construct/SM_PROP_bars_wall_dungeon_02.uasset" 3825
"D:/Desktop/Jam/game-jam/Content/Fantastic_Dungeon_Pack/meshes/props/construct/SM_PROP_bars_wall_dungeon_02.uexp" 3826
"D:/Desktop/Jam/game-jam/Content/Fantastic_Dungeon_Pack/blueprints/props/BP_PROP_handcuff_dungeon_02.uasset" 3827
"D:/Desktop/Jam/game-jam/Content/Fantastic_Dungeon_Pack/blueprints/props/BP_PROP_handcuff_dungeon_02.uexp" 3828
"D:/Desktop/Jam/game-jam/Content/Fantastic_Dungeon_Pack/meshes/props/container/SM_PROP_coffin_dungeon.ubulk" 3829
"D:/Desktop/Jam/game-jam/Content/Fantastic_Dungeon_Pack/meshes/props/container/SM_PROP_coffin_dungeon.uasset" 3830
"D:/Desktop/Jam/game-jam/Content/Fantastic_Dungeon_Pack/meshes/props/container/SM_PROP_coffin_dungeon.uexp" 3831
"D:/Desktop/Jam/game-jam/Content/Fantastic_Dungeon_Pack/meshes/props/container/SM_PROP_coffin_dungeon_lid.ubulk" 3832
"D:/Desktop/Jam/game-jam/Content/Fantastic_Dungeon_Pack/meshes/props/container/SM_PROP_coffin_dungeon_lid.uasset" 3833
"D:/Desktop/Jam/game-jam/Content/Fantastic_Dungeon_Pack/meshes/props/container/SM_PROP_coffin_dungeon_lid.uexp" 3834
"D:/Desktop/Jam/game-jam/Content/Fantastic_Dungeon_Pack/blueprints/props/BP_PROP_coffin_dungeon.uasset" 3835
"D:/Desktop/Jam/game-jam/Content/Fantastic_Dungeon_Pack/blueprints/props/BP_PROP_coffin_dungeon.uexp" 3836
"D:/Desktop/Jam/game-jam/Content/Fantastic_Dungeon_Pack/meshes/modular/floor/oneSided/MOD_Floor_01_O_concave_tiny.ubulk" 3837
"D:/Desktop/Jam/game-jam/Content/Fantastic_Dungeon_Pack/meshes/modular/floor/oneSided/MOD_Floor_01_O_concave_tiny.uasset" 3838
"D:/Desktop/Jam/game-jam/Content/Fantastic_Dungeon_Pack/meshes/modular/floor/oneSided/MOD_Floor_01_O_concave_tiny.uexp" 3839
"D:/Desktop/Jam/game-jam/Content/Fantastic_Dungeon_Pack/blueprints/modular/level_modules/01/OneSided/Railing/straight_convex/BP_LVL_01_O_rail_straight_convex_SE.uasset" 3840
"D:/Desktop/Jam/game-jam/Content/Fantastic_Dungeon_Pack/blueprints/modular/level_modules/01/OneSided/Railing/straight_convex/BP_LVL_01_O_rail_straight_convex_SE.uexp" 3841
"D:/Desktop/Jam/game-jam/Content/Fantastic_Dungeon_Pack/meshes/modular/trim/wallTrim/oneSided/MOD_WallTrim_01_O_straight.ubulk" 3842
"D:/Desktop/Jam/game-jam/Content/Fantastic_Dungeon_Pack/meshes/modular/trim/wallTrim/oneSided/MOD_WallTrim_01_O_straight.uasset" 3843
"D:/Desktop/Jam/game-jam/Content/Fantastic_Dungeon_Pack/meshes/modular/trim/wallTrim/oneSided/MOD_WallTrim_01_O_straight.uexp" 3844
"D:/Desktop/Jam/game-jam/Content/Fantastic_Dungeon_Pack/meshes/props/small_deco/SM_PROP_bottle_dungeon_06.ubulk" 3845
"D:/Desktop/Jam/game-jam/Content/Fantastic_Dungeon_Pack/meshes/props/small_deco/SM_PROP_bottle_dungeon_06.uasset" 3846
"D:/Desktop/Jam/game-jam/Content/Fantastic_Dungeon_Pack/meshes/props/small_deco/SM_PROP_bottle_dungeon_06.uexp" 3847
"D:/Desktop/Jam/game-jam/Content/Fantastic_Dungeon_Pack/meshes/props/small_deco/SM_PROP_scroll_dungeon_04.ubulk" 3848
"D:/Desktop/Jam/game-jam/Content/Fantastic_Dungeon_Pack/meshes/props/small_deco/SM_PROP_scroll_dungeon_04.uasset" 3849
"D:/Desktop/Jam/game-jam/Content/Fantastic_Dungeon_Pack/meshes/props/small_deco/SM_PROP_scroll_dungeon_04.uexp" 3850
"D:/Desktop/Jam/game-jam/Content/Fantastic_Dungeon_Pack/meshes/modular/wall/pivotEdge/MOD_Wall_01_E_straight_large_ArcCover.ubulk" 3851
"D:/Desktop/Jam/game-jam/Content/Fantastic_Dungeon_Pack/meshes/modular/wall/pivotEdge/MOD_Wall_01_E_straight_large_ArcCover.uasset" 3852
"D:/Desktop/Jam/game-jam/Content/Fantastic_Dungeon_Pack/meshes/modular/wall/pivotEdge/MOD_Wall_01_E_straight_large_ArcCover.uexp" 3853
"D:/Desktop/Jam/game-jam/Content/Fantastic_Dungeon_Pack/meshes/props/fabrics/SM_PROP_rug_dungeon_04.ubulk" 3854
"D:/Desktop/Jam/game-jam/Content/Fantastic_Dungeon_Pack/meshes/props/fabrics/SM_PROP_rug_dungeon_04.uasset" 3855
"D:/Desktop/Jam/game-jam/Content/Fantastic_Dungeon_Pack/meshes/props/fabrics/SM_PROP_rug_dungeon_04.uexp" 3856
"D:/Desktop/Jam/game-jam/Content/Fantastic_Dungeon_Pack/meshes/modular/wall/oneSided/MOD_Wall_01_O_straight_med_deco_1.ubulk" 3857
"D:/Desktop/Jam/game-jam/Content/Fantastic_Dungeon_Pack/meshes/modular/wall/oneSided/MOD_Wall_01_O_straight_med_deco_1.uasset" 3858
"D:/Desktop/Jam/game-jam/Content/Fantastic_Dungeon_Pack/meshes/modular/wall/oneSided/MOD_Wall_01_O_straight_med_deco_1.uexp" 3859
"D:/Desktop/Jam/game-jam/Content/Fantastic_Dungeon_Pack/meshes/modular/wall/oneSided/MOD_Wall_01_O_straight_med_deco_2.ubulk" 3860
"D:/Desktop/Jam/game-jam/Content/Fantastic_Dungeon_Pack/meshes/modular/wall/oneSided/MOD_Wall_01_O_straight_med_deco_2.uasset" 3861
"D:/Desktop/Jam/game-jam/Content/Fantastic_Dungeon_Pack/meshes/modular/wall/oneSided/MOD_Wall_01_O_straight_med_deco_2.uexp" 3862
"D:/Desktop/Jam/game-jam/Content/Fantastic_Dungeon_Pack/meshes/modular/wall/oneSided/MOD_Wall_01_O_straight_med_deco_3.ubulk" 3863
"D:/Desktop/Jam/game-jam/Content/Fantastic_Dungeon_Pack/meshes/modular/wall/oneSided/MOD_Wall_01_O_straight_med_deco_3.uasset" 3864
"D:/Desktop/Jam/game-jam/Content/Fantastic_Dungeon_Pack/meshes/modular/wall/oneSided/MOD_Wall_01_O_straight_med_deco_3.uexp" 3865
"D:/Desktop/Jam/game-jam/Content/Fantastic_Dungeon_Pack/meshes/props/construct/SM_PROP_planks_dungeon_05.ubulk" 3866
"D:/Desktop/Jam/game-jam/Content/Fantastic_Dungeon_Pack/meshes/props/construct/SM_PROP_planks_dungeon_05.uasset" 3867
"D:/Desktop/Jam/game-jam/Content/Fantastic_Dungeon_Pack/meshes/props/construct/SM_PROP_planks_dungeon_05.uexp" 3868
"D:/Desktop/Jam/game-jam/Content/Fantastic_Dungeon_Pack/blueprints/props/BP_PROP_planks_dungeon.uasset" 3869
"D:/Desktop/Jam/game-jam/Content/Fantastic_Dungeon_Pack/blueprints/props/BP_PROP_planks_dungeon.uexp" 3870
"D:/Desktop/Jam/game-jam/Content/Fantastic_Dungeon_Pack/meshes/props/container/SM_PROP_pot_dungeon_09.ubulk" 3871
"D:/Desktop/Jam/game-jam/Content/Fantastic_Dungeon_Pack/meshes/props/container/SM_PROP_pot_dungeon_09.uasset" 3872
"D:/Desktop/Jam/game-jam/Content/Fantastic_Dungeon_Pack/meshes/props/container/SM_PROP_pot_dungeon_09.uexp" 3873
"D:/Desktop/Jam/game-jam/Content/Assets/Enemies/Demon/SK_Demon.uasset" 3874
"D:/Desktop/Jam/game-jam/Content/Assets/Enemies/Demon/SK_Demon.uexp" 3875
"D:/Desktop/Jam/game-jam/Content/Assets/Enemies/Demon/PA_Demon.uasset" 3876
"D:/Desktop/Jam/game-jam/Content/Assets/Enemies/Demon/PA_Demon.uexp" 3877
"D:/Desktop/Jam/game-jam/Content/Assets/Enemies/Demon/Materials_Red/DemonRed/Demon_low_M_Demon_Normal.ubulk" 3878
"D:/Desktop/Jam/game-jam/Content/Assets/Enemies/Demon/Materials_Red/DemonRed/Demon_low_M_Demon_Normal.uasset" 3879
"D:/Desktop/Jam/game-jam/Content/Assets/Enemies/Demon/Materials_Red/DemonRed/Demon_low_M_Demon_Normal.uexp" 3880
"D:/Desktop/Jam/game-jam/Content/Assets/Enemies/Demon/Materials_Red/DemonRed/Demon_low_M_Demon_OcclusionRoughnessMetallic.ubulk" 3881
"D:/Desktop/Jam/game-jam/Content/Assets/Enemies/Demon/Materials_Red/DemonRed/Demon_low_M_Demon_OcclusionRoughnessMetallic.uasset" 3882
"D:/Desktop/Jam/game-jam/Content/Assets/Enemies/Demon/Materials_Red/DemonRed/Demon_low_M_Demon_OcclusionRoughnessMetallic.uexp" 3883
"D:/Desktop/Jam/game-jam/Content/Assets/Enemies/Demon/Materials_Red/DemonRed/Demon_low_M_Demon_BaseColor.ubulk" 3884
"D:/Desktop/Jam/game-jam/Content/Assets/Enemies/Demon/Materials_Red/DemonRed/Demon_low_M_Demon_BaseColor.uasset" 3885
"D:/Desktop/Jam/game-jam/Content/Assets/Enemies/Demon/Materials_Red/DemonRed/Demon_low_M_Demon_BaseColor.uexp" 3886
"D:/Desktop/Jam/game-jam/Content/Assets/Enemies/Demon/Materials_Red/M_Demon_Red.uasset" 3887
"D:/Desktop/Jam/game-jam/Content/Assets/Enemies/Demon/Materials_Red/M_Demon_Red.uexp" 3888
"D:/Desktop/Jam/game-jam/Content/Assets/Enemies/Demon/SKM_Demon.uasset" 3889
"D:/Desktop/Jam/game-jam/Content/Assets/Enemies/Demon/SKM_Demon.uexp" 3890
"D:/Desktop/Jam/game-jam/Content/Assets/Enemies/Demon/Animations/DemonShockLoop.uasset" 3891
"D:/Desktop/Jam/game-jam/Content/Assets/Enemies/Demon/Animations/DemonShockLoop.uexp" 3892
"D:/Desktop/Jam/game-jam/Content/Assets/Enemies/Demon/Animations/AM_Shock.uasset" 3893
"D:/Desktop/Jam/game-jam/Content/Assets/Enemies/Demon/Animations/AM_Shock.uexp" 3894
"D:/Desktop/Jam/game-jam/Content/Assets/Sounds/Enemies/Demon/Death/SFX_Demon_Death_01.ubulk" 3895
"D:/Desktop/Jam/game-jam/Content/Assets/Sounds/Enemies/Demon/Death/SFX_Demon_Death_01.uasset" 3896
"D:/Desktop/Jam/game-jam/Content/Assets/Sounds/Enemies/Demon/Death/SFX_Demon_Death_01.uexp" 3897
"D:/Desktop/Jam/game-jam/Content/Assets/Enemies/Demon/Animations/Demon_Stun1.uasset" 3898
"D:/Desktop/Jam/game-jam/Content/Assets/Enemies/Demon/Animations/Demon_Stun1.uexp" 3899
"D:/Desktop/Jam/game-jam/Content/Assets/Enemies/Demon/Animations/AM_Demon_Die.uasset" 3900
"D:/Desktop/Jam/game-jam/Content/Assets/Enemies/Demon/Animations/AM_Demon_Die.uexp" 3901
"D:/Desktop/Jam/game-jam/Content/Assets/Enemies/Demon/Animations/Demon_Attack_L.uasset" 3902
"D:/Desktop/Jam/game-jam/Content/Assets/Enemies/Demon/Animations/Demon_Attack_L.uexp" 3903
"D:/Desktop/Jam/game-jam/Content/Assets/Enemies/Demon/Animations/AM_Attack_L.uasset" 3904
"D:/Desktop/Jam/game-jam/Content/Assets/Enemies/Demon/Animations/AM_Attack_L.uexp" 3905
"D:/Desktop/Jam/game-jam/Content/Assets/Enemies/Demon/Animations/Demon_Red_Run.uasset" 3906
"D:/Desktop/Jam/game-jam/Content/Assets/Enemies/Demon/Animations/Demon_Red_Run.uexp" 3907
"D:/Desktop/Jam/game-jam/Content/Assets/Enemies/Demon/Animations/Demon_Red_Idle.uasset" 3908
"D:/Desktop/Jam/game-jam/Content/Assets/Enemies/Demon/Animations/Demon_Red_Idle.uexp" 3909
"D:/Desktop/Jam/game-jam/Content/Maps/Mushtariybegim_Map/BS_demon.uasset" 3910
"D:/Desktop/Jam/game-jam/Content/Maps/Mushtariybegim_Map/BS_demon.uexp" 3911
"D:/Desktop/Jam/game-jam/Content/Assets/Enemies/Demon/Animations/Demon_Attack_R.uasset" 3912
"D:/Desktop/Jam/game-jam/Content/Assets/Enemies/Demon/Animations/Demon_Attack_R.uexp" 3913
"D:/Desktop/Jam/game-jam/Content/Assets/Enemies/Demon/Animations/AM_Attack_R.uasset" 3914
"D:/Desktop/Jam/game-jam/Content/Assets/Enemies/Demon/Animations/AM_Attack_R.uexp" 3915
"D:/Desktop/Jam/game-jam/Content/Maps/Mushtariybegim_Map/ABP_Demon.uasset" 3916
"D:/Desktop/Jam/game-jam/Content/Maps/Mushtariybegim_Map/ABP_Demon.uexp" 3917
"D:/Desktop/Jam/game-jam/Content/Assets/Enemies/Demon/Animations/Demon_HitReact.uasset" 3918
"D:/Desktop/Jam/game-jam/Content/Assets/Enemies/Demon/Animations/Demon_HitReact.uexp" 3919
"D:/Desktop/Jam/game-jam/Content/Assets/Enemies/Demon/Animations/AM_FireHit.uasset" 3920
"D:/Desktop/Jam/game-jam/Content/Assets/Enemies/Demon/Animations/AM_FireHit.uexp" 3921
"D:/Desktop/Jam/game-jam/Content/Assets/Sounds/Enemies/Demon/Hurt/SFX_Demon_Hurt_01.ubulk" 3922
"D:/Desktop/Jam/game-jam/Content/Assets/Sounds/Enemies/Demon/Hurt/SFX_Demon_Hurt_01.uasset" 3923
"D:/Desktop/Jam/game-jam/Content/Assets/Sounds/Enemies/Demon/Hurt/SFX_Demon_Hurt_01.uexp" 3924
"D:/Desktop/Jam/game-jam/Content/Maps/Mushtariybegim_Map/BP_Demon.uasset" 3925
"D:/Desktop/Jam/game-jam/Content/Maps/Mushtariybegim_Map/BP_Demon.uexp" 3926
"D:/Desktop/Jam/game-jam/Content/Fantastic_Dungeon_Pack/meshes/modular/wall/pivotMiddle/MOD_Wall_01_M_corner_med.ubulk" 3927
"D:/Desktop/Jam/game-jam/Content/Fantastic_Dungeon_Pack/meshes/modular/wall/pivotMiddle/MOD_Wall_01_M_corner_med.uasset" 3928
"D:/Desktop/Jam/game-jam/Content/Fantastic_Dungeon_Pack/meshes/modular/wall/pivotMiddle/MOD_Wall_01_M_corner_med.uexp" 3929
"D:/Desktop/Jam/game-jam/Content/Fantastic_Dungeon_Pack/blueprints/modular/comps/wall/PivotMiddle/BP_COMP_Wall_01_M_corner_med.uasset" 3930
"D:/Desktop/Jam/game-jam/Content/Fantastic_Dungeon_Pack/blueprints/modular/comps/wall/PivotMiddle/BP_COMP_Wall_01_M_corner_med.uexp" 3931
"D:/Desktop/Jam/game-jam/Content/Fantastic_Dungeon_Pack/meshes/props/construct/SM_PROP_waterwheel_pole_dungeon_01.ubulk" 3932
"D:/Desktop/Jam/game-jam/Content/Fantastic_Dungeon_Pack/meshes/props/construct/SM_PROP_waterwheel_pole_dungeon_01.uasset" 3933
"D:/Desktop/Jam/game-jam/Content/Fantastic_Dungeon_Pack/meshes/props/construct/SM_PROP_waterwheel_pole_dungeon_01.uexp" 3934
"D:/Desktop/Jam/game-jam/Content/Fantastic_Dungeon_Pack/meshes/props/container/SM_PROP_pot_dungeon_03.ubulk" 3935
"D:/Desktop/Jam/game-jam/Content/Fantastic_Dungeon_Pack/meshes/props/container/SM_PROP_pot_dungeon_03.uasset" 3936
"D:/Desktop/Jam/game-jam/Content/Fantastic_Dungeon_Pack/meshes/props/container/SM_PROP_pot_dungeon_03.uexp" 3937
"D:/Desktop/Jam/game-jam/Content/Fantastic_Dungeon_Pack/meshes/modular/wall/pivotMiddle/MOD_Wall_01_M_straight_med.ubulk" 3938
"D:/Desktop/Jam/game-jam/Content/Fantastic_Dungeon_Pack/meshes/modular/wall/pivotMiddle/MOD_Wall_01_M_straight_med.uasset" 3939
"D:/Desktop/Jam/game-jam/Content/Fantastic_Dungeon_Pack/meshes/modular/wall/pivotMiddle/MOD_Wall_01_M_straight_med.uexp" 3940
"D:/Desktop/Jam/game-jam/Content/Fantastic_Dungeon_Pack/meshes/props/small_deco/SM_PROP_bottle_dungeon_07.ubulk" 3941
"D:/Desktop/Jam/game-jam/Content/Fantastic_Dungeon_Pack/meshes/props/small_deco/SM_PROP_bottle_dungeon_07.uasset" 3942
"D:/Desktop/Jam/game-jam/Content/Fantastic_Dungeon_Pack/meshes/props/small_deco/SM_PROP_bottle_dungeon_07.uexp" 3943
"D:/Desktop/Jam/game-jam/Content/Fantastic_Dungeon_Pack/meshes/modular/stairs/railing/MOD_Stairs_01_Railing_NW.ubulk" 3944
"D:/Desktop/Jam/game-jam/Content/Fantastic_Dungeon_Pack/meshes/modular/stairs/railing/MOD_Stairs_01_Railing_NW.uasset" 3945
"D:/Desktop/Jam/game-jam/Content/Fantastic_Dungeon_Pack/meshes/modular/stairs/railing/MOD_Stairs_01_Railing_NW.uexp" 3946
"D:/Desktop/Jam/game-jam/Content/Fantastic_Dungeon_Pack/meshes/props/furniture/SM_PROP_chair_03_dungeon.ubulk" 3947
"D:/Desktop/Jam/game-jam/Content/Fantastic_Dungeon_Pack/meshes/props/furniture/SM_PROP_chair_03_dungeon.uasset" 3948
"D:/Desktop/Jam/game-jam/Content/Fantastic_Dungeon_Pack/meshes/props/furniture/SM_PROP_chair_03_dungeon.uexp" 3949
"D:/Desktop/Jam/game-jam/Content/Fantastic_Dungeon_Pack/materials/MI_PROP_ember_dungeon.uasset" 3950
"D:/Desktop/Jam/game-jam/Content/Fantastic_Dungeon_Pack/materials/MI_PROP_ember_dungeon.uexp" 3951
"D:/Desktop/Jam/game-jam/Content/Fantastic_Dungeon_Pack/meshes/props/light/SM_PROP_ember_dungeon_01.ubulk" 3952
"D:/Desktop/Jam/game-jam/Content/Fantastic_Dungeon_Pack/meshes/props/light/SM_PROP_ember_dungeon_01.uasset" 3953
"D:/Desktop/Jam/game-jam/Content/Fantastic_Dungeon_Pack/meshes/props/light/SM_PROP_ember_dungeon_01.uexp" 3954
"D:/Desktop/Jam/game-jam/Content/Fantastic_Dungeon_Pack/meshes/props/light/SM_PROP_candle_dungeon_10.ubulk" 3955
"D:/Desktop/Jam/game-jam/Content/Fantastic_Dungeon_Pack/meshes/props/light/SM_PROP_candle_dungeon_10.uasset" 3956
"D:/Desktop/Jam/game-jam/Content/Fantastic_Dungeon_Pack/meshes/props/light/SM_PROP_candle_dungeon_10.uexp" 3957
"D:/Desktop/Jam/game-jam/Content/Fantastic_Dungeon_Pack/meshes/props/light/SM_PROP_candle_dungeon_08.ubulk" 3958
"D:/Desktop/Jam/game-jam/Content/Fantastic_Dungeon_Pack/meshes/props/light/SM_PROP_candle_dungeon_08.uasset" 3959
"D:/Desktop/Jam/game-jam/Content/Fantastic_Dungeon_Pack/meshes/props/light/SM_PROP_candle_dungeon_08.uexp" 3960
"D:/Desktop/Jam/game-jam/Content/Fantastic_Dungeon_Pack/effects/PS_FX_fire_dungeon_03.uasset" 3961
"D:/Desktop/Jam/game-jam/Content/Fantastic_Dungeon_Pack/effects/PS_FX_fire_dungeon_03.uexp" 3962
"D:/Desktop/Jam/game-jam/Content/Fantastic_Dungeon_Pack/blueprints/props/BP_PROP_candles_dungeon_01.uasset" 3963
"D:/Desktop/Jam/game-jam/Content/Fantastic_Dungeon_Pack/blueprints/props/BP_PROP_candles_dungeon_01.uexp" 3964
"D:/Desktop/Jam/game-jam/Content/Fantastic_Dungeon_Pack/meshes/props/traps/SM_PROP_chain_dungeon_05.ubulk" 3965
"D:/Desktop/Jam/game-jam/Content/Fantastic_Dungeon_Pack/meshes/props/traps/SM_PROP_chain_dungeon_05.uasset" 3966
"D:/Desktop/Jam/game-jam/Content/Fantastic_Dungeon_Pack/meshes/props/traps/SM_PROP_chain_dungeon_05.uexp" 3967
"D:/Desktop/Jam/game-jam/Content/Fantastic_Dungeon_Pack/meshes/props/traps/SM_PROP_chain_dungeon_02.ubulk" 3968
"D:/Desktop/Jam/game-jam/Content/Fantastic_Dungeon_Pack/meshes/props/traps/SM_PROP_chain_dungeon_02.uasset" 3969
"D:/Desktop/Jam/game-jam/Content/Fantastic_Dungeon_Pack/meshes/props/traps/SM_PROP_chain_dungeon_02.uexp" 3970
"D:/Desktop/Jam/game-jam/Content/Fantastic_Dungeon_Pack/meshes/props/traps/SM_PROP_chain_dungeon_04.ubulk" 3971
"D:/Desktop/Jam/game-jam/Content/Fantastic_Dungeon_Pack/meshes/props/traps/SM_PROP_chain_dungeon_04.uasset" 3972
"D:/Desktop/Jam/game-jam/Content/Fantastic_Dungeon_Pack/meshes/props/traps/SM_PROP_chain_dungeon_04.uexp" 3973
"D:/Desktop/Jam/game-jam/Content/Fantastic_Dungeon_Pack/blueprints/props/BP_PROP_chain_dungeon_02.uasset" 3974
"D:/Desktop/Jam/game-jam/Content/Fantastic_Dungeon_Pack/blueprints/props/BP_PROP_chain_dungeon_02.uexp" 3975
"D:/Desktop/Jam/game-jam/Content/Fantastic_Dungeon_Pack/meshes/props/light/SM_PROP_chain_small_dungeon_01.ubulk" 3976
"D:/Desktop/Jam/game-jam/Content/Fantastic_Dungeon_Pack/meshes/props/light/SM_PROP_chain_small_dungeon_01.uasset" 3977
"D:/Desktop/Jam/game-jam/Content/Fantastic_Dungeon_Pack/meshes/props/light/SM_PROP_chain_small_dungeon_01.uexp" 3978
"D:/Desktop/Jam/game-jam/Content/Fantastic_Dungeon_Pack/meshes/props/light/SM_PROP_chandelier_dungeon_01.ubulk" 3979
"D:/Desktop/Jam/game-jam/Content/Fantastic_Dungeon_Pack/meshes/props/light/SM_PROP_chandelier_dungeon_01.uasset" 3980
"D:/Desktop/Jam/game-jam/Content/Fantastic_Dungeon_Pack/meshes/props/light/SM_PROP_chandelier_dungeon_01.uexp" 3981
"D:/Desktop/Jam/game-jam/Content/Fantastic_Dungeon_Pack/blueprints/props/BP_PROP_chandelier_dungeon_05.uasset" 3982
"D:/Desktop/Jam/game-jam/Content/Fantastic_Dungeon_Pack/blueprints/props/BP_PROP_chandelier_dungeon_05.uexp" 3983
"D:/Desktop/Jam/game-jam/Content/Fantastic_Dungeon_Pack/meshes/props/construct/SM_PROP_woodbridge_dungeon_06.ubulk" 3984
"D:/Desktop/Jam/game-jam/Content/Fantastic_Dungeon_Pack/meshes/props/construct/SM_PROP_woodbridge_dungeon_06.uasset" 3985
"D:/Desktop/Jam/game-jam/Content/Fantastic_Dungeon_Pack/meshes/props/construct/SM_PROP_woodbridge_dungeon_06.uexp" 3986
"D:/Desktop/Jam/game-jam/Content/Fantastic_Dungeon_Pack/materials/master_materials/M_CLR_Master_dungeon.uasset" 3987
"D:/Desktop/Jam/game-jam/Content/Fantastic_Dungeon_Pack/materials/master_materials/M_CLR_Master_dungeon.uexp" 3988
"D:/Desktop/Jam/game-jam/Content/Fantastic_Dungeon_Pack/materials/MI_CLR_yellow_E.uasset" 3989
"D:/Desktop/Jam/game-jam/Content/Fantastic_Dungeon_Pack/materials/MI_CLR_yellow_E.uexp" 3990
"D:/Desktop/Jam/game-jam/Content/Fantastic_Dungeon_Pack/meshes/props/light/SM_PROP_lamp_dungeon_01.ubulk" 3991
"D:/Desktop/Jam/game-jam/Content/Fantastic_Dungeon_Pack/meshes/props/light/SM_PROP_lamp_dungeon_01.uasset" 3992
"D:/Desktop/Jam/game-jam/Content/Fantastic_Dungeon_Pack/meshes/props/light/SM_PROP_lamp_dungeon_01.uexp" 3993
"D:/Desktop/Jam/game-jam/Content/Fantastic_Dungeon_Pack/blueprints/props/BP_PROP_skeleton_dungeon_04.uasset" 3994
"D:/Desktop/Jam/game-jam/Content/Fantastic_Dungeon_Pack/blueprints/props/BP_PROP_skeleton_dungeon_04.uexp" 3995
"D:/Desktop/Jam/game-jam/Content/Fantastic_Dungeon_Pack/meshes/modular/stairs/stairs/MOD_Stairs_01_E_straight_2.ubulk" 3996
"D:/Desktop/Jam/game-jam/Content/Fantastic_Dungeon_Pack/meshes/modular/stairs/stairs/MOD_Stairs_01_E_straight_2.uasset" 3997
"D:/Desktop/Jam/game-jam/Content/Fantastic_Dungeon_Pack/meshes/modular/stairs/stairs/MOD_Stairs_01_E_straight_2.uexp" 3998
"D:/Desktop/Jam/game-jam/Content/Fantastic_Dungeon_Pack/meshes/modular/stairs/railing/MOD_Stairs_01_Railing_2.ubulk" 3999
"D:/Desktop/Jam/game-jam/Content/Fantastic_Dungeon_Pack/meshes/modular/stairs/railing/MOD_Stairs_01_Railing_2.uasset" 4000
"D:/Desktop/Jam/game-jam/Content/Fantastic_Dungeon_Pack/meshes/modular/stairs/railing/MOD_Stairs_01_Railing_2.uexp" 4001
"D:/Desktop/Jam/game-jam/Content/Fantastic_Dungeon_Pack/blueprints/modular/level_modules/01/OneSided/stairs/loop/BP_LVL_01_O_stairs_loop_straight_angle_L.uasset" 4002
"D:/Desktop/Jam/game-jam/Content/Fantastic_Dungeon_Pack/blueprints/modular/level_modules/01/OneSided/stairs/loop/BP_LVL_01_O_stairs_loop_straight_angle_L.uexp" 4003
"D:/Desktop/Jam/game-jam/Content/Fantastic_Dungeon_Pack/meshes/modular/wall/oneSided/MOD_Wall_01_O_corner_med_deco_1.ubulk" 4004
"D:/Desktop/Jam/game-jam/Content/Fantastic_Dungeon_Pack/meshes/modular/wall/oneSided/MOD_Wall_01_O_corner_med_deco_1.uasset" 4005
"D:/Desktop/Jam/game-jam/Content/Fantastic_Dungeon_Pack/meshes/modular/wall/oneSided/MOD_Wall_01_O_corner_med_deco_1.uexp" 4006
"D:/Desktop/Jam/game-jam/Content/Fantastic_Dungeon_Pack/meshes/modular/gateway/MOD_Gateway_Door_01_large_plank_02.ubulk" 4007
"D:/Desktop/Jam/game-jam/Content/Fantastic_Dungeon_Pack/meshes/modular/gateway/MOD_Gateway_Door_01_large_plank_02.uasset" 4008
"D:/Desktop/Jam/game-jam/Content/Fantastic_Dungeon_Pack/meshes/modular/gateway/MOD_Gateway_Door_01_large_plank_02.uexp" 4009
"D:/Desktop/Jam/game-jam/Content/Fantastic_Dungeon_Pack/meshes/props/traps/SM_PROP_lever_handle_dungeon_04.ubulk" 4010
"D:/Desktop/Jam/game-jam/Content/Fantastic_Dungeon_Pack/meshes/props/traps/SM_PROP_lever_handle_dungeon_04.uasset" 4011
"D:/Desktop/Jam/game-jam/Content/Fantastic_Dungeon_Pack/meshes/props/traps/SM_PROP_lever_handle_dungeon_04.uexp" 4012
"D:/Desktop/Jam/game-jam/Content/Fantastic_Dungeon_Pack/meshes/props/traps/SM_PROP_lever_dungeon_04.ubulk" 4013
"D:/Desktop/Jam/game-jam/Content/Fantastic_Dungeon_Pack/meshes/props/traps/SM_PROP_lever_dungeon_04.uasset" 4014
"D:/Desktop/Jam/game-jam/Content/Fantastic_Dungeon_Pack/meshes/props/traps/SM_PROP_lever_dungeon_04.uexp" 4015
"D:/Desktop/Jam/game-jam/Content/Fantastic_Dungeon_Pack/blueprints/props/BP_PROP_lever_dungeon_4.uasset" 4016
"D:/Desktop/Jam/game-jam/Content/Fantastic_Dungeon_Pack/blueprints/props/BP_PROP_lever_dungeon_4.uexp" 4017
"D:/Desktop/Jam/game-jam/Content/Fantastic_Dungeon_Pack/meshes/props/container/SM_PROP_pot_dungeon_10.ubulk" 4018
"D:/Desktop/Jam/game-jam/Content/Fantastic_Dungeon_Pack/meshes/props/container/SM_PROP_pot_dungeon_10.uasset" 4019
"D:/Desktop/Jam/game-jam/Content/Fantastic_Dungeon_Pack/meshes/props/container/SM_PROP_pot_dungeon_10.uexp" 4020
"D:/Desktop/Jam/game-jam/Content/Fantastic_Dungeon_Pack/meshes/props/furniture/SM_PROP_bookshelf_dungeon_03.ubulk" 4021
"D:/Desktop/Jam/game-jam/Content/Fantastic_Dungeon_Pack/meshes/props/furniture/SM_PROP_bookshelf_dungeon_03.uasset" 4022
"D:/Desktop/Jam/game-jam/Content/Fantastic_Dungeon_Pack/meshes/props/furniture/SM_PROP_bookshelf_dungeon_03.uexp" 4023
"D:/Desktop/Jam/game-jam/Content/Mixed_Magic_VFX_Pack/Textures/T_Noise_8.ubulk" 4024
"D:/Desktop/Jam/game-jam/Content/Mixed_Magic_VFX_Pack/Textures/T_Noise_8.uasset" 4025
"D:/Desktop/Jam/game-jam/Content/Mixed_Magic_VFX_Pack/Textures/T_Noise_8.uexp" 4026
"D:/Desktop/Jam/game-jam/Content/Mixed_Magic_VFX_Pack/Textures/T_Noise_10.ubulk" 4027
"D:/Desktop/Jam/game-jam/Content/Mixed_Magic_VFX_Pack/Textures/T_Noise_10.uasset" 4028
"D:/Desktop/Jam/game-jam/Content/Mixed_Magic_VFX_Pack/Textures/T_Noise_10.uexp" 4029
"D:/Desktop/Jam/game-jam/Content/Mixed_Magic_VFX_Pack/Textures/T_Noise_11.ubulk" 4030
"D:/Desktop/Jam/game-jam/Content/Mixed_Magic_VFX_Pack/Textures/T_Noise_11.uasset" 4031
"D:/Desktop/Jam/game-jam/Content/Mixed_Magic_VFX_Pack/Textures/T_Noise_11.uexp" 4032
"D:/Desktop/Jam/game-jam/Content/Mixed_Magic_VFX_Pack/Textures/T_Noise_12.ubulk" 4033
"D:/Desktop/Jam/game-jam/Content/Mixed_Magic_VFX_Pack/Textures/T_Noise_12.uasset" 4034
"D:/Desktop/Jam/game-jam/Content/Mixed_Magic_VFX_Pack/Textures/T_Noise_12.uexp" 4035
"D:/Desktop/Jam/game-jam/Content/Mixed_Magic_VFX_Pack/Textures/T_Noise_13.ubulk" 4036
"D:/Desktop/Jam/game-jam/Content/Mixed_Magic_VFX_Pack/Textures/T_Noise_13.uasset" 4037
"D:/Desktop/Jam/game-jam/Content/Mixed_Magic_VFX_Pack/Textures/T_Noise_13.uexp" 4038
"../../../Engine/Content/Functions/Engine_MaterialFunctions02/Utility/CustomReflectionVector.uasset" 4039
"../../../Engine/Content/Functions/Engine_MaterialFunctions02/Utility/CustomReflectionVector.uexp" 4040
"D:/Desktop/Jam/game-jam/Content/Mixed_Magic_VFX_Pack/Materials/Main_Materials/M_Ice.uasset" 4041
"D:/Desktop/Jam/game-jam/Content/Mixed_Magic_VFX_Pack/Materials/Main_Materials/M_Ice.uexp" 4042
"D:/Desktop/Jam/game-jam/Content/Mixed_Magic_VFX_Pack/Materials/Instance_Materials/MI_Ice_Inst_2.uasset" 4043
"D:/Desktop/Jam/game-jam/Content/Mixed_Magic_VFX_Pack/Materials/Instance_Materials/MI_Ice_Inst_2.uexp" 4044
"D:/Desktop/Jam/game-jam/Content/Mixed_Magic_VFX_Pack/Materials/Instance_Materials/MI_Ice_Inst_3.uasset" 4045
"D:/Desktop/Jam/game-jam/Content/Mixed_Magic_VFX_Pack/Materials/Instance_Materials/MI_Ice_Inst_3.uexp" 4046
"D:/Desktop/Jam/game-jam/Content/Mixed_Magic_VFX_Pack/Materials/Instance_Materials/MI_Ring_Inst_2.uasset" 4047
"D:/Desktop/Jam/game-jam/Content/Mixed_Magic_VFX_Pack/Materials/Instance_Materials/MI_Ring_Inst_2.uexp" 4048
"D:/Desktop/Jam/game-jam/Content/Mixed_Magic_VFX_Pack/Materials/Instance_Materials/MI_Flare_Inst_4.uasset" 4049
"D:/Desktop/Jam/game-jam/Content/Mixed_Magic_VFX_Pack/Materials/Instance_Materials/MI_Flare_Inst_4.uexp" 4050
"D:/Desktop/Jam/game-jam/Content/Mixed_Magic_VFX_Pack/Materials/Instance_Materials/MI_Colorful_Inst_13.uasset" 4051
"D:/Desktop/Jam/game-jam/Content/Mixed_Magic_VFX_Pack/Materials/Instance_Materials/MI_Colorful_Inst_13.uexp" 4052
"D:/Desktop/Jam/game-jam/Content/Mixed_Magic_VFX_Pack/Static_Meshes/SM_1.ubulk" 4053
"D:/Desktop/Jam/game-jam/Content/Mixed_Magic_VFX_Pack/Static_Meshes/SM_1.uasset" 4054
"D:/Desktop/Jam/game-jam/Content/Mixed_Magic_VFX_Pack/Static_Meshes/SM_1.uexp" 4055
"D:/Desktop/Jam/game-jam/Content/Mixed_Magic_VFX_Pack/VFX/NS_Shattering_Crystal_Owner_Cast.uasset" 4056
"D:/Desktop/Jam/game-jam/Content/Mixed_Magic_VFX_Pack/VFX/NS_Shattering_Crystal_Owner_Cast.uexp" 4057
"D:/Desktop/Jam/game-jam/Content/Fantastic_Dungeon_Pack/meshes/modular/wall/pivotMiddle/MOD_Wall_01_M_straight_small_edge_R.ubulk" 4058
"D:/Desktop/Jam/game-jam/Content/Fantastic_Dungeon_Pack/meshes/modular/wall/pivotMiddle/MOD_Wall_01_M_straight_small_edge_R.uasset" 4059
"D:/Desktop/Jam/game-jam/Content/Fantastic_Dungeon_Pack/meshes/modular/wall/pivotMiddle/MOD_Wall_01_M_straight_small_edge_R.uexp" 4060
"D:/Desktop/Jam/game-jam/Content/Fantastic_Dungeon_Pack/meshes/props/traps/SM_PROP_chain_dungeon_03.ubulk" 4061
"D:/Desktop/Jam/game-jam/Content/Fantastic_Dungeon_Pack/meshes/props/traps/SM_PROP_chain_dungeon_03.uasset" 4062
"D:/Desktop/Jam/game-jam/Content/Fantastic_Dungeon_Pack/meshes/props/traps/SM_PROP_chain_dungeon_03.uexp" 4063
"D:/Desktop/Jam/game-jam/Content/Fantastic_Dungeon_Pack/blueprints/props/BP_PROP_chain_dungeon_01.uasset" 4064
"D:/Desktop/Jam/game-jam/Content/Fantastic_Dungeon_Pack/blueprints/props/BP_PROP_chain_dungeon_01.uexp" 4065
"D:/Desktop/Jam/game-jam/Content/Characters/Enemy/SpiderQueen/Mesh/SK_SpiderQueen_Skeleton.uasset" 4066
"D:/Desktop/Jam/game-jam/Content/Characters/Enemy/SpiderQueen/Mesh/SK_SpiderQueen_Skeleton.uexp" 4067
"D:/Desktop/Jam/game-jam/Content/Characters/Enemy/SpiderQueen/Animations/Anim_Death.uasset" 4068
"D:/Desktop/Jam/game-jam/Content/Characters/Enemy/SpiderQueen/Animations/Anim_Death.uexp" 4069
"D:/Desktop/Jam/game-jam/Content/Characters/Enemy/SpiderQueen/Animations/AM_Spider.uasset" 4070
"D:/Desktop/Jam/game-jam/Content/Characters/Enemy/SpiderQueen/Animations/AM_Spider.uexp" 4071
"D:/Desktop/Jam/game-jam/Content/Characters/Enemy/SpiderQueen/Mesh/SpiderQueen_PhysicsAsset.uasset" 4072
"D:/Desktop/Jam/game-jam/Content/Characters/Enemy/SpiderQueen/Mesh/SpiderQueen_PhysicsAsset.uexp" 4073
"D:/Desktop/Jam/game-jam/Content/Characters/Enemy/SpiderQueen/Textures/T_SpiderQueen_AORM.ubulk" 4074
"D:/Desktop/Jam/game-jam/Content/Characters/Enemy/SpiderQueen/Textures/T_SpiderQueen_AORM.uasset" 4075
"D:/Desktop/Jam/game-jam/Content/Characters/Enemy/SpiderQueen/Textures/T_SpiderQueen_AORM.uexp" 4076
"D:/Desktop/Jam/game-jam/Content/Characters/Enemy/SpiderQueen/Textures/T_SpiderQueen_N.ubulk" 4077
"D:/Desktop/Jam/game-jam/Content/Characters/Enemy/SpiderQueen/Textures/T_SpiderQueen_N.uasset" 4078
"D:/Desktop/Jam/game-jam/Content/Characters/Enemy/SpiderQueen/Textures/T_SpiderQueen_N.uexp" 4079
"D:/Desktop/Jam/game-jam/Content/Characters/Enemy/SpiderQueen/Textures/T_SpiderQueen_1_E.ubulk" 4080
"D:/Desktop/Jam/game-jam/Content/Characters/Enemy/SpiderQueen/Textures/T_SpiderQueen_1_E.uasset" 4081
"D:/Desktop/Jam/game-jam/Content/Characters/Enemy/SpiderQueen/Textures/T_SpiderQueen_1_E.uexp" 4082
"D:/Desktop/Jam/game-jam/Content/Characters/Enemy/SpiderQueen/Textures/T_SpiderQueen_1.ubulk" 4083
"D:/Desktop/Jam/game-jam/Content/Characters/Enemy/SpiderQueen/Textures/T_SpiderQueen_1.uasset" 4084
"D:/Desktop/Jam/game-jam/Content/Characters/Enemy/SpiderQueen/Textures/T_SpiderQueen_1.uexp" 4085
"D:/Desktop/Jam/game-jam/Content/Characters/Enemy/SpiderQueen/Materials/M_SpiderQueen.uasset" 4086
"D:/Desktop/Jam/game-jam/Content/Characters/Enemy/SpiderQueen/Materials/M_SpiderQueen.uexp" 4087
"D:/Desktop/Jam/game-jam/Content/Characters/Enemy/SpiderQueen/Materials/MI_SpiderQueen_1.uasset" 4088
"D:/Desktop/Jam/game-jam/Content/Characters/Enemy/SpiderQueen/Materials/MI_SpiderQueen_1.uexp" 4089
"D:/Desktop/Jam/game-jam/Content/Characters/Enemy/SpiderQueen/Mesh/SK_SpiderQueen.uasset" 4090
"D:/Desktop/Jam/game-jam/Content/Characters/Enemy/SpiderQueen/Mesh/SK_SpiderQueen.uexp" 4091
"D:/Desktop/Jam/game-jam/Content/Characters/Enemy/SpiderQueen/Animations/Anim_Attack_Left.uasset" 4092
"D:/Desktop/Jam/game-jam/Content/Characters/Enemy/SpiderQueen/Animations/Anim_Attack_Left.uexp" 4093
"D:/Desktop/Jam/game-jam/Content/Characters/Enemy/SpiderQueen/Animations/AM_Attack_Right.uasset" 4094
"D:/Desktop/Jam/game-jam/Content/Characters/Enemy/SpiderQueen/Animations/AM_Attack_Right.uexp" 4095
"D:/Desktop/Jam/game-jam/Content/Characters/Enemy/SpiderQueen/Animations/Anim_Attack_1.uasset" 4096
"D:/Desktop/Jam/game-jam/Content/Characters/Enemy/SpiderQueen/Animations/Anim_Attack_1.uexp" 4097
"D:/Desktop/Jam/game-jam/Content/Characters/Enemy/SpiderQueen/Animations/AM_Attack_1.uasset" 4098
"D:/Desktop/Jam/game-jam/Content/Characters/Enemy/SpiderQueen/Animations/AM_Attack_1.uexp" 4099
"D:/Desktop/Jam/game-jam/Content/Characters/Enemy/SpiderQueen/Animations/Anim_Walk.uasset" 4100
"D:/Desktop/Jam/game-jam/Content/Characters/Enemy/SpiderQueen/Animations/Anim_Walk.uexp" 4101
"D:/Desktop/Jam/game-jam/Content/Characters/Enemy/SpiderQueen/Animations/Anim_Idle.uasset" 4102
"D:/Desktop/Jam/game-jam/Content/Characters/Enemy/SpiderQueen/Animations/Anim_Idle.uexp" 4103
"D:/Desktop/Jam/game-jam/Content/Characters/Enemy/SpiderQueen/Animations/BS_1D_Spider_Woman.uasset" 4104
"D:/Desktop/Jam/game-jam/Content/Characters/Enemy/SpiderQueen/Animations/BS_1D_Spider_Woman.uexp" 4105
"D:/Desktop/Jam/game-jam/Content/Characters/Enemy/SpiderQueen/Animations/AM_Attack_Left.uasset" 4106
"D:/Desktop/Jam/game-jam/Content/Characters/Enemy/SpiderQueen/Animations/AM_Attack_Left.uexp" 4107
"D:/Desktop/Jam/game-jam/Content/Characters/Enemy/SpiderQueen/ABP_Spider.uasset" 4108
"D:/Desktop/Jam/game-jam/Content/Characters/Enemy/SpiderQueen/ABP_Spider.uexp" 4109
"D:/Desktop/Jam/game-jam/Content/Characters/Enemy/SpiderQueen/Animations/Anim_Hit.uasset" 4110
"D:/Desktop/Jam/game-jam/Content/Characters/Enemy/SpiderQueen/Animations/Anim_Hit.uexp" 4111
"D:/Desktop/Jam/game-jam/Content/Characters/Enemy/SpiderQueen/Animations/AM_Spider_Hit.uasset" 4112
"D:/Desktop/Jam/game-jam/Content/Characters/Enemy/SpiderQueen/Animations/AM_Spider_Hit.uexp" 4113
"D:/Desktop/Jam/game-jam/Content/Characters/Enemy/SpiderQueen/BP_Enemy_Spider.uasset" 4114
"D:/Desktop/Jam/game-jam/Content/Characters/Enemy/SpiderQueen/BP_Enemy_Spider.uexp" 4115
"D:/Desktop/Jam/game-jam/Content/Fantastic_Dungeon_Pack/meshes/modular/stairs/railing/MOD_Stairs_01_Railing_SW.ubulk" 4116
"D:/Desktop/Jam/game-jam/Content/Fantastic_Dungeon_Pack/meshes/modular/stairs/railing/MOD_Stairs_01_Railing_SW.uasset" 4117
"D:/Desktop/Jam/game-jam/Content/Fantastic_Dungeon_Pack/meshes/modular/stairs/railing/MOD_Stairs_01_Railing_SW.uexp" 4118
"D:/Desktop/Jam/game-jam/Content/Fantastic_Dungeon_Pack/meshes/props/tools/SM_PROP_fork_dungeon.ubulk" 4119
"D:/Desktop/Jam/game-jam/Content/Fantastic_Dungeon_Pack/meshes/props/tools/SM_PROP_fork_dungeon.uasset" 4120
"D:/Desktop/Jam/game-jam/Content/Fantastic_Dungeon_Pack/meshes/props/tools/SM_PROP_fork_dungeon.uexp" 4121
"D:/Desktop/Jam/game-jam/Content/Fantastic_Dungeon_Pack/meshes/props/container/SM_PROP_pan_dungeon.ubulk" 4122
"D:/Desktop/Jam/game-jam/Content/Fantastic_Dungeon_Pack/meshes/props/container/SM_PROP_pan_dungeon.uasset" 4123
"D:/Desktop/Jam/game-jam/Content/Fantastic_Dungeon_Pack/meshes/props/container/SM_PROP_pan_dungeon.uexp" 4124
"D:/Desktop/Jam/game-jam/Content/Fantastic_Dungeon_Pack/meshes/modular/stairs/stairs/MOD_Stairs_01_E_med_NW.ubulk" 4125
"D:/Desktop/Jam/game-jam/Content/Fantastic_Dungeon_Pack/meshes/modular/stairs/stairs/MOD_Stairs_01_E_med_NW.uasset" 4126
"D:/Desktop/Jam/game-jam/Content/Fantastic_Dungeon_Pack/meshes/modular/stairs/stairs/MOD_Stairs_01_E_med_NW.uexp" 4127
"D:/Desktop/Jam/game-jam/Content/Fantastic_Dungeon_Pack/meshes/props/small_deco/SM_PROP_coin_dungeon_01.ubulk" 4128
"D:/Desktop/Jam/game-jam/Content/Fantastic_Dungeon_Pack/meshes/props/small_deco/SM_PROP_coin_dungeon_01.uasset" 4129
"D:/Desktop/Jam/game-jam/Content/Fantastic_Dungeon_Pack/meshes/props/small_deco/SM_PROP_coin_dungeon_01.uexp" 4130
"D:/Desktop/Jam/game-jam/Content/Fantastic_Dungeon_Pack/meshes/props/environment/SM_PROP_vegetation_dungeon_03.ubulk" 4131
"D:/Desktop/Jam/game-jam/Content/Fantastic_Dungeon_Pack/meshes/props/environment/SM_PROP_vegetation_dungeon_03.uasset" 4132
"D:/Desktop/Jam/game-jam/Content/Fantastic_Dungeon_Pack/meshes/props/environment/SM_PROP_vegetation_dungeon_03.uexp" 4133
"D:/Desktop/Jam/game-jam/Content/Fantastic_Dungeon_Pack/meshes/props/environment/SM_PROP_debris_stones_dungeon_04.ubulk" 4134
"D:/Desktop/Jam/game-jam/Content/Fantastic_Dungeon_Pack/meshes/props/environment/SM_PROP_debris_stones_dungeon_04.uasset" 4135
"D:/Desktop/Jam/game-jam/Content/Fantastic_Dungeon_Pack/meshes/props/environment/SM_PROP_debris_stones_dungeon_04.uexp" 4136
"D:/Desktop/Jam/game-jam/Content/Fantastic_Dungeon_Pack/meshes/modular/wall/oneSided/MOD_Wall_01_O_convex_large_2.ubulk" 4137
"D:/Desktop/Jam/game-jam/Content/Fantastic_Dungeon_Pack/meshes/modular/wall/oneSided/MOD_Wall_01_O_convex_large_2.uasset" 4138
"D:/Desktop/Jam/game-jam/Content/Fantastic_Dungeon_Pack/meshes/modular/wall/oneSided/MOD_Wall_01_O_convex_large_2.uexp" 4139
"D:/Desktop/Jam/game-jam/Content/Fantastic_Dungeon_Pack/meshes/modular/wall/oneSided/MOD_Wall_01_O_angle_large_2.ubulk" 4140
"D:/Desktop/Jam/game-jam/Content/Fantastic_Dungeon_Pack/meshes/modular/wall/oneSided/MOD_Wall_01_O_angle_large_2.uasset" 4141
"D:/Desktop/Jam/game-jam/Content/Fantastic_Dungeon_Pack/meshes/modular/wall/oneSided/MOD_Wall_01_O_angle_large_2.uexp" 4142
"D:/Desktop/Jam/game-jam/Content/Fantastic_Dungeon_Pack/meshes/props/container/SM_PROP_pot_dungeon_04.ubulk" 4143
"D:/Desktop/Jam/game-jam/Content/Fantastic_Dungeon_Pack/meshes/props/container/SM_PROP_pot_dungeon_04.uasset" 4144
"D:/Desktop/Jam/game-jam/Content/Fantastic_Dungeon_Pack/meshes/props/container/SM_PROP_pot_dungeon_04.uexp" 4145
"D:/Desktop/Jam/game-jam/Content/Fantastic_Dungeon_Pack/meshes/props/container/SM_PROP_barrel_dungeon_04.ubulk" 4146
"D:/Desktop/Jam/game-jam/Content/Fantastic_Dungeon_Pack/meshes/props/container/SM_PROP_barrel_dungeon_04.uasset" 4147
"D:/Desktop/Jam/game-jam/Content/Fantastic_Dungeon_Pack/meshes/props/container/SM_PROP_barrel_dungeon_04.uexp" 4148
"D:/Desktop/Jam/game-jam/Content/Fantastic_Dungeon_Pack/meshes/props/container/SM_PROP_box_dungeon_06.ubulk" 4149
"D:/Desktop/Jam/game-jam/Content/Fantastic_Dungeon_Pack/meshes/props/container/SM_PROP_box_dungeon_06.uasset" 4150
"D:/Desktop/Jam/game-jam/Content/Fantastic_Dungeon_Pack/meshes/props/container/SM_PROP_box_dungeon_06.uexp" 4151
"D:/Desktop/Jam/game-jam/Content/Fantastic_Dungeon_Pack/meshes/props/construct/SM_PROP_beam_wood_dungeon_02.ubulk" 4152
"D:/Desktop/Jam/game-jam/Content/Fantastic_Dungeon_Pack/meshes/props/construct/SM_PROP_beam_wood_dungeon_02.uasset" 4153
"D:/Desktop/Jam/game-jam/Content/Fantastic_Dungeon_Pack/meshes/props/construct/SM_PROP_beam_wood_dungeon_02.uexp" 4154
"D:/Desktop/Jam/game-jam/Content/Fantastic_Dungeon_Pack/meshes/props/construct/SM_PROP_beam_wood_dungeon_01.ubulk" 4155
"D:/Desktop/Jam/game-jam/Content/Fantastic_Dungeon_Pack/meshes/props/construct/SM_PROP_beam_wood_dungeon_01.uasset" 4156
"D:/Desktop/Jam/game-jam/Content/Fantastic_Dungeon_Pack/meshes/props/construct/SM_PROP_beam_wood_dungeon_01.uexp" 4157
"D:/Desktop/Jam/game-jam/Content/Fantastic_Dungeon_Pack/blueprints/props/BP_PROP_chandelier_dungeon_02.uasset" 4158
"D:/Desktop/Jam/game-jam/Content/Fantastic_Dungeon_Pack/blueprints/props/BP_PROP_chandelier_dungeon_02.uexp" 4159
"D:/Desktop/Jam/game-jam/Content/Fantastic_Dungeon_Pack/meshes/modular/wall/oneSided/MOD_Wall_01_O_convex_small.ubulk" 4160
"D:/Desktop/Jam/game-jam/Content/Fantastic_Dungeon_Pack/meshes/modular/wall/oneSided/MOD_Wall_01_O_convex_small.uasset" 4161
"D:/Desktop/Jam/game-jam/Content/Fantastic_Dungeon_Pack/meshes/modular/wall/oneSided/MOD_Wall_01_O_convex_small.uexp" 4162
"D:/Desktop/Jam/game-jam/Content/Fantastic_Dungeon_Pack/meshes/props/small_deco/SM_PROP_scroll_dungeon_03.ubulk" 4163
"D:/Desktop/Jam/game-jam/Content/Fantastic_Dungeon_Pack/meshes/props/small_deco/SM_PROP_scroll_dungeon_03.uasset" 4164
"D:/Desktop/Jam/game-jam/Content/Fantastic_Dungeon_Pack/meshes/props/small_deco/SM_PROP_scroll_dungeon_03.uexp" 4165
"D:/Desktop/Jam/game-jam/Content/Fantastic_Dungeon_Pack/meshes/props/container/SM_PROP_pot_dungeon_06.ubulk" 4166
"D:/Desktop/Jam/game-jam/Content/Fantastic_Dungeon_Pack/meshes/props/container/SM_PROP_pot_dungeon_06.uasset" 4167
"D:/Desktop/Jam/game-jam/Content/Fantastic_Dungeon_Pack/meshes/props/container/SM_PROP_pot_dungeon_06.uexp" 4168
"D:/Desktop/Jam/game-jam/Content/Fantastic_Dungeon_Pack/meshes/props/light/SM_PROP_candle_dungeon_01.ubulk" 4169
"D:/Desktop/Jam/game-jam/Content/Fantastic_Dungeon_Pack/meshes/props/light/SM_PROP_candle_dungeon_01.uasset" 4170
"D:/Desktop/Jam/game-jam/Content/Fantastic_Dungeon_Pack/meshes/props/light/SM_PROP_candle_dungeon_01.uexp" 4171
"D:/Desktop/Jam/game-jam/Content/Fantastic_Dungeon_Pack/meshes/props/small_deco/SM_PROP_bookpile_dungeon_01.ubulk" 4172
"D:/Desktop/Jam/game-jam/Content/Fantastic_Dungeon_Pack/meshes/props/small_deco/SM_PROP_bookpile_dungeon_01.uasset" 4173
"D:/Desktop/Jam/game-jam/Content/Fantastic_Dungeon_Pack/meshes/props/small_deco/SM_PROP_bookpile_dungeon_01.uexp" 4174
"D:/Desktop/Jam/game-jam/Content/Fantastic_Dungeon_Pack/blueprints/props/BP_PROP_bookshelf_dungeon_04.uasset" 4175
"D:/Desktop/Jam/game-jam/Content/Fantastic_Dungeon_Pack/blueprints/props/BP_PROP_bookshelf_dungeon_04.uexp" 4176
"D:/Desktop/Jam/game-jam/Content/Fantastic_Dungeon_Pack/meshes/modular/wall/pivotMiddle/MOD_Wall_01_M_straight_small.ubulk" 4177
"D:/Desktop/Jam/game-jam/Content/Fantastic_Dungeon_Pack/meshes/modular/wall/pivotMiddle/MOD_Wall_01_M_straight_small.uasset" 4178
"D:/Desktop/Jam/game-jam/Content/Fantastic_Dungeon_Pack/meshes/modular/wall/pivotMiddle/MOD_Wall_01_M_straight_small.uexp" 4179
"D:/Desktop/Jam/game-jam/Content/Fantastic_Dungeon_Pack/blueprints/modular/comps/wall/PivotMiddle/BP_COMP_Wall_01_M_straight_small.uasset" 4180
"D:/Desktop/Jam/game-jam/Content/Fantastic_Dungeon_Pack/blueprints/modular/comps/wall/PivotMiddle/BP_COMP_Wall_01_M_straight_small.uexp" 4181
"D:/Desktop/Jam/game-jam/Content/Fantastic_Dungeon_Pack/meshes/modular/wall/pivotEdge/MOD_Wall_01_E_corner_concave_small.ubulk" 4182
"D:/Desktop/Jam/game-jam/Content/Fantastic_Dungeon_Pack/meshes/modular/wall/pivotEdge/MOD_Wall_01_E_corner_concave_small.uasset" 4183
"D:/Desktop/Jam/game-jam/Content/Fantastic_Dungeon_Pack/meshes/modular/wall/pivotEdge/MOD_Wall_01_E_corner_concave_small.uexp" 4184
"D:/Desktop/Jam/game-jam/Content/Fantastic_Dungeon_Pack/blueprints/modular/comps/wall/PivotEdge/BP_COMP_Wall_01_E_corner_concave_small.uasset" 4185
"D:/Desktop/Jam/game-jam/Content/Fantastic_Dungeon_Pack/blueprints/modular/comps/wall/PivotEdge/BP_COMP_Wall_01_E_corner_concave_small.uexp" 4186
"D:/Desktop/Jam/game-jam/Content/Fantastic_Dungeon_Pack/meshes/props/fabrics/SM_PROP_rug_dungeon_01.ubulk" 4187
"D:/Desktop/Jam/game-jam/Content/Fantastic_Dungeon_Pack/meshes/props/fabrics/SM_PROP_rug_dungeon_01.uasset" 4188
"D:/Desktop/Jam/game-jam/Content/Fantastic_Dungeon_Pack/meshes/props/fabrics/SM_PROP_rug_dungeon_01.uexp" 4189
"D:/Desktop/Jam/game-jam/Content/Fantastic_Dungeon_Pack/meshes/props/environment/SM_PROP_orevein_copper_dungeon.ubulk" 4190
"D:/Desktop/Jam/game-jam/Content/Fantastic_Dungeon_Pack/meshes/props/environment/SM_PROP_orevein_copper_dungeon.uasset" 4191
"D:/Desktop/Jam/game-jam/Content/Fantastic_Dungeon_Pack/meshes/props/environment/SM_PROP_orevein_copper_dungeon.uexp" 4192
"D:/Desktop/Jam/game-jam/Content/Fantastic_Dungeon_Pack/meshes/props/environment/SM_PROP_spiderweb_dungeon_03.ubulk" 4193
"D:/Desktop/Jam/game-jam/Content/Fantastic_Dungeon_Pack/meshes/props/environment/SM_PROP_spiderweb_dungeon_03.uasset" 4194
"D:/Desktop/Jam/game-jam/Content/Fantastic_Dungeon_Pack/meshes/props/environment/SM_PROP_spiderweb_dungeon_03.uexp" 4195
"D:/Desktop/Jam/game-jam/Content/Fantastic_Dungeon_Pack/meshes/modular/wall/pivotEdge/MOD_Wall_01_E_straight_small_edge_R.ubulk" 4196
"D:/Desktop/Jam/game-jam/Content/Fantastic_Dungeon_Pack/meshes/modular/wall/pivotEdge/MOD_Wall_01_E_straight_small_edge_R.uasset" 4197
"D:/Desktop/Jam/game-jam/Content/Fantastic_Dungeon_Pack/meshes/modular/wall/pivotEdge/MOD_Wall_01_E_straight_small_edge_R.uexp" 4198
"D:/Desktop/Jam/game-jam/Content/Fantastic_Dungeon_Pack/meshes/modular/trim/wallTrim/pivotEdge/MOD_WallTrim_01_E_straight_edge_R.ubulk" 4199
"D:/Desktop/Jam/game-jam/Content/Fantastic_Dungeon_Pack/meshes/modular/trim/wallTrim/pivotEdge/MOD_WallTrim_01_E_straight_edge_R.uasset" 4200
"D:/Desktop/Jam/game-jam/Content/Fantastic_Dungeon_Pack/meshes/modular/trim/wallTrim/pivotEdge/MOD_WallTrim_01_E_straight_edge_R.uexp" 4201
"D:/Desktop/Jam/game-jam/Content/Fantastic_Dungeon_Pack/meshes/modular/trim/wallCover/pivotEdge/MOD_WallCover_01_E_straight_edge_R.ubulk" 4202
"D:/Desktop/Jam/game-jam/Content/Fantastic_Dungeon_Pack/meshes/modular/trim/wallCover/pivotEdge/MOD_WallCover_01_E_straight_edge_R.uasset" 4203
"D:/Desktop/Jam/game-jam/Content/Fantastic_Dungeon_Pack/meshes/modular/trim/wallCover/pivotEdge/MOD_WallCover_01_E_straight_edge_R.uexp" 4204
"D:/Desktop/Jam/game-jam/Content/Fantastic_Dungeon_Pack/blueprints/modular/comps/wall/PivotEdge/BP_COMP_Wall_01_E_straight_small_edge_R.uasset" 4205
"D:/Desktop/Jam/game-jam/Content/Fantastic_Dungeon_Pack/blueprints/modular/comps/wall/PivotEdge/BP_COMP_Wall_01_E_straight_small_edge_R.uexp" 4206
"D:/Desktop/Jam/game-jam/Content/Fantastic_Dungeon_Pack/textures/T_metal_dungeon_02_BC.ubulk" 4207
"D:/Desktop/Jam/game-jam/Content/Fantastic_Dungeon_Pack/textures/T_metal_dungeon_02_BC.uasset" 4208
"D:/Desktop/Jam/game-jam/Content/Fantastic_Dungeon_Pack/textures/T_metal_dungeon_02_BC.uexp" 4209
"D:/Desktop/Jam/game-jam/Content/Fantastic_Dungeon_Pack/materials/MI_metal_dungeon_02.uasset" 4210
"D:/Desktop/Jam/game-jam/Content/Fantastic_Dungeon_Pack/materials/MI_metal_dungeon_02.uexp" 4211
"D:/Desktop/Jam/game-jam/Content/Fantastic_Dungeon_Pack/meshes/props/tools/SM_PROP_key_dungeon_02.ubulk" 4212
"D:/Desktop/Jam/game-jam/Content/Fantastic_Dungeon_Pack/meshes/props/tools/SM_PROP_key_dungeon_02.uasset" 4213
"D:/Desktop/Jam/game-jam/Content/Fantastic_Dungeon_Pack/meshes/props/tools/SM_PROP_key_dungeon_02.uexp" 4214
"D:/Desktop/Jam/game-jam/Content/Fantastic_Dungeon_Pack/meshes/modular/wall/oneSided/MOD_Wall_01_O_concave_med.ubulk" 4215
"D:/Desktop/Jam/game-jam/Content/Fantastic_Dungeon_Pack/meshes/modular/wall/oneSided/MOD_Wall_01_O_concave_med.uasset" 4216
"D:/Desktop/Jam/game-jam/Content/Fantastic_Dungeon_Pack/meshes/modular/wall/oneSided/MOD_Wall_01_O_concave_med.uexp" 4217
"D:/Desktop/Jam/game-jam/Content/Fantastic_Dungeon_Pack/meshes/props/container/SM_PROP_cup_dungeon_05.ubulk" 4218
"D:/Desktop/Jam/game-jam/Content/Fantastic_Dungeon_Pack/meshes/props/container/SM_PROP_cup_dungeon_05.uasset" 4219
"D:/Desktop/Jam/game-jam/Content/Fantastic_Dungeon_Pack/meshes/props/container/SM_PROP_cup_dungeon_05.uexp" 4220
"D:/Desktop/Jam/game-jam/Content/Fantastic_Dungeon_Pack/meshes/modular/gateway/MOD_Gateway_Door_01_med_01_frame.ubulk" 4221
"D:/Desktop/Jam/game-jam/Content/Fantastic_Dungeon_Pack/meshes/modular/gateway/MOD_Gateway_Door_01_med_01_frame.uasset" 4222
"D:/Desktop/Jam/game-jam/Content/Fantastic_Dungeon_Pack/meshes/modular/gateway/MOD_Gateway_Door_01_med_01_frame.uexp" 4223
"D:/Desktop/Jam/game-jam/Content/Fantastic_Dungeon_Pack/meshes/modular/gateway/MOD_Gateway_Door_01_med_01_door.ubulk" 4224
"D:/Desktop/Jam/game-jam/Content/Fantastic_Dungeon_Pack/meshes/modular/gateway/MOD_Gateway_Door_01_med_01_door.uasset" 4225
"D:/Desktop/Jam/game-jam/Content/Fantastic_Dungeon_Pack/meshes/modular/gateway/MOD_Gateway_Door_01_med_01_door.uexp" 4226
"D:/Desktop/Jam/game-jam/Content/Fantastic_Dungeon_Pack/meshes/modular/gateway/MOD_Gateway_Door_01_med_01.ubulk" 4227
"D:/Desktop/Jam/game-jam/Content/Fantastic_Dungeon_Pack/meshes/modular/gateway/MOD_Gateway_Door_01_med_01.uasset" 4228
"D:/Desktop/Jam/game-jam/Content/Fantastic_Dungeon_Pack/meshes/modular/gateway/MOD_Gateway_Door_01_med_01.uexp" 4229
"D:/Desktop/Jam/game-jam/Content/Fantastic_Dungeon_Pack/blueprints/modular/comps/gateway/BP_COMP_Door_01_med_01.uasset" 4230
"D:/Desktop/Jam/game-jam/Content/Fantastic_Dungeon_Pack/blueprints/modular/comps/gateway/BP_COMP_Door_01_med_01.uexp" 4231
"D:/Desktop/Jam/game-jam/Content/Fantastic_Dungeon_Pack/blueprints/props/BP_PROP_candles_dungeon_03.uasset" 4232
"D:/Desktop/Jam/game-jam/Content/Fantastic_Dungeon_Pack/blueprints/props/BP_PROP_candles_dungeon_03.uexp" 4233
"D:/Desktop/Jam/game-jam/Content/Fantastic_Dungeon_Pack/meshes/props/environment/SM_PROP_vegetation_dungeon_01.ubulk" 4234
"D:/Desktop/Jam/game-jam/Content/Fantastic_Dungeon_Pack/meshes/props/environment/SM_PROP_vegetation_dungeon_01.uasset" 4235
"D:/Desktop/Jam/game-jam/Content/Fantastic_Dungeon_Pack/meshes/props/environment/SM_PROP_vegetation_dungeon_01.uexp" 4236
"D:/Desktop/Jam/game-jam/Content/Fantastic_Dungeon_Pack/meshes/props/container/SM_PROP_cup_dungeon_04.ubulk" 4237
"D:/Desktop/Jam/game-jam/Content/Fantastic_Dungeon_Pack/meshes/props/container/SM_PROP_cup_dungeon_04.uasset" 4238
"D:/Desktop/Jam/game-jam/Content/Fantastic_Dungeon_Pack/meshes/props/container/SM_PROP_cup_dungeon_04.uexp" 4239
"D:/Desktop/Jam/game-jam/Content/Fantastic_Dungeon_Pack/meshes/props/container/SM_PROP_plate_dungeon_09.ubulk" 4240
"D:/Desktop/Jam/game-jam/Content/Fantastic_Dungeon_Pack/meshes/props/container/SM_PROP_plate_dungeon_09.uasset" 4241
"D:/Desktop/Jam/game-jam/Content/Fantastic_Dungeon_Pack/meshes/props/container/SM_PROP_plate_dungeon_09.uexp" 4242
"D:/Desktop/Jam/game-jam/Content/Fantastic_Dungeon_Pack/meshes/props/light/SM_PROP_candle_dungeon_02.ubulk" 4243
"D:/Desktop/Jam/game-jam/Content/Fantastic_Dungeon_Pack/meshes/props/light/SM_PROP_candle_dungeon_02.uasset" 4244
"D:/Desktop/Jam/game-jam/Content/Fantastic_Dungeon_Pack/meshes/props/light/SM_PROP_candle_dungeon_02.uexp" 4245
"D:/Desktop/Jam/game-jam/Content/Fantastic_Dungeon_Pack/meshes/props/container/SM_PROP_plate_dungeon_06.ubulk" 4246
"D:/Desktop/Jam/game-jam/Content/Fantastic_Dungeon_Pack/meshes/props/container/SM_PROP_plate_dungeon_06.uasset" 4247
"D:/Desktop/Jam/game-jam/Content/Fantastic_Dungeon_Pack/meshes/props/container/SM_PROP_plate_dungeon_06.uexp" 4248
"D:/Desktop/Jam/game-jam/Content/Fantastic_Dungeon_Pack/meshes/modular/floor/pivotEdge/MOD_Floor_01_E_straight_med.ubulk" 4249
"D:/Desktop/Jam/game-jam/Content/Fantastic_Dungeon_Pack/meshes/modular/floor/pivotEdge/MOD_Floor_01_E_straight_med.uasset" 4250
"D:/Desktop/Jam/game-jam/Content/Fantastic_Dungeon_Pack/meshes/modular/floor/pivotEdge/MOD_Floor_01_E_straight_med.uexp" 4251
"D:/Desktop/Jam/game-jam/Content/Fantastic_Dungeon_Pack/meshes/props/container/SM_PROP_pot_dungeon_05.ubulk" 4252
"D:/Desktop/Jam/game-jam/Content/Fantastic_Dungeon_Pack/meshes/props/container/SM_PROP_pot_dungeon_05.uasset" 4253
"D:/Desktop/Jam/game-jam/Content/Fantastic_Dungeon_Pack/meshes/props/container/SM_PROP_pot_dungeon_05.uexp" 4254
"D:/Desktop/Jam/game-jam/Content/Fantastic_Dungeon_Pack/meshes/props/small_deco/SM_PROP_bottle_dungeon_17.ubulk" 4255
"D:/Desktop/Jam/game-jam/Content/Fantastic_Dungeon_Pack/meshes/props/small_deco/SM_PROP_bottle_dungeon_17.uasset" 4256
"D:/Desktop/Jam/game-jam/Content/Fantastic_Dungeon_Pack/meshes/props/small_deco/SM_PROP_bottle_dungeon_17.uexp" 4257
"D:/Desktop/Jam/game-jam/Content/Fantastic_Dungeon_Pack/meshes/props/tools/SM_PROP_weapon_sword_dungeon_03.ubulk" 4258
"D:/Desktop/Jam/game-jam/Content/Fantastic_Dungeon_Pack/meshes/props/tools/SM_PROP_weapon_sword_dungeon_03.uasset" 4259
"D:/Desktop/Jam/game-jam/Content/Fantastic_Dungeon_Pack/meshes/props/tools/SM_PROP_weapon_sword_dungeon_03.uexp" 4260
"D:/Desktop/Jam/game-jam/Content/Fantastic_Dungeon_Pack/meshes/props/furniture/SM_PROP_bookshelf_dungeon_01.ubulk" 4261
"D:/Desktop/Jam/game-jam/Content/Fantastic_Dungeon_Pack/meshes/props/furniture/SM_PROP_bookshelf_dungeon_01.uasset" 4262
"D:/Desktop/Jam/game-jam/Content/Fantastic_Dungeon_Pack/meshes/props/furniture/SM_PROP_bookshelf_dungeon_01.uexp" 4263
"D:/Desktop/Jam/game-jam/Content/Fantastic_Dungeon_Pack/meshes/props/tools/SM_PROP_weapon_shield_dungeon_01.ubulk" 4264
"D:/Desktop/Jam/game-jam/Content/Fantastic_Dungeon_Pack/meshes/props/tools/SM_PROP_weapon_shield_dungeon_01.uasset" 4265
"D:/Desktop/Jam/game-jam/Content/Fantastic_Dungeon_Pack/meshes/props/tools/SM_PROP_weapon_shield_dungeon_01.uexp" 4266
"D:/Desktop/Jam/game-jam/Content/Fantastic_Dungeon_Pack/meshes/props/small_deco/SM_PROP_bottle_dungeon_02.ubulk" 4267
"D:/Desktop/Jam/game-jam/Content/Fantastic_Dungeon_Pack/meshes/props/small_deco/SM_PROP_bottle_dungeon_02.uasset" 4268
"D:/Desktop/Jam/game-jam/Content/Fantastic_Dungeon_Pack/meshes/props/small_deco/SM_PROP_bottle_dungeon_02.uexp" 4269
"D:/Desktop/Jam/game-jam/Content/Fantastic_Dungeon_Pack/meshes/props/tools/SM_PROP_key_dungeon_01.ubulk" 4270
"D:/Desktop/Jam/game-jam/Content/Fantastic_Dungeon_Pack/meshes/props/tools/SM_PROP_key_dungeon_01.uasset" 4271
"D:/Desktop/Jam/game-jam/Content/Fantastic_Dungeon_Pack/meshes/props/tools/SM_PROP_key_dungeon_01.uexp" 4272
"D:/Desktop/Jam/game-jam/Content/Fantastic_Dungeon_Pack/meshes/props/container/SM_PROP_pot_dungeon_07.ubulk" 4273
"D:/Desktop/Jam/game-jam/Content/Fantastic_Dungeon_Pack/meshes/props/container/SM_PROP_pot_dungeon_07.uasset" 4274
"D:/Desktop/Jam/game-jam/Content/Fantastic_Dungeon_Pack/meshes/props/container/SM_PROP_pot_dungeon_07.uexp" 4275
"D:/Desktop/Jam/game-jam/Content/Fantastic_Dungeon_Pack/blueprints/props/BP_PROP_bookshelf_dungeon_01.uasset" 4276
"D:/Desktop/Jam/game-jam/Content/Fantastic_Dungeon_Pack/blueprints/props/BP_PROP_bookshelf_dungeon_01.uexp" 4277
"D:/Desktop/Jam/game-jam/Content/Fantastic_Dungeon_Pack/meshes/props/tools/SM_PROP_weapon_sword_dungeon_01.ubulk" 4278
"D:/Desktop/Jam/game-jam/Content/Fantastic_Dungeon_Pack/meshes/props/tools/SM_PROP_weapon_sword_dungeon_01.uasset" 4279
"D:/Desktop/Jam/game-jam/Content/Fantastic_Dungeon_Pack/meshes/props/tools/SM_PROP_weapon_sword_dungeon_01.uexp" 4280
"D:/Desktop/Jam/game-jam/Content/Fantastic_Dungeon_Pack/meshes/props/environment/SM_PROP_vegetation_dungeon_05.ubulk" 4281
"D:/Desktop/Jam/game-jam/Content/Fantastic_Dungeon_Pack/meshes/props/environment/SM_PROP_vegetation_dungeon_05.uasset" 4282
"D:/Desktop/Jam/game-jam/Content/Fantastic_Dungeon_Pack/meshes/props/environment/SM_PROP_vegetation_dungeon_05.uexp" 4283
"D:/Desktop/Jam/game-jam/Content/Fantastic_Dungeon_Pack/meshes/props/environment/SM_PROP_skeleton_bone_pile_dungeon.ubulk" 4284
"D:/Desktop/Jam/game-jam/Content/Fantastic_Dungeon_Pack/meshes/props/environment/SM_PROP_skeleton_bone_pile_dungeon.uasset" 4285
"D:/Desktop/Jam/game-jam/Content/Fantastic_Dungeon_Pack/meshes/props/environment/SM_PROP_skeleton_bone_pile_dungeon.uexp" 4286
"D:/Desktop/Jam/game-jam/Content/Fantastic_Dungeon_Pack/meshes/modular/wall/oneSided/MOD_Wall_01_O_concave_large.ubulk" 4287
"D:/Desktop/Jam/game-jam/Content/Fantastic_Dungeon_Pack/meshes/modular/wall/oneSided/MOD_Wall_01_O_concave_large.uasset" 4288
"D:/Desktop/Jam/game-jam/Content/Fantastic_Dungeon_Pack/meshes/modular/wall/oneSided/MOD_Wall_01_O_concave_large.uexp" 4289
"D:/Desktop/Jam/game-jam/Content/Fantastic_Dungeon_Pack/meshes/modular/wall/oneSided/MOD_Wall_01_O_concave_large_2.ubulk" 4290
"D:/Desktop/Jam/game-jam/Content/Fantastic_Dungeon_Pack/meshes/modular/wall/oneSided/MOD_Wall_01_O_concave_large_2.uasset" 4291
"D:/Desktop/Jam/game-jam/Content/Fantastic_Dungeon_Pack/meshes/modular/wall/oneSided/MOD_Wall_01_O_concave_large_2.uexp" 4292
"D:/Desktop/Jam/game-jam/Content/Fantastic_Dungeon_Pack/meshes/modular/gateway/MOD_Gateway_Door_01_large_plank_01.ubulk" 4293
"D:/Desktop/Jam/game-jam/Content/Fantastic_Dungeon_Pack/meshes/modular/gateway/MOD_Gateway_Door_01_large_plank_01.uasset" 4294
"D:/Desktop/Jam/game-jam/Content/Fantastic_Dungeon_Pack/meshes/modular/gateway/MOD_Gateway_Door_01_large_plank_01.uexp" 4295
"D:/Desktop/Jam/game-jam/Content/Fantastic_Dungeon_Pack/meshes/props/container/SM_PROP_chest_dungeon_03.ubulk" 4296
"D:/Desktop/Jam/game-jam/Content/Fantastic_Dungeon_Pack/meshes/props/container/SM_PROP_chest_dungeon_03.uasset" 4297
"D:/Desktop/Jam/game-jam/Content/Fantastic_Dungeon_Pack/meshes/props/container/SM_PROP_chest_dungeon_03.uexp" 4298
"D:/Desktop/Jam/game-jam/Content/Fantastic_Dungeon_Pack/meshes/props/container/SM_PROP_chest_top_dungeon_03.ubulk" 4299
"D:/Desktop/Jam/game-jam/Content/Fantastic_Dungeon_Pack/meshes/props/container/SM_PROP_chest_top_dungeon_03.uasset" 4300
"D:/Desktop/Jam/game-jam/Content/Fantastic_Dungeon_Pack/meshes/props/container/SM_PROP_chest_top_dungeon_03.uexp" 4301
"D:/Desktop/Jam/game-jam/Content/Fantastic_Dungeon_Pack/blueprints/props/BP_PROP_chest_dungeon_03.uasset" 4302
"D:/Desktop/Jam/game-jam/Content/Fantastic_Dungeon_Pack/blueprints/props/BP_PROP_chest_dungeon_03.uexp" 4303
"../../../Engine/Content/BasicShapes/BasicShapeMaterial.uasset" 4304
"../../../Engine/Content/BasicShapes/BasicShapeMaterial.uexp" 4305
"D:/Desktop/Jam/game-jam/Content/Fantastic_Dungeon_Pack/blueprints/modular/comps/wall/PivotMiddle/BP_COMP_Wall_01_M_straight_med.uasset" 4306
"D:/Desktop/Jam/game-jam/Content/Fantastic_Dungeon_Pack/blueprints/modular/comps/wall/PivotMiddle/BP_COMP_Wall_01_M_straight_med.uexp" 4307
"D:/Desktop/Jam/game-jam/Content/Fantastic_Dungeon_Pack/meshes/modular/trim/wallTrim/pivotMiddle/MOD_WallTrim_01_M_straight_edge_R.ubulk" 4308
"D:/Desktop/Jam/game-jam/Content/Fantastic_Dungeon_Pack/meshes/modular/trim/wallTrim/pivotMiddle/MOD_WallTrim_01_M_straight_edge_R.uasset" 4309
"D:/Desktop/Jam/game-jam/Content/Fantastic_Dungeon_Pack/meshes/modular/trim/wallTrim/pivotMiddle/MOD_WallTrim_01_M_straight_edge_R.uexp" 4310
"D:/Desktop/Jam/game-jam/Content/Fantastic_Dungeon_Pack/blueprints/modular/comps/wall/PivotMiddle/BP_COMP_Wall_01_M_straight_small_edge_R.uasset" 4311
"D:/Desktop/Jam/game-jam/Content/Fantastic_Dungeon_Pack/blueprints/modular/comps/wall/PivotMiddle/BP_COMP_Wall_01_M_straight_small_edge_R.uexp" 4312
"D:/Desktop/Jam/game-jam/Content/Fantastic_Dungeon_Pack/meshes/props/environment/SM_PROP_spiderweb_dungeon_01.ubulk" 4313
"D:/Desktop/Jam/game-jam/Content/Fantastic_Dungeon_Pack/meshes/props/environment/SM_PROP_spiderweb_dungeon_01.uasset" 4314
"D:/Desktop/Jam/game-jam/Content/Fantastic_Dungeon_Pack/meshes/props/environment/SM_PROP_spiderweb_dungeon_01.uexp" 4315
"D:/Desktop/Jam/game-jam/Content/Fantastic_Dungeon_Pack/blueprints/props/BP_PROP_candles_dungeon_02.uasset" 4316
"D:/Desktop/Jam/game-jam/Content/Fantastic_Dungeon_Pack/blueprints/props/BP_PROP_candles_dungeon_02.uexp" 4317
"D:/Desktop/Jam/game-jam/Content/Fantastic_Dungeon_Pack/Old_Dungeon_Backgruond.ubulk" 4318
"D:/Desktop/Jam/game-jam/Content/Fantastic_Dungeon_Pack/Old_Dungeon_Backgruond.uasset" 4319
"D:/Desktop/Jam/game-jam/Content/Fantastic_Dungeon_Pack/Old_Dungeon_Backgruond.uexp" 4320
"D:/Desktop/Jam/game-jam/Content/Fantastic_Dungeon_Pack/meshes/modular/base/MOD_Base_01_straight_large.ubulk" 4321
"D:/Desktop/Jam/game-jam/Content/Fantastic_Dungeon_Pack/meshes/modular/base/MOD_Base_01_straight_large.uasset" 4322
"D:/Desktop/Jam/game-jam/Content/Fantastic_Dungeon_Pack/meshes/modular/base/MOD_Base_01_straight_large.uexp" 4323
"D:/Desktop/Jam/game-jam/Content/Fantastic_Dungeon_Pack/blueprints/modular/level_modules/01/OneSided/Railing/basic/BP_LVL_01_O_rail_straight_SE.uasset" 4324
"D:/Desktop/Jam/game-jam/Content/Fantastic_Dungeon_Pack/blueprints/modular/level_modules/01/OneSided/Railing/basic/BP_LVL_01_O_rail_straight_SE.uexp" 4325
"D:/Desktop/Jam/game-jam/Content/Fantastic_Dungeon_Pack/meshes/props/traps/SM_PROP_trap_floor_dungeon_04.ubulk" 4326
"D:/Desktop/Jam/game-jam/Content/Fantastic_Dungeon_Pack/meshes/props/traps/SM_PROP_trap_floor_dungeon_04.uasset" 4327
"D:/Desktop/Jam/game-jam/Content/Fantastic_Dungeon_Pack/meshes/props/traps/SM_PROP_trap_floor_dungeon_04.uexp" 4328
"D:/Desktop/Jam/game-jam/Content/Fantastic_Dungeon_Pack/meshes/props/traps/SM_PROP_trap_floor_spikes_dungeon_04.ubulk" 4329
"D:/Desktop/Jam/game-jam/Content/Fantastic_Dungeon_Pack/meshes/props/traps/SM_PROP_trap_floor_spikes_dungeon_04.uasset" 4330
"D:/Desktop/Jam/game-jam/Content/Fantastic_Dungeon_Pack/meshes/props/traps/SM_PROP_trap_floor_spikes_dungeon_04.uexp" 4331
"D:/Desktop/Jam/game-jam/Content/Fantastic_Dungeon_Pack/blueprints/props/BP_PROP_trap_floor_spikes_dungeon_02.uasset" 4332
"D:/Desktop/Jam/game-jam/Content/Fantastic_Dungeon_Pack/blueprints/props/BP_PROP_trap_floor_spikes_dungeon_02.uexp" 4333
"D:/Desktop/Jam/game-jam/Content/Fantastic_Dungeon_Pack/meshes/modular/base/MOD_Base_01_straight_med.ubulk" 4334
"D:/Desktop/Jam/game-jam/Content/Fantastic_Dungeon_Pack/meshes/modular/base/MOD_Base_01_straight_med.uasset" 4335
"D:/Desktop/Jam/game-jam/Content/Fantastic_Dungeon_Pack/meshes/modular/base/MOD_Base_01_straight_med.uexp" 4336
"D:/Desktop/Jam/game-jam/Content/Fantastic_Dungeon_Pack/meshes/props/construct/SM_PROP_beam_wood_dungeon_03.ubulk" 4337
"D:/Desktop/Jam/game-jam/Content/Fantastic_Dungeon_Pack/meshes/props/construct/SM_PROP_beam_wood_dungeon_03.uasset" 4338
"D:/Desktop/Jam/game-jam/Content/Fantastic_Dungeon_Pack/meshes/props/construct/SM_PROP_beam_wood_dungeon_03.uexp" 4339
"D:/Desktop/Jam/game-jam/Content/Fantastic_Dungeon_Pack/meshes/modular/stairs/wall/MOD_Stairs_01_Wall_L_3.ubulk" 4340
"D:/Desktop/Jam/game-jam/Content/Fantastic_Dungeon_Pack/meshes/modular/stairs/wall/MOD_Stairs_01_Wall_L_3.uasset" 4341
"D:/Desktop/Jam/game-jam/Content/Fantastic_Dungeon_Pack/meshes/modular/stairs/wall/MOD_Stairs_01_Wall_L_3.uexp" 4342
"D:/Desktop/Jam/game-jam/Content/Fantastic_Dungeon_Pack/meshes/modular/stairs/stairs/MOD_Stairs_01_E_angle_convex_4.ubulk" 4343
"D:/Desktop/Jam/game-jam/Content/Fantastic_Dungeon_Pack/meshes/modular/stairs/stairs/MOD_Stairs_01_E_angle_convex_4.uasset" 4344
"D:/Desktop/Jam/game-jam/Content/Fantastic_Dungeon_Pack/meshes/modular/stairs/stairs/MOD_Stairs_01_E_angle_convex_4.uexp" 4345
"D:/Desktop/Jam/game-jam/Content/Fantastic_Dungeon_Pack/meshes/props/environment/SM_PROP_vegetation_dungeon_02.ubulk" 4346
"D:/Desktop/Jam/game-jam/Content/Fantastic_Dungeon_Pack/meshes/props/environment/SM_PROP_vegetation_dungeon_02.uasset" 4347
"D:/Desktop/Jam/game-jam/Content/Fantastic_Dungeon_Pack/meshes/props/environment/SM_PROP_vegetation_dungeon_02.uexp" 4348
"D:/Desktop/Jam/game-jam/Content/Fantastic_Dungeon_Pack/meshes/modular/stairs/railing/MOD_Stairs_01_Railing_4_2.ubulk" 4349
"D:/Desktop/Jam/game-jam/Content/Fantastic_Dungeon_Pack/meshes/modular/stairs/railing/MOD_Stairs_01_Railing_4_2.uasset" 4350
"D:/Desktop/Jam/game-jam/Content/Fantastic_Dungeon_Pack/meshes/modular/stairs/railing/MOD_Stairs_01_Railing_4_2.uexp" 4351
"D:/Desktop/Jam/game-jam/Content/Fantastic_Dungeon_Pack/meshes/props/container/SM_PROP_pot_dungeon_01.ubulk" 4352
"D:/Desktop/Jam/game-jam/Content/Fantastic_Dungeon_Pack/meshes/props/container/SM_PROP_pot_dungeon_01.uasset" 4353
"D:/Desktop/Jam/game-jam/Content/Fantastic_Dungeon_Pack/meshes/props/container/SM_PROP_pot_dungeon_01.uexp" 4354
"D:/Desktop/Jam/game-jam/Content/Fantastic_Dungeon_Pack/meshes/props/traps/SM_PROP_trap_floor_spikes_dungeon_05.ubulk" 4355
"D:/Desktop/Jam/game-jam/Content/Fantastic_Dungeon_Pack/meshes/props/traps/SM_PROP_trap_floor_spikes_dungeon_05.uasset" 4356
"D:/Desktop/Jam/game-jam/Content/Fantastic_Dungeon_Pack/meshes/props/traps/SM_PROP_trap_floor_spikes_dungeon_05.uexp" 4357
"D:/Desktop/Jam/game-jam/Content/Fantastic_Dungeon_Pack/meshes/props/traps/SM_PROP_trap_floor_dungeon_05.ubulk" 4358
"D:/Desktop/Jam/game-jam/Content/Fantastic_Dungeon_Pack/meshes/props/traps/SM_PROP_trap_floor_dungeon_05.uasset" 4359
"D:/Desktop/Jam/game-jam/Content/Fantastic_Dungeon_Pack/meshes/props/traps/SM_PROP_trap_floor_dungeon_05.uexp" 4360
"D:/Desktop/Jam/game-jam/Content/Fantastic_Dungeon_Pack/blueprints/props/BP_PROP_trap_floor_spikes_dungeon_01.uasset" 4361
"D:/Desktop/Jam/game-jam/Content/Fantastic_Dungeon_Pack/blueprints/props/BP_PROP_trap_floor_spikes_dungeon_01.uexp" 4362
"D:/Desktop/Jam/game-jam/Content/Fantastic_Dungeon_Pack/meshes/props/container/SM_PROP_plate_dungeon_02.ubulk" 4363
"D:/Desktop/Jam/game-jam/Content/Fantastic_Dungeon_Pack/meshes/props/container/SM_PROP_plate_dungeon_02.uasset" 4364
"D:/Desktop/Jam/game-jam/Content/Fantastic_Dungeon_Pack/meshes/props/container/SM_PROP_plate_dungeon_02.uexp" 4365
"D:/Desktop/Jam/game-jam/Content/Fantastic_Dungeon_Pack/meshes/modular/column/MOD_Column_01_block_3.ubulk" 4366
"D:/Desktop/Jam/game-jam/Content/Fantastic_Dungeon_Pack/meshes/modular/column/MOD_Column_01_block_3.uasset" 4367
"D:/Desktop/Jam/game-jam/Content/Fantastic_Dungeon_Pack/meshes/modular/column/MOD_Column_01_block_3.uexp" 4368
"D:/Desktop/Jam/game-jam/Content/Fantastic_Dungeon_Pack/meshes/modular/wall/oneSided/MOD_Wall_01_O_straight_large_half.ubulk" 4369
"D:/Desktop/Jam/game-jam/Content/Fantastic_Dungeon_Pack/meshes/modular/wall/oneSided/MOD_Wall_01_O_straight_large_half.uasset" 4370
"D:/Desktop/Jam/game-jam/Content/Fantastic_Dungeon_Pack/meshes/modular/wall/oneSided/MOD_Wall_01_O_straight_large_half.uexp" 4371
"D:/Desktop/Jam/game-jam/Content/Fantastic_Dungeon_Pack/meshes/props/traps/SM_PROP_cage_door_01_dungeon.ubulk" 4372
"D:/Desktop/Jam/game-jam/Content/Fantastic_Dungeon_Pack/meshes/props/traps/SM_PROP_cage_door_01_dungeon.uasset" 4373
"D:/Desktop/Jam/game-jam/Content/Fantastic_Dungeon_Pack/meshes/props/traps/SM_PROP_cage_door_01_dungeon.uexp" 4374
"D:/Desktop/Jam/game-jam/Content/Fantastic_Dungeon_Pack/meshes/props/traps/SM_PROP_cage_dungeon_01.ubulk" 4375
"D:/Desktop/Jam/game-jam/Content/Fantastic_Dungeon_Pack/meshes/props/traps/SM_PROP_cage_dungeon_01.uasset" 4376
"D:/Desktop/Jam/game-jam/Content/Fantastic_Dungeon_Pack/meshes/props/traps/SM_PROP_cage_dungeon_01.uexp" 4377
"D:/Desktop/Jam/game-jam/Content/Fantastic_Dungeon_Pack/blueprints/props/BP_PROP_cage_dungeon_01.uasset" 4378
"D:/Desktop/Jam/game-jam/Content/Fantastic_Dungeon_Pack/blueprints/props/BP_PROP_cage_dungeon_01.uexp" 4379
"D:/Desktop/Jam/game-jam/Content/Fantastic_Dungeon_Pack/meshes/props/construct/SM_PROP_woodbridge_dungeon_10.ubulk" 4380
"D:/Desktop/Jam/game-jam/Content/Fantastic_Dungeon_Pack/meshes/props/construct/SM_PROP_woodbridge_dungeon_10.uasset" 4381
"D:/Desktop/Jam/game-jam/Content/Fantastic_Dungeon_Pack/meshes/props/construct/SM_PROP_woodbridge_dungeon_10.uexp" 4382
"D:/Desktop/Jam/game-jam/Content/Fantastic_Dungeon_Pack/meshes/props/light/SM_PROP_logpile_dungeon.ubulk" 4383
"D:/Desktop/Jam/game-jam/Content/Fantastic_Dungeon_Pack/meshes/props/light/SM_PROP_logpile_dungeon.uasset" 4384
"D:/Desktop/Jam/game-jam/Content/Fantastic_Dungeon_Pack/meshes/props/light/SM_PROP_logpile_dungeon.uexp" 4385
"D:/Desktop/Jam/game-jam/Content/Fantastic_Dungeon_Pack/meshes/props/light/SM_PROP_fireplace_hook_dungeon_01.ubulk" 4386
"D:/Desktop/Jam/game-jam/Content/Fantastic_Dungeon_Pack/meshes/props/light/SM_PROP_fireplace_hook_dungeon_01.uasset" 4387
"D:/Desktop/Jam/game-jam/Content/Fantastic_Dungeon_Pack/meshes/props/light/SM_PROP_fireplace_hook_dungeon_01.uexp" 4388
"D:/Desktop/Jam/game-jam/Content/Fantastic_Dungeon_Pack/textures/T_ENV_MOD_Wall_01_v1_N.ubulk" 4389
"D:/Desktop/Jam/game-jam/Content/Fantastic_Dungeon_Pack/textures/T_ENV_MOD_Wall_01_v1_N.uasset" 4390
"D:/Desktop/Jam/game-jam/Content/Fantastic_Dungeon_Pack/textures/T_ENV_MOD_Wall_01_v1_N.uexp" 4391
"D:/Desktop/Jam/game-jam/Content/Fantastic_Dungeon_Pack/textures/T_ENV_MOD_Wall_01_v1_BC.ubulk" 4392
"D:/Desktop/Jam/game-jam/Content/Fantastic_Dungeon_Pack/textures/T_ENV_MOD_Wall_01_v1_BC.uasset" 4393
"D:/Desktop/Jam/game-jam/Content/Fantastic_Dungeon_Pack/textures/T_ENV_MOD_Wall_01_v1_BC.uexp" 4394
"D:/Desktop/Jam/game-jam/Content/Fantastic_Dungeon_Pack/textures/T_ENV_MOD_Wall_01_v1_MTSM.ubulk" 4395
"D:/Desktop/Jam/game-jam/Content/Fantastic_Dungeon_Pack/textures/T_ENV_MOD_Wall_01_v1_MTSM.uasset" 4396
"D:/Desktop/Jam/game-jam/Content/Fantastic_Dungeon_Pack/textures/T_ENV_MOD_Wall_01_v1_MTSM.uexp" 4397
"D:/Desktop/Jam/game-jam/Content/Fantastic_Dungeon_Pack/materials/MI_MOD_Wall_01_v1.uasset" 4398
"D:/Desktop/Jam/game-jam/Content/Fantastic_Dungeon_Pack/materials/MI_MOD_Wall_01_v1.uexp" 4399
"D:/Desktop/Jam/game-jam/Content/Fantastic_Dungeon_Pack/meshes/props/light/SM_PROP_fireplace_dungeon.ubulk" 4400
"D:/Desktop/Jam/game-jam/Content/Fantastic_Dungeon_Pack/meshes/props/light/SM_PROP_fireplace_dungeon.uasset" 4401
"D:/Desktop/Jam/game-jam/Content/Fantastic_Dungeon_Pack/meshes/props/light/SM_PROP_fireplace_dungeon.uexp" 4402
"D:/Desktop/Jam/game-jam/Content/Fantastic_Dungeon_Pack/meshes/props/light/SM_PROP_fireplace_fire_dungeon_01.ubulk" 4403
"D:/Desktop/Jam/game-jam/Content/Fantastic_Dungeon_Pack/meshes/props/light/SM_PROP_fireplace_fire_dungeon_01.uasset" 4404
"D:/Desktop/Jam/game-jam/Content/Fantastic_Dungeon_Pack/meshes/props/light/SM_PROP_fireplace_fire_dungeon_01.uexp" 4405
"D:/Desktop/Jam/game-jam/Content/Fantastic_Dungeon_Pack/meshes/props/light/SM_PROP_fireplace_pole_dungeon.ubulk" 4406
"D:/Desktop/Jam/game-jam/Content/Fantastic_Dungeon_Pack/meshes/props/light/SM_PROP_fireplace_pole_dungeon.uasset" 4407
"D:/Desktop/Jam/game-jam/Content/Fantastic_Dungeon_Pack/meshes/props/light/SM_PROP_fireplace_pole_dungeon.uexp" 4408
"D:/Desktop/Jam/game-jam/Content/Fantastic_Dungeon_Pack/blueprints/props/BP_PROP_fireplace_dungeon.uasset" 4409
"D:/Desktop/Jam/game-jam/Content/Fantastic_Dungeon_Pack/blueprints/props/BP_PROP_fireplace_dungeon.uexp" 4410
"D:/Desktop/Jam/game-jam/Content/Fantastic_Dungeon_Pack/meshes/props/light/SM_PROP_brazier_dungeon_01.ubulk" 4411
"D:/Desktop/Jam/game-jam/Content/Fantastic_Dungeon_Pack/meshes/props/light/SM_PROP_brazier_dungeon_01.uasset" 4412
"D:/Desktop/Jam/game-jam/Content/Fantastic_Dungeon_Pack/meshes/props/light/SM_PROP_brazier_dungeon_01.uexp" 4413
"D:/Desktop/Jam/game-jam/Content/Fantastic_Dungeon_Pack/meshes/props/light/SM_PROP_chain_small_dungeon_04.ubulk" 4414
"D:/Desktop/Jam/game-jam/Content/Fantastic_Dungeon_Pack/meshes/props/light/SM_PROP_chain_small_dungeon_04.uasset" 4415
"D:/Desktop/Jam/game-jam/Content/Fantastic_Dungeon_Pack/meshes/props/light/SM_PROP_chain_small_dungeon_04.uexp" 4416
"D:/Desktop/Jam/game-jam/Content/Fantastic_Dungeon_Pack/effects/PS_FX_fire_dungeon_01.uasset" 4417
"D:/Desktop/Jam/game-jam/Content/Fantastic_Dungeon_Pack/effects/PS_FX_fire_dungeon_01.uexp" 4418
"D:/Desktop/Jam/game-jam/Content/Fantastic_Dungeon_Pack/blueprints/props/BP_PROP_brazier_dungeon_02.uasset" 4419
"D:/Desktop/Jam/game-jam/Content/Fantastic_Dungeon_Pack/blueprints/props/BP_PROP_brazier_dungeon_02.uexp" 4420
"D:/Desktop/Jam/game-jam/Content/Fantastic_Dungeon_Pack/meshes/props/container/SM_PROP_plate_dungeon_01.ubulk" 4421
"D:/Desktop/Jam/game-jam/Content/Fantastic_Dungeon_Pack/meshes/props/container/SM_PROP_plate_dungeon_01.uasset" 4422
"D:/Desktop/Jam/game-jam/Content/Fantastic_Dungeon_Pack/meshes/props/container/SM_PROP_plate_dungeon_01.uexp" 4423
"D:/Desktop/Jam/game-jam/Content/Fantastic_Dungeon_Pack/meshes/modular/stairs/wall/MOD_Stairs_01_Wall_R_3.ubulk" 4424
"D:/Desktop/Jam/game-jam/Content/Fantastic_Dungeon_Pack/meshes/modular/stairs/wall/MOD_Stairs_01_Wall_R_3.uasset" 4425
"D:/Desktop/Jam/game-jam/Content/Fantastic_Dungeon_Pack/meshes/modular/stairs/wall/MOD_Stairs_01_Wall_R_3.uexp" 4426
"D:/Desktop/Jam/game-jam/Content/Fantastic_Dungeon_Pack/meshes/props/tools/SM_PROP_knife_dungeon_03.ubulk" 4427
"D:/Desktop/Jam/game-jam/Content/Fantastic_Dungeon_Pack/meshes/props/tools/SM_PROP_knife_dungeon_03.uasset" 4428
"D:/Desktop/Jam/game-jam/Content/Fantastic_Dungeon_Pack/meshes/props/tools/SM_PROP_knife_dungeon_03.uexp" 4429
"D:/Desktop/Jam/game-jam/Content/Fantastic_Dungeon_Pack/meshes/props/furniture/SM_PROP_altar_dungeon_02.ubulk" 4430
"D:/Desktop/Jam/game-jam/Content/Fantastic_Dungeon_Pack/meshes/props/furniture/SM_PROP_altar_dungeon_02.uasset" 4431
"D:/Desktop/Jam/game-jam/Content/Fantastic_Dungeon_Pack/meshes/props/furniture/SM_PROP_altar_dungeon_02.uexp" 4432
"D:/Desktop/Jam/game-jam/Content/Fantastic_Dungeon_Pack/meshes/props/fabrics/SM_PROP_altar_cloth_dungeon_02.ubulk" 4433
"D:/Desktop/Jam/game-jam/Content/Fantastic_Dungeon_Pack/meshes/props/fabrics/SM_PROP_altar_cloth_dungeon_02.uasset" 4434
"D:/Desktop/Jam/game-jam/Content/Fantastic_Dungeon_Pack/meshes/props/fabrics/SM_PROP_altar_cloth_dungeon_02.uexp" 4435
"D:/Desktop/Jam/game-jam/Content/Fantastic_Dungeon_Pack/blueprints/props/BP_PROP_altar_dungeon_02.uasset" 4436
"D:/Desktop/Jam/game-jam/Content/Fantastic_Dungeon_Pack/blueprints/props/BP_PROP_altar_dungeon_02.uexp" 4437
"D:/Desktop/Jam/game-jam/Content/Fantastic_Dungeon_Pack/meshes/props/tools/SM_PROP_spoon_dungeon_01.ubulk" 4438
"D:/Desktop/Jam/game-jam/Content/Fantastic_Dungeon_Pack/meshes/props/tools/SM_PROP_spoon_dungeon_01.uasset" 4439
"D:/Desktop/Jam/game-jam/Content/Fantastic_Dungeon_Pack/meshes/props/tools/SM_PROP_spoon_dungeon_01.uexp" 4440
"D:/Desktop/Jam/game-jam/Content/Fantastic_Dungeon_Pack/meshes/props/furniture/SM_PROP_wallshelf_dungeon_03.ubulk" 4441
"D:/Desktop/Jam/game-jam/Content/Fantastic_Dungeon_Pack/meshes/props/furniture/SM_PROP_wallshelf_dungeon_03.uasset" 4442
"D:/Desktop/Jam/game-jam/Content/Fantastic_Dungeon_Pack/meshes/props/furniture/SM_PROP_wallshelf_dungeon_03.uexp" 4443
"D:/Desktop/Jam/game-jam/Content/Fantastic_Dungeon_Pack/blueprints/props/BP_PROP_wallshelf_dungeon_02.uasset" 4444
"D:/Desktop/Jam/game-jam/Content/Fantastic_Dungeon_Pack/blueprints/props/BP_PROP_wallshelf_dungeon_02.uexp" 4445
"D:/Desktop/Jam/game-jam/Content/Fantastic_Dungeon_Pack/meshes/props/environment/SM_PROP_skeleton_bone_dungeon_03.ubulk" 4446
"D:/Desktop/Jam/game-jam/Content/Fantastic_Dungeon_Pack/meshes/props/environment/SM_PROP_skeleton_bone_dungeon_03.uasset" 4447
"D:/Desktop/Jam/game-jam/Content/Fantastic_Dungeon_Pack/meshes/props/environment/SM_PROP_skeleton_bone_dungeon_03.uexp" 4448
"D:/Desktop/Jam/game-jam/Content/Fantastic_Dungeon_Pack/meshes/props/light/SM_PROP_torch_standing_dungeon.ubulk" 4449
"D:/Desktop/Jam/game-jam/Content/Fantastic_Dungeon_Pack/meshes/props/light/SM_PROP_torch_standing_dungeon.uasset" 4450
"D:/Desktop/Jam/game-jam/Content/Fantastic_Dungeon_Pack/meshes/props/light/SM_PROP_torch_standing_dungeon.uexp" 4451
"D:/Desktop/Jam/game-jam/Content/Fantastic_Dungeon_Pack/blueprints/props/BP_PROP_torch_standing_dungeon.uasset" 4452
"D:/Desktop/Jam/game-jam/Content/Fantastic_Dungeon_Pack/blueprints/props/BP_PROP_torch_standing_dungeon.uexp" 4453
"D:/Desktop/Jam/game-jam/Content/Fantastic_Dungeon_Pack/meshes/modular/gateway/MOD_Gateway_Door_01_large_door_R.ubulk" 4454
"D:/Desktop/Jam/game-jam/Content/Fantastic_Dungeon_Pack/meshes/modular/gateway/MOD_Gateway_Door_01_large_door_R.uasset" 4455
"D:/Desktop/Jam/game-jam/Content/Fantastic_Dungeon_Pack/meshes/modular/gateway/MOD_Gateway_Door_01_large_door_R.uexp" 4456
"D:/Desktop/Jam/game-jam/Content/Fantastic_Dungeon_Pack/meshes/modular/gateway/MOD_Gateway_Door_01_large_door_L.ubulk" 4457
"D:/Desktop/Jam/game-jam/Content/Fantastic_Dungeon_Pack/meshes/modular/gateway/MOD_Gateway_Door_01_large_door_L.uasset" 4458
"D:/Desktop/Jam/game-jam/Content/Fantastic_Dungeon_Pack/meshes/modular/gateway/MOD_Gateway_Door_01_large_door_L.uexp" 4459
"D:/Desktop/Jam/game-jam/Content/Fantastic_Dungeon_Pack/meshes/modular/gateway/MOD_Gateway_Door_01_large.ubulk" 4460
"D:/Desktop/Jam/game-jam/Content/Fantastic_Dungeon_Pack/meshes/modular/gateway/MOD_Gateway_Door_01_large.uasset" 4461
"D:/Desktop/Jam/game-jam/Content/Fantastic_Dungeon_Pack/meshes/modular/gateway/MOD_Gateway_Door_01_large.uexp" 4462
"D:/Desktop/Jam/game-jam/Content/Fantastic_Dungeon_Pack/meshes/modular/gateway/MOD_WallCover_01_M_Gateway.ubulk" 4463
"D:/Desktop/Jam/game-jam/Content/Fantastic_Dungeon_Pack/meshes/modular/gateway/MOD_WallCover_01_M_Gateway.uasset" 4464
"D:/Desktop/Jam/game-jam/Content/Fantastic_Dungeon_Pack/meshes/modular/gateway/MOD_WallCover_01_M_Gateway.uexp" 4465
"D:/Desktop/Jam/game-jam/Content/Fantastic_Dungeon_Pack/blueprints/modular/comps/gateway/BP_COMP_Door_01_large.uasset" 4466
"D:/Desktop/Jam/game-jam/Content/Fantastic_Dungeon_Pack/blueprints/modular/comps/gateway/BP_COMP_Door_01_large.uexp" 4467
"D:/Desktop/Jam/game-jam/Content/Fantastic_Dungeon_Pack/meshes/props/environment/SM_PROP_orevein_silver_dungeon.ubulk" 4468
"D:/Desktop/Jam/game-jam/Content/Fantastic_Dungeon_Pack/meshes/props/environment/SM_PROP_orevein_silver_dungeon.uasset" 4469
"D:/Desktop/Jam/game-jam/Content/Fantastic_Dungeon_Pack/meshes/props/environment/SM_PROP_orevein_silver_dungeon.uexp" 4470
"D:/Desktop/Jam/game-jam/Content/Fantastic_Dungeon_Pack/meshes/props/furniture/SM_PROP_chair_01_dungeon.ubulk" 4471
"D:/Desktop/Jam/game-jam/Content/Fantastic_Dungeon_Pack/meshes/props/furniture/SM_PROP_chair_01_dungeon.uasset" 4472
"D:/Desktop/Jam/game-jam/Content/Fantastic_Dungeon_Pack/meshes/props/furniture/SM_PROP_chair_01_dungeon.uexp" 4473
"D:/Desktop/Jam/game-jam/Content/Fantastic_Dungeon_Pack/meshes/props/environment/SM_PROP_dirtpile_dungeon_03.ubulk" 4474
"D:/Desktop/Jam/game-jam/Content/Fantastic_Dungeon_Pack/meshes/props/environment/SM_PROP_dirtpile_dungeon_03.uasset" 4475
"D:/Desktop/Jam/game-jam/Content/Fantastic_Dungeon_Pack/meshes/props/environment/SM_PROP_dirtpile_dungeon_03.uexp" 4476
"D:/Desktop/Jam/game-jam/Content/Fantastic_Dungeon_Pack/meshes/props/fabrics/SM_PROP_rug_dungeon_03.ubulk" 4477
"D:/Desktop/Jam/game-jam/Content/Fantastic_Dungeon_Pack/meshes/props/fabrics/SM_PROP_rug_dungeon_03.uasset" 4478
"D:/Desktop/Jam/game-jam/Content/Fantastic_Dungeon_Pack/meshes/props/fabrics/SM_PROP_rug_dungeon_03.uexp" 4479
"D:/Desktop/Jam/game-jam/Content/Fantastic_Dungeon_Pack/meshes/modular/wall/oneSided/MOD_Wall_01_O_straight_large_ArcCover.ubulk" 4480
"D:/Desktop/Jam/game-jam/Content/Fantastic_Dungeon_Pack/meshes/modular/wall/oneSided/MOD_Wall_01_O_straight_large_ArcCover.uasset" 4481
"D:/Desktop/Jam/game-jam/Content/Fantastic_Dungeon_Pack/meshes/modular/wall/oneSided/MOD_Wall_01_O_straight_large_ArcCover.uexp" 4482
"D:/Desktop/Jam/game-jam/Content/Fantastic_Dungeon_Pack/blueprints/modular/comps/gateway/BP_COMP_Door_01_med_01_O.uasset" 4483
"D:/Desktop/Jam/game-jam/Content/Fantastic_Dungeon_Pack/blueprints/modular/comps/gateway/BP_COMP_Door_01_med_01_O.uexp" 4484
"D:/Desktop/Jam/game-jam/Content/Fantastic_Dungeon_Pack/meshes/props/environment/SM_PROP_skeleton_bone_dungeon_04.ubulk" 4485
"D:/Desktop/Jam/game-jam/Content/Fantastic_Dungeon_Pack/meshes/props/environment/SM_PROP_skeleton_bone_dungeon_04.uasset" 4486
"D:/Desktop/Jam/game-jam/Content/Fantastic_Dungeon_Pack/meshes/props/environment/SM_PROP_skeleton_bone_dungeon_04.uexp" 4487
"D:/Desktop/Jam/game-jam/Content/Fantastic_Dungeon_Pack/meshes/props/environment/SM_PROP_vegetation_grass_dungeon_03.ubulk" 4488
"D:/Desktop/Jam/game-jam/Content/Fantastic_Dungeon_Pack/meshes/props/environment/SM_PROP_vegetation_grass_dungeon_03.uasset" 4489
"D:/Desktop/Jam/game-jam/Content/Fantastic_Dungeon_Pack/meshes/props/environment/SM_PROP_vegetation_grass_dungeon_03.uexp" 4490
"D:/Desktop/Jam/game-jam/Content/Fantastic_Dungeon_Pack/meshes/props/environment/SM_PROP_debris_stones_dungeon_01.ubulk" 4491
"D:/Desktop/Jam/game-jam/Content/Fantastic_Dungeon_Pack/meshes/props/environment/SM_PROP_debris_stones_dungeon_01.uasset" 4492
"D:/Desktop/Jam/game-jam/Content/Fantastic_Dungeon_Pack/meshes/props/environment/SM_PROP_debris_stones_dungeon_01.uexp" 4493
"D:/Desktop/Jam/game-jam/Content/Fantastic_Dungeon_Pack/meshes/props/tools/SM_PROP_weapon_shield_dungeon_03.ubulk" 4494
"D:/Desktop/Jam/game-jam/Content/Fantastic_Dungeon_Pack/meshes/props/tools/SM_PROP_weapon_shield_dungeon_03.uasset" 4495
"D:/Desktop/Jam/game-jam/Content/Fantastic_Dungeon_Pack/meshes/props/tools/SM_PROP_weapon_shield_dungeon_03.uexp" 4496
"D:/Desktop/Jam/game-jam/Content/Fantastic_Dungeon_Pack/meshes/modular/wall/pivotMiddle/MOD_Wall_01_M_straight_med_edge_R.ubulk" 4497
"D:/Desktop/Jam/game-jam/Content/Fantastic_Dungeon_Pack/meshes/modular/wall/pivotMiddle/MOD_Wall_01_M_straight_med_edge_R.uasset" 4498
"D:/Desktop/Jam/game-jam/Content/Fantastic_Dungeon_Pack/meshes/modular/wall/pivotMiddle/MOD_Wall_01_M_straight_med_edge_R.uexp" 4499
"D:/Desktop/Jam/game-jam/Content/Fantastic_Dungeon_Pack/blueprints/modular/comps/wall/PivotMiddle/BP_COMP_Wall_01_M_straight_med_edge_R.uasset" 4500
"D:/Desktop/Jam/game-jam/Content/Fantastic_Dungeon_Pack/blueprints/modular/comps/wall/PivotMiddle/BP_COMP_Wall_01_M_straight_med_edge_R.uexp" 4501
"D:/Desktop/Jam/game-jam/Content/Fantastic_Dungeon_Pack/meshes/modular/wall/pivotEdge/MOD_Wall_01_E_straight_small_edge_L.ubulk" 4502
"D:/Desktop/Jam/game-jam/Content/Fantastic_Dungeon_Pack/meshes/modular/wall/pivotEdge/MOD_Wall_01_E_straight_small_edge_L.uasset" 4503
"D:/Desktop/Jam/game-jam/Content/Fantastic_Dungeon_Pack/meshes/modular/wall/pivotEdge/MOD_Wall_01_E_straight_small_edge_L.uexp" 4504
"D:/Desktop/Jam/game-jam/Content/Fantastic_Dungeon_Pack/meshes/modular/trim/wallTrim/pivotEdge/MOD_WallTrim_01_E_straight_edge_L.ubulk" 4505
"D:/Desktop/Jam/game-jam/Content/Fantastic_Dungeon_Pack/meshes/modular/trim/wallTrim/pivotEdge/MOD_WallTrim_01_E_straight_edge_L.uasset" 4506
"D:/Desktop/Jam/game-jam/Content/Fantastic_Dungeon_Pack/meshes/modular/trim/wallTrim/pivotEdge/MOD_WallTrim_01_E_straight_edge_L.uexp" 4507
"D:/Desktop/Jam/game-jam/Content/Fantastic_Dungeon_Pack/meshes/modular/trim/wallCover/pivotEdge/MOD_WallCover_01_E_straight_edge_L.ubulk" 4508
"D:/Desktop/Jam/game-jam/Content/Fantastic_Dungeon_Pack/meshes/modular/trim/wallCover/pivotEdge/MOD_WallCover_01_E_straight_edge_L.uasset" 4509
"D:/Desktop/Jam/game-jam/Content/Fantastic_Dungeon_Pack/meshes/modular/trim/wallCover/pivotEdge/MOD_WallCover_01_E_straight_edge_L.uexp" 4510
"D:/Desktop/Jam/game-jam/Content/Fantastic_Dungeon_Pack/blueprints/modular/comps/wall/PivotEdge/BP_COMP_Wall_01_E_straight_small_edge_L.uasset" 4511
"D:/Desktop/Jam/game-jam/Content/Fantastic_Dungeon_Pack/blueprints/modular/comps/wall/PivotEdge/BP_COMP_Wall_01_E_straight_small_edge_L.uexp" 4512
"D:/Desktop/Jam/game-jam/Content/Fantastic_Dungeon_Pack/meshes/props/traps/SM_PROP_cage_dungeon_02.ubulk" 4513
"D:/Desktop/Jam/game-jam/Content/Fantastic_Dungeon_Pack/meshes/props/traps/SM_PROP_cage_dungeon_02.uasset" 4514
"D:/Desktop/Jam/game-jam/Content/Fantastic_Dungeon_Pack/meshes/props/traps/SM_PROP_cage_dungeon_02.uexp" 4515
"D:/Desktop/Jam/game-jam/Content/Fantastic_Dungeon_Pack/meshes/props/traps/SM_PROP_cage_door_dungeon_02.ubulk" 4516
"D:/Desktop/Jam/game-jam/Content/Fantastic_Dungeon_Pack/meshes/props/traps/SM_PROP_cage_door_dungeon_02.uasset" 4517
"D:/Desktop/Jam/game-jam/Content/Fantastic_Dungeon_Pack/meshes/props/traps/SM_PROP_cage_door_dungeon_02.uexp" 4518
"D:/Desktop/Jam/game-jam/Content/Fantastic_Dungeon_Pack/blueprints/props/BP_PROP_cage_dungeon_02.uasset" 4519
"D:/Desktop/Jam/game-jam/Content/Fantastic_Dungeon_Pack/blueprints/props/BP_PROP_cage_dungeon_02.uexp" 4520
"D:/Desktop/Jam/game-jam/Content/Fantastic_Dungeon_Pack/meshes/props/small_deco/SM_PROP_scroll_dungeon_05.ubulk" 4521
"D:/Desktop/Jam/game-jam/Content/Fantastic_Dungeon_Pack/meshes/props/small_deco/SM_PROP_scroll_dungeon_05.uasset" 4522
"D:/Desktop/Jam/game-jam/Content/Fantastic_Dungeon_Pack/meshes/props/small_deco/SM_PROP_scroll_dungeon_05.uexp" 4523
"D:/Desktop/Jam/game-jam/Content/Fantastic_Dungeon_Pack/meshes/props/environment/SM_PROP_dirtpile_dungeon_02.ubulk" 4524
"D:/Desktop/Jam/game-jam/Content/Fantastic_Dungeon_Pack/meshes/props/environment/SM_PROP_dirtpile_dungeon_02.uasset" 4525
"D:/Desktop/Jam/game-jam/Content/Fantastic_Dungeon_Pack/meshes/props/environment/SM_PROP_dirtpile_dungeon_02.uexp" 4526
"D:/Desktop/Jam/game-jam/Content/Fantastic_Dungeon_Pack/meshes/modular/floor/oneSided/MOD_Floor_01_O_convex_med.ubulk" 4527
"D:/Desktop/Jam/game-jam/Content/Fantastic_Dungeon_Pack/meshes/modular/floor/oneSided/MOD_Floor_01_O_convex_med.uasset" 4528
"D:/Desktop/Jam/game-jam/Content/Fantastic_Dungeon_Pack/meshes/modular/floor/oneSided/MOD_Floor_01_O_convex_med.uexp" 4529
"D:/Desktop/Jam/game-jam/Content/Fantastic_Dungeon_Pack/meshes/modular/railing/MOD_Railing_01_convex.ubulk" 4530
"D:/Desktop/Jam/game-jam/Content/Fantastic_Dungeon_Pack/meshes/modular/railing/MOD_Railing_01_convex.uasset" 4531
"D:/Desktop/Jam/game-jam/Content/Fantastic_Dungeon_Pack/meshes/modular/railing/MOD_Railing_01_convex.uexp" 4532
"D:/Desktop/Jam/game-jam/Content/Fantastic_Dungeon_Pack/blueprints/modular/level_modules/01/OneSided/Railing/basic/BP_LVL_01_O_rail_concave_SE.uasset" 4533
"D:/Desktop/Jam/game-jam/Content/Fantastic_Dungeon_Pack/blueprints/modular/level_modules/01/OneSided/Railing/basic/BP_LVL_01_O_rail_concave_SE.uexp" 4534
"D:/Desktop/Jam/game-jam/Content/Fantastic_Dungeon_Pack/meshes/props/light/SM_PROP_lamp_wall_dungeon_01.ubulk" 4535
"D:/Desktop/Jam/game-jam/Content/Fantastic_Dungeon_Pack/meshes/props/light/SM_PROP_lamp_wall_dungeon_01.uasset" 4536
"D:/Desktop/Jam/game-jam/Content/Fantastic_Dungeon_Pack/meshes/props/light/SM_PROP_lamp_wall_dungeon_01.uexp" 4537
"D:/Desktop/Jam/game-jam/Content/Fantastic_Dungeon_Pack/meshes/props/container/SM_PROP_pot_dungeon_08.ubulk" 4538
"D:/Desktop/Jam/game-jam/Content/Fantastic_Dungeon_Pack/meshes/props/container/SM_PROP_pot_dungeon_08.uasset" 4539
"D:/Desktop/Jam/game-jam/Content/Fantastic_Dungeon_Pack/meshes/props/container/SM_PROP_pot_dungeon_08.uexp" 4540
"D:/Desktop/Jam/game-jam/Content/Fantastic_Dungeon_Pack/meshes/props/traps/SM_PROP_chain_dungeon_06.ubulk" 4541
"D:/Desktop/Jam/game-jam/Content/Fantastic_Dungeon_Pack/meshes/props/traps/SM_PROP_chain_dungeon_06.uasset" 4542
"D:/Desktop/Jam/game-jam/Content/Fantastic_Dungeon_Pack/meshes/props/traps/SM_PROP_chain_dungeon_06.uexp" 4543
"D:/Desktop/Jam/game-jam/Content/Fantastic_Dungeon_Pack/blueprints/props/BP_PROP_chain_dungeon_04.uasset" 4544
"D:/Desktop/Jam/game-jam/Content/Fantastic_Dungeon_Pack/blueprints/props/BP_PROP_chain_dungeon_04.uexp" 4545
"D:/Desktop/Jam/game-jam/Content/Fantastic_Dungeon_Pack/meshes/props/container/SM_PROP_barrel_dungeon_02.ubulk" 4546
"D:/Desktop/Jam/game-jam/Content/Fantastic_Dungeon_Pack/meshes/props/container/SM_PROP_barrel_dungeon_02.uasset" 4547
"D:/Desktop/Jam/game-jam/Content/Fantastic_Dungeon_Pack/meshes/props/container/SM_PROP_barrel_dungeon_02.uexp" 4548
"D:/Desktop/Jam/game-jam/Content/Fantastic_Dungeon_Pack/blueprints/props/BP_PROP_barrel_dungeon_01.uasset" 4549
"D:/Desktop/Jam/game-jam/Content/Fantastic_Dungeon_Pack/blueprints/props/BP_PROP_barrel_dungeon_01.uexp" 4550
"D:/Desktop/Jam/game-jam/Content/Fantastic_Dungeon_Pack/meshes/props/container/SM_PROP_cup_dungeon_02.ubulk" 4551
"D:/Desktop/Jam/game-jam/Content/Fantastic_Dungeon_Pack/meshes/props/container/SM_PROP_cup_dungeon_02.uasset" 4552
"D:/Desktop/Jam/game-jam/Content/Fantastic_Dungeon_Pack/meshes/props/container/SM_PROP_cup_dungeon_02.uexp" 4553
"D:/Desktop/Jam/game-jam/Content/Fantastic_Dungeon_Pack/meshes/props/container/SM_PROP_box_dungeon_07.ubulk" 4554
"D:/Desktop/Jam/game-jam/Content/Fantastic_Dungeon_Pack/meshes/props/container/SM_PROP_box_dungeon_07.uasset" 4555
"D:/Desktop/Jam/game-jam/Content/Fantastic_Dungeon_Pack/meshes/props/container/SM_PROP_box_dungeon_07.uexp" 4556
"D:/Desktop/Jam/game-jam/Content/Fantastic_Dungeon_Pack/blueprints/props/BP_PROP_bookshelf_dungeon_03.uasset" 4557
"D:/Desktop/Jam/game-jam/Content/Fantastic_Dungeon_Pack/blueprints/props/BP_PROP_bookshelf_dungeon_03.uexp" 4558
"D:/Desktop/Jam/game-jam/Content/Fantastic_Dungeon_Pack/blueprints/props/BP_PROP_bookshelf_dungeon_06.uasset" 4559
"D:/Desktop/Jam/game-jam/Content/Fantastic_Dungeon_Pack/blueprints/props/BP_PROP_bookshelf_dungeon_06.uexp" 4560
"D:/Desktop/Jam/game-jam/Content/Fantastic_Dungeon_Pack/meshes/props/container/SM_PROP_box_dungeon_05.ubulk" 4561
"D:/Desktop/Jam/game-jam/Content/Fantastic_Dungeon_Pack/meshes/props/container/SM_PROP_box_dungeon_05.uasset" 4562
"D:/Desktop/Jam/game-jam/Content/Fantastic_Dungeon_Pack/meshes/props/container/SM_PROP_box_dungeon_05.uexp" 4563
"D:/Desktop/Jam/game-jam/Content/Fantastic_Dungeon_Pack/meshes/modular/wall/pivotEdge/MOD_Wall_01_E_straight_large.ubulk" 4564
"D:/Desktop/Jam/game-jam/Content/Fantastic_Dungeon_Pack/meshes/modular/wall/pivotEdge/MOD_Wall_01_E_straight_large.uasset" 4565
"D:/Desktop/Jam/game-jam/Content/Fantastic_Dungeon_Pack/meshes/modular/wall/pivotEdge/MOD_Wall_01_E_straight_large.uexp" 4566
"D:/Desktop/Jam/game-jam/Content/Fantastic_Dungeon_Pack/blueprints/modular/comps/wall/PivotEdge/BP_COMP_Wall_01_E_straight_large.uasset" 4567
"D:/Desktop/Jam/game-jam/Content/Fantastic_Dungeon_Pack/blueprints/modular/comps/wall/PivotEdge/BP_COMP_Wall_01_E_straight_large.uexp" 4568
"D:/Desktop/Jam/game-jam/Content/Fantastic_Dungeon_Pack/meshes/props/environment/SM_PROP_debris_stones_dungeon_02.ubulk" 4569
"D:/Desktop/Jam/game-jam/Content/Fantastic_Dungeon_Pack/meshes/props/environment/SM_PROP_debris_stones_dungeon_02.uasset" 4570
"D:/Desktop/Jam/game-jam/Content/Fantastic_Dungeon_Pack/meshes/props/environment/SM_PROP_debris_stones_dungeon_02.uexp" 4571
"D:/Desktop/Jam/game-jam/Content/Fantastic_Dungeon_Pack/meshes/modular/wall/oneSided/MOD_Wall_01_O_straight_large.ubulk" 4572
"D:/Desktop/Jam/game-jam/Content/Fantastic_Dungeon_Pack/meshes/modular/wall/oneSided/MOD_Wall_01_O_straight_large.uasset" 4573
"D:/Desktop/Jam/game-jam/Content/Fantastic_Dungeon_Pack/meshes/modular/wall/oneSided/MOD_Wall_01_O_straight_large.uexp" 4574
"D:/Desktop/Jam/game-jam/Content/Fantastic_Dungeon_Pack/meshes/modular/column/MOD_Column_01_large.ubulk" 4575
"D:/Desktop/Jam/game-jam/Content/Fantastic_Dungeon_Pack/meshes/modular/column/MOD_Column_01_large.uasset" 4576
"D:/Desktop/Jam/game-jam/Content/Fantastic_Dungeon_Pack/meshes/modular/column/MOD_Column_01_large.uexp" 4577
"D:/Desktop/Jam/game-jam/Content/Fantastic_Dungeon_Pack/blueprints/modular/comps/column/BP_COMP_Column_01_large.uasset" 4578
"D:/Desktop/Jam/game-jam/Content/Fantastic_Dungeon_Pack/blueprints/modular/comps/column/BP_COMP_Column_01_large.uexp" 4579
"D:/Desktop/Jam/game-jam/Content/Fantastic_Dungeon_Pack/meshes/modular/column/MOD_Column_01_large_2.ubulk" 4580
"D:/Desktop/Jam/game-jam/Content/Fantastic_Dungeon_Pack/meshes/modular/column/MOD_Column_01_large_2.uasset" 4581
"D:/Desktop/Jam/game-jam/Content/Fantastic_Dungeon_Pack/meshes/modular/column/MOD_Column_01_large_2.uexp" 4582
"D:/Desktop/Jam/game-jam/Content/Fantastic_Dungeon_Pack/blueprints/modular/comps/column/BP_COMP_Column_01_large_2.uasset" 4583
"D:/Desktop/Jam/game-jam/Content/Fantastic_Dungeon_Pack/blueprints/modular/comps/column/BP_COMP_Column_01_large_2.uexp" 4584
"D:/Desktop/Jam/game-jam/Content/Fantastic_Dungeon_Pack/meshes/props/carts/SM_PROP_cart_barrel_dungeon.ubulk" 4585
"D:/Desktop/Jam/game-jam/Content/Fantastic_Dungeon_Pack/meshes/props/carts/SM_PROP_cart_barrel_dungeon.uasset" 4586
"D:/Desktop/Jam/game-jam/Content/Fantastic_Dungeon_Pack/meshes/props/carts/SM_PROP_cart_barrel_dungeon.uexp" 4587
"D:/Desktop/Jam/game-jam/Content/Fantastic_Dungeon_Pack/blueprints/props/BP_PROP_cart_barrel_dungeon.uasset" 4588
"D:/Desktop/Jam/game-jam/Content/Fantastic_Dungeon_Pack/blueprints/props/BP_PROP_cart_barrel_dungeon.uexp" 4589
"D:/Desktop/Jam/game-jam/Content/Fantastic_Dungeon_Pack/blueprints/props/BP_PROP_cookingpot_dungeon_01.uasset" 4590
"D:/Desktop/Jam/game-jam/Content/Fantastic_Dungeon_Pack/blueprints/props/BP_PROP_cookingpot_dungeon_01.uexp" 4591
"D:/Desktop/Jam/game-jam/Content/Fantastic_Dungeon_Pack/blueprints/modular/level_modules/01/OneSided/stairs/convex/BP_LVL_01_O_stairs_convex_FILL_5_2_half.uasset" 4592
"D:/Desktop/Jam/game-jam/Content/Fantastic_Dungeon_Pack/blueprints/modular/level_modules/01/OneSided/stairs/convex/BP_LVL_01_O_stairs_convex_FILL_5_2_half.uexp" 4593
"D:/Desktop/Jam/game-jam/Content/Fantastic_Dungeon_Pack/maps/map_dungeon_level_1_dungeon_BuiltData.ubulk" 4594
"D:/Desktop/Jam/game-jam/Content/Fantastic_Dungeon_Pack/maps/map_dungeon_level_1_dungeon_BuiltData.uasset" 4595
"D:/Desktop/Jam/game-jam/Content/Fantastic_Dungeon_Pack/maps/map_dungeon_level_1_dungeon_BuiltData.uexp" 4596
"D:/Desktop/Jam/game-jam/Content/Fantastic_Dungeon_Pack/meshes/props/light/SM_PROP_lamp_dungeon_02.ubulk" 4597
"D:/Desktop/Jam/game-jam/Content/Fantastic_Dungeon_Pack/meshes/props/light/SM_PROP_lamp_dungeon_02.uasset" 4598
"D:/Desktop/Jam/game-jam/Content/Fantastic_Dungeon_Pack/meshes/props/light/SM_PROP_lamp_dungeon_02.uexp" 4599
"D:/Desktop/Jam/game-jam/Content/Fantastic_Dungeon_Pack/meshes/props/traps/SM_PROP_trapdoor_dungeon_01.ubulk" 4600
"D:/Desktop/Jam/game-jam/Content/Fantastic_Dungeon_Pack/meshes/props/traps/SM_PROP_trapdoor_dungeon_01.uasset" 4601
"D:/Desktop/Jam/game-jam/Content/Fantastic_Dungeon_Pack/meshes/props/traps/SM_PROP_trapdoor_dungeon_01.uexp" 4602
"D:/Desktop/Jam/game-jam/Content/Fantastic_Dungeon_Pack/meshes/modular/floor/oneSided/MOD_Floor_01_O_straight_med_hole.ubulk" 4603
"D:/Desktop/Jam/game-jam/Content/Fantastic_Dungeon_Pack/meshes/modular/floor/oneSided/MOD_Floor_01_O_straight_med_hole.uasset" 4604
"D:/Desktop/Jam/game-jam/Content/Fantastic_Dungeon_Pack/meshes/modular/floor/oneSided/MOD_Floor_01_O_straight_med_hole.uexp" 4605
"D:/Desktop/Jam/game-jam/Content/Fantastic_Dungeon_Pack/meshes/modular/base/MOD_Base_01_straight_med_2_hole.ubulk" 4606
"D:/Desktop/Jam/game-jam/Content/Fantastic_Dungeon_Pack/meshes/modular/base/MOD_Base_01_straight_med_2_hole.uasset" 4607
"D:/Desktop/Jam/game-jam/Content/Fantastic_Dungeon_Pack/meshes/modular/base/MOD_Base_01_straight_med_2_hole.uexp" 4608
"D:/Desktop/Jam/game-jam/Content/Fantastic_Dungeon_Pack/meshes/props/traps/SM_PROP_trapdoor_door_dungeon_01.ubulk" 4609
"D:/Desktop/Jam/game-jam/Content/Fantastic_Dungeon_Pack/meshes/props/traps/SM_PROP_trapdoor_door_dungeon_01.uasset" 4610
"D:/Desktop/Jam/game-jam/Content/Fantastic_Dungeon_Pack/meshes/props/traps/SM_PROP_trapdoor_door_dungeon_01.uexp" 4611
"D:/Desktop/Jam/game-jam/Content/Fantastic_Dungeon_Pack/blueprints/modular/comps/floor/BP_COMP_Floor_01_O_trapdoor_med.uasset" 4612
"D:/Desktop/Jam/game-jam/Content/Fantastic_Dungeon_Pack/blueprints/modular/comps/floor/BP_COMP_Floor_01_O_trapdoor_med.uexp" 4613
"D:/Desktop/Jam/game-jam/Content/Fantastic_Dungeon_Pack/blueprints/modular/comps/wall/OneSided/BP_COMP_Wall_01_O_straight_small.uasset" 4614
"D:/Desktop/Jam/game-jam/Content/Fantastic_Dungeon_Pack/blueprints/modular/comps/wall/OneSided/BP_COMP_Wall_01_O_straight_small.uexp" 4615
"D:/Desktop/Jam/game-jam/Content/Fantastic_Dungeon_Pack/blueprints/props/BP_PROP_skeleton_dungeon_01.uasset" 4616
"D:/Desktop/Jam/game-jam/Content/Fantastic_Dungeon_Pack/blueprints/props/BP_PROP_skeleton_dungeon_01.uexp" 4617
"D:/Desktop/Jam/game-jam/Content/Fantastic_Dungeon_Pack/meshes/props/furniture/SM_PROP_ladder_dungeon_01.ubulk" 4618
"D:/Desktop/Jam/game-jam/Content/Fantastic_Dungeon_Pack/meshes/props/furniture/SM_PROP_ladder_dungeon_01.uasset" 4619
"D:/Desktop/Jam/game-jam/Content/Fantastic_Dungeon_Pack/meshes/props/furniture/SM_PROP_ladder_dungeon_01.uexp" 4620
"D:/Desktop/Jam/game-jam/Content/Fantastic_Dungeon_Pack/meshes/props/furniture/SM_PROP_stool_01_dungeon.ubulk" 4621
"D:/Desktop/Jam/game-jam/Content/Fantastic_Dungeon_Pack/meshes/props/furniture/SM_PROP_stool_01_dungeon.uasset" 4622
"D:/Desktop/Jam/game-jam/Content/Fantastic_Dungeon_Pack/meshes/props/furniture/SM_PROP_stool_01_dungeon.uexp" 4623
"D:/Desktop/Jam/game-jam/Content/Fantastic_Dungeon_Pack/meshes/props/light/SM_PROP_candle_dungeon_05.ubulk" 4624
"D:/Desktop/Jam/game-jam/Content/Fantastic_Dungeon_Pack/meshes/props/light/SM_PROP_candle_dungeon_05.uasset" 4625
"D:/Desktop/Jam/game-jam/Content/Fantastic_Dungeon_Pack/meshes/props/light/SM_PROP_candle_dungeon_05.uexp" 4626
"D:/Desktop/Jam/game-jam/Content/Fantastic_Dungeon_Pack/meshes/props/small_deco/SM_PROP_bottle_dungeon_14.ubulk" 4627
"D:/Desktop/Jam/game-jam/Content/Fantastic_Dungeon_Pack/meshes/props/small_deco/SM_PROP_bottle_dungeon_14.uasset" 4628
"D:/Desktop/Jam/game-jam/Content/Fantastic_Dungeon_Pack/meshes/props/small_deco/SM_PROP_bottle_dungeon_14.uexp" 4629
"D:/Desktop/Jam/game-jam/Content/Fantastic_Dungeon_Pack/meshes/props/small_deco/SM_PROP_bottle_dungeon_15.ubulk" 4630
"D:/Desktop/Jam/game-jam/Content/Fantastic_Dungeon_Pack/meshes/props/small_deco/SM_PROP_bottle_dungeon_15.uasset" 4631
"D:/Desktop/Jam/game-jam/Content/Fantastic_Dungeon_Pack/meshes/props/small_deco/SM_PROP_bottle_dungeon_15.uexp" 4632
"D:/Desktop/Jam/game-jam/Content/Fantastic_Dungeon_Pack/blueprints/props/BP_PROP_bookshelf_dungeon_02.uasset" 4633
"D:/Desktop/Jam/game-jam/Content/Fantastic_Dungeon_Pack/blueprints/props/BP_PROP_bookshelf_dungeon_02.uexp" 4634
"D:/Desktop/Jam/game-jam/Content/Fantastic_Dungeon_Pack/meshes/modular/wall/pivotMiddle/MOD_Wall_01_M_straight_large_half_R.ubulk" 4635
"D:/Desktop/Jam/game-jam/Content/Fantastic_Dungeon_Pack/meshes/modular/wall/pivotMiddle/MOD_Wall_01_M_straight_large_half_R.uasset" 4636
"D:/Desktop/Jam/game-jam/Content/Fantastic_Dungeon_Pack/meshes/modular/wall/pivotMiddle/MOD_Wall_01_M_straight_large_half_R.uexp" 4637
"D:/Desktop/Jam/game-jam/Content/Fantastic_Dungeon_Pack/blueprints/modular/comps/wall/PivotMiddle/BP_COMP_Wall_01_M_straight_large_half_R.uasset" 4638
"D:/Desktop/Jam/game-jam/Content/Fantastic_Dungeon_Pack/blueprints/modular/comps/wall/PivotMiddle/BP_COMP_Wall_01_M_straight_large_half_R.uexp" 4639
"D:/Desktop/Jam/game-jam/Content/Fantastic_Dungeon_Pack/meshes/props/traps/SM_PROP_lever_dungeon_02.ubulk" 4640
"D:/Desktop/Jam/game-jam/Content/Fantastic_Dungeon_Pack/meshes/props/traps/SM_PROP_lever_dungeon_02.uasset" 4641
"D:/Desktop/Jam/game-jam/Content/Fantastic_Dungeon_Pack/meshes/props/traps/SM_PROP_lever_dungeon_02.uexp" 4642
"D:/Desktop/Jam/game-jam/Content/Fantastic_Dungeon_Pack/meshes/props/traps/SM_PROP_lever_handle_dungeon_02.ubulk" 4643
"D:/Desktop/Jam/game-jam/Content/Fantastic_Dungeon_Pack/meshes/props/traps/SM_PROP_lever_handle_dungeon_02.uasset" 4644
"D:/Desktop/Jam/game-jam/Content/Fantastic_Dungeon_Pack/meshes/props/traps/SM_PROP_lever_handle_dungeon_02.uexp" 4645
"D:/Desktop/Jam/game-jam/Content/Fantastic_Dungeon_Pack/blueprints/props/BP_PROP_lever_dungeon_02.uasset" 4646
"D:/Desktop/Jam/game-jam/Content/Fantastic_Dungeon_Pack/blueprints/props/BP_PROP_lever_dungeon_02.uexp" 4647
"D:/Desktop/Jam/game-jam/Content/Fantastic_Dungeon_Pack/maps/map_dungeon_level_1_dungeon.uexp" 4648
"D:/Desktop/Jam/game-jam/Content/Fantastic_Dungeon_Pack/maps/map_dungeon_level_1_dungeon.umap" 4649
